21:00:07 INFO   POST /api/v1/fort 201 19ms
21:00:10 INFO   POST /api/v1/fort 201 35ms
21:00:16 DEBUG  render took 1ms
21:00:17 INFO   POST /api/v1/fort 201 18ms
21:00:18 INFO   GET /api/v1/fort 200 26ms
21:00:30 INFO   client connected
21:00:33 INFO   client connected
21:00:34 DEBUG  render took 8ms
21:00:36 INFO   GET /api/v1/fort 200 25ms
21:01:08 INFO   client connected
21:01:14 INFO   POST /api/v1/fort 201 39ms
21:01:15 INFO   GET /api/v1/fort 200 7ms
21:01:16 INFO   GET /api/v1/fort 200 10ms
21:01:23 DEBUG  render took 2ms
21:01:30 INFO   POST /api/v1/fort 201 12ms
21:01:42 INFO   GET /api/v1/fort 200 16ms
21:01:45 INFO   client connected
21:01:58 DEBUG  render took 8ms
21:01:59 INFO   POST /api/v1/fort 201 34ms
21:02:02 INFO   client connected
21:02:18 INFO   POST /api/v1/fort 201 9ms
21:02:20 INFO   client connected
21:02:22 DEBUG  render took 2ms
21:02:28 INFO   client connected
21:02:32 INFO   GET /api/v1/fort 200 9ms
21:02:35 DEBUG  render took 4ms
21:02:40 INFO   GET /api/v1/fort 200 38ms
21:02:40 DEBUG  render took 2ms
21:02:44 INFO   GET /api/v1/fort 200 31ms
21:02:45 INFO   GET /api/v1/fort 200 16ms
21:02:49 INFO   GET /api/v1/fort 200 10ms
21:02:49 INFO   POST /api/v1/fort 201 31ms
21:02:53 INFO   client connected
21:03:00 INFO   POST /api/v1/fort 201 37ms
21:03:05 INFO   GET /api/v1/fort 200 26ms
21:03:07 INFO   client connected
21:03:11 INFO   POST /api/v1/fort 201 16ms
21:03:12 INFO   client connected
21:03:16 INFO   client connected
21:03:17 DEBUG  render took 5ms
21:03:22 INFO   client connected
21:03:32 INFO   POST /api/v1/fort 201 39ms
21:03:42 INFO   client connected
21:03:55 DEBUG  render took 5ms
21:04:00 INFO   POST /api/v1/fort 201 21ms
21:04:05 INFO   GET /api/v1/fort 200 14ms
21:04:07 DEBUG  render took 8ms
21:04:09 DEBUG  render took 5ms
21:04:19 INFO   GET /api/v1/fort 200 6ms
21:04:21 INFO   POST /api/v1/fort 201 37ms
21:04:38 DEBUG  render took 8ms
21:04:47 INFO   client connected
21:04:50 INFO   GET /api/v1/fort 200 24ms
21:05:02 INFO   client connected
21:05:09 INFO   POST /api/v1/fort 201 31ms
21:05:20 INFO   POST /api/v1/fort 201 25ms
21:05:27 DEBUG  render took 1ms
21:05:39 INFO   POST /api/v1/fort 201 39ms
21:05:42 DEBUG  render took 4ms
21:05:44 INFO   POST /api/v1/fort 201 15ms
21:05:47 INFO   client connected
21:05:50 INFO   GET /api/v1/fort 200 40ms
21:05:50 INFO   GET /api/v1/fort 200 39ms
21:05:50 INFO   client connected
21:05:54 INFO   POST /api/v1/fort 201 28ms
21:05:56 INFO   client connected
21:06:11 DEBUG  render took 2ms
21:06:17 INFO   client connected
21:06:20 DEBUG  render took 9ms
21:06:22 INFO   GET /api/v1/fort 200 32ms
21:06:28 INFO   POST /api/v1/fort 201 19ms
21:06:49 INFO   POST /api/v1/fort 201 29ms
21:07:12 INFO   GET /api/v1/fort 200 7ms
21:07:17 DEBUG  render took 6ms
21:07:26 INFO   client connected
21:07:29 INFO   POST /api/v1/fort 201 13ms
21:07:31 INFO   GET /api/v1/fort 200 26ms
21:07:33 INFO   GET /api/v1/fort 200 34ms
21:07:40 INFO   POST /api/v1/fort 201 36ms
21:07:52 INFO   POST /api/v1/fort 201 30ms
21:07:54 INFO   client connected
21:07:57 INFO   POST /api/v1/fort 201 28ms
21:08:02 INFO   client connected
21:08:09 INFO   GET /api/v1/fort 200 38ms
21:08:12 INFO   POST /api/v1/fort 201 34ms
21:08:17 INFO   GET /api/v1/fort 200 32ms
21:08:18 DEBUG  render took 5ms
21:08:48 INFO   client connected
21:08:48 DEBUG  render took 4ms
21:08:51 INFO   GET /api/v1/fort 200 35ms
21:08:52 INFO   GET /api/v1/fort 200 37ms
21:08:55 DEBUG  render took 9ms
21:09:23 INFO   GET /api/v1/fort 200 19ms
21:09:30 INFO   GET /api/v1/fort 200 22ms
21:09:35 INFO   GET /api/v1/fort 200 35ms
21:09:37 DEBUG  render took 1ms
21:09:44 INFO   POST /api/v1/fort 201 17ms
21:09:44 INFO   GET /api/v1/fort 200 32ms
21:09:46 INFO   client connected
21:09:51 INFO   POST /api/v1/fort 201 34ms
21:09:58 INFO   client connected
21:10:15 INFO   POST /api/v1/fort 201 13ms
21:10:22 DEBUG  render took 8ms
21:10:27 INFO   POST /api/v1/fort 201 17ms
21:10:30 INFO   POST /api/v1/fort 201 25ms
21:10:34 DEBUG  render took 7ms
21:10:35 INFO   GET /api/v1/fort 200 36ms
21:10:39 INFO   POST /api/v1/fort 201 15ms
21:10:47 INFO   client connected
21:11:02 INFO   client connected
21:11:20 INFO   POST /api/v1/fort 201 7ms
21:11:31 INFO   GET /api/v1/fort 200 17ms
21:11:32 INFO   GET /api/v1/fort 200 36ms
21:11:36 INFO   POST /api/v1/fort 201 35ms
21:11:44 INFO   POST /api/v1/fort 201 19ms
21:11:51 INFO   POST /api/v1/fort 201 11ms
21:12:00 INFO   client connected
21:12:11 DEBUG  render took 7ms
21:12:16 INFO   POST /api/v1/fort 201 31ms
21:12:27 INFO   POST /api/v1/fort 201 19ms
21:12:30 INFO   client connected
21:12:36 DEBUG  render took 9ms
21:12:38 INFO   POST /api/v1/fort 201 23ms
21:12:39 DEBUG  render took 3ms
21:12:41 DEBUG  render took 9ms
21:12:46 INFO   POST /api/v1/fort 201 10ms
21:12:50 INFO   POST /api/v1/fort 201 36ms
21:12:54 DEBUG  render took 2ms
21:12:58 INFO   client connected
21:12:59 INFO   POST /api/v1/fort 201 21ms
21:13:05 DEBUG  render took 5ms
21:13:10 DEBUG  render took 9ms
21:13:10 INFO   GET /api/v1/fort 200 8ms
21:13:13 DEBUG  render took 2ms
21:13:19 INFO   GET /api/v1/fort 200 40ms
21:13:20 INFO   client connected
21:13:21 INFO   client connected
21:13:25 INFO   POST /api/v1/fort 201 10ms
21:13:27 INFO   GET /api/v1/fort 200 23ms
21:13:36 INFO   GET /api/v1/fort 200 18ms
21:13:39 INFO   POST /api/v1/fort 201 33ms
21:13:59 INFO   POST /api/v1/fort 201 36ms
21:14:26 DEBUG  render took 8ms
21:14:27 DEBUG  render took 6ms
21:14:33 INFO   client connected
21:14:37 INFO   POST /api/v1/fort 201 23ms
21:14:44 INFO   POST /api/v1/fort 201 32ms
21:14:53 INFO   client connected
21:14:54 INFO   client connected
21:14:59 INFO   GET /api/v1/fort 200 23ms
21:15:22 INFO   client connected
21:15:25 DEBUG  render took 9ms
21:15:31 DEBUG  render took 9ms
21:15:44 INFO   POST /api/v1/fort 201 39ms
21:15:49 DEBUG  render took 3ms
21:16:04 DEBUG  render took 1ms
21:16:13 INFO   POST /api/v1/fort 201 40ms
21:16:14 DEBUG  render took 5ms
21:16:15 INFO   GET /api/v1/fort 200 25ms
21:16:17 INFO   client connected
21:16:19 INFO   GET /api/v1/fort 200 15ms
21:16:24 DEBUG  render took 5ms
21:16:27 INFO   GET /api/v1/fort 200 27ms
21:16:34 DEBUG  render took 1ms
21:16:36 INFO   POST /api/v1/fort 201 14ms
21:16:44 INFO   client connected
21:16:44 INFO   client connected
21:16:54 INFO   client connected
21:17:02 INFO   POST /api/v1/fort 201 36ms
21:17:15 INFO   client connected
21:17:30 INFO   GET /api/v1/fort 200 21ms
21:17:31 INFO   client connected
21:17:48 INFO   client connected
21:17:58 INFO   client connected
21:18:03 INFO   POST /api/v1/fort 201 9ms
21:18:06 INFO   GET /api/v1/fort 200 6ms
21:18:07 INFO   client connected
21:18:09 DEBUG  render took 5ms
21:18:10 INFO   client connected
21:18:21 INFO   client connected
21:18:22 INFO   POST /api/v1/fort 201 40ms
21:18:24 INFO   GET /api/v1/fort 200 7ms
21:18:28 INFO   GET /api/v1/fort 200 13ms
21:18:30 INFO   client connected
21:18:44 INFO   GET /api/v1/fort 200 19ms
21:18:47 INFO   GET /api/v1/fort 200 12ms
21:18:47 INFO   GET /api/v1/fort 200 24ms
21:18:49 INFO   GET /api/v1/fort 200 33ms
21:18:53 INFO   client connected
21:18:54 INFO   POST /api/v1/fort 201 12ms
21:18:54 INFO   client connected
21:19:05 INFO   client connected
21:19:08 INFO   GET /api/v1/fort 200 29ms
21:19:21 INFO   POST /api/v1/fort 201 12ms
21:19:27 INFO   POST /api/v1/fort 201 26ms
21:19:28 INFO   POST /api/v1/fort 201 18ms
21:19:30 INFO   GET /api/v1/fort 200 21ms
21:19:30 INFO   client connected
21:19:31 INFO   GET /api/v1/fort 200 30ms
21:19:37 INFO   GET /api/v1/fort 200 18ms
21:19:45 DEBUG  render took 1ms
21:19:49 INFO   POST /api/v1/fort 201 14ms
21:19:53 INFO   client connected
21:19:54 INFO   client connected
21:19:59 INFO   GET /api/v1/fort 200 10ms
21:20:07 INFO   client connected
21:20:12 INFO   client connected
21:20:17 INFO   GET /api/v1/fort 200 34ms
21:20:18 INFO   GET /api/v1/fort 200 18ms
21:20:26 INFO   GET /api/v1/fort 200 15ms
21:20:32 INFO   POST /api/v1/fort 201 23ms
21:20:35 INFO   client connected
21:20:45 DEBUG  render took 3ms
21:20:50 DEBUG  render took 8ms
21:20:55 INFO   client connected
21:20:55 INFO   POST /api/v1/fort 201 16ms
21:20:55 DEBUG  render took 7ms
21:20:59 DEBUG  render took 7ms
21:21:08 INFO   GET /api/v1/fort 200 25ms
21:21:13 DEBUG  render took 3ms
21:21:21 INFO   GET /api/v1/fort 200 26ms
21:21:34 INFO   client connected
21:21:35 INFO   client connected
21:21:36 INFO   GET /api/v1/fort 200 8ms
21:21:38 INFO   POST /api/v1/fort 201 15ms
21:21:39 INFO   client connected
21:21:53 INFO   client connected
21:21:56 INFO   GET /api/v1/fort 200 29ms
21:22:01 INFO   client connected
21:22:02 INFO   client connected
21:22:47 DEBUG  render took 6ms
21:22:50 INFO   GET /api/v1/fort 200 15ms
21:22:52 DEBUG  render took 3ms
21:22:57 DEBUG  render took 7ms
21:22:58 INFO   GET /api/v1/fort 200 23ms
21:23:11 INFO   POST /api/v1/fort 201 30ms
21:23:11 INFO   GET /api/v1/fort 200 20ms
21:23:18 INFO   client connected
21:23:30 DEBUG  render took 6ms
21:23:32 INFO   client connected
21:23:36 INFO   POST /api/v1/fort 201 25ms
21:23:39 INFO   GET /api/v1/fort 200 27ms
21:23:48 INFO   GET /api/v1/fort 200 20ms
21:23:55 INFO   client connected
21:24:05 DEBUG  render took 7ms
21:24:12 INFO   client connected
21:24:20 INFO   GET /api/v1/fort 200 24ms
21:24:22 INFO   client connected
21:24:37 INFO   POST /api/v1/fort 201 16ms
21:24:49 INFO   GET /api/v1/fort 200 17ms
21:24:53 INFO   POST /api/v1/fort 201 37ms
21:24:54 INFO   client connected
21:24:57 INFO   GET /api/v1/fort 200 6ms
21:25:01 INFO   GET /api/v1/fort 200 39ms
21:25:14 INFO   GET /api/v1/fort 200 35ms
21:25:19 DEBUG  render took 7ms
21:25:22 DEBUG  render took 1ms
21:25:35 INFO   POST /api/v1/fort 201 33ms
21:25:40 INFO   POST /api/v1/fort 201 26ms
21:25:45 DEBUG  render took 3ms
21:25:46 INFO   GET /api/v1/fort 200 30ms
21:25:47 DEBUG  render took 9ms
21:25:47 INFO   client connected
21:25:53 DEBUG  render took 3ms
21:25:55 INFO   GET /api/v1/fort 200 27ms
21:25:56 INFO   POST /api/v1/fort 201 22ms
21:26:02 INFO   GET /api/v1/fort 200 40ms
21:26:11 INFO   POST /api/v1/fort 201 12ms
21:26:34 DEBUG  render took 4ms
21:26:46 INFO   GET /api/v1/fort 200 8ms
21:26:47 DEBUG  render took 3ms
21:26:50 INFO   client connected
21:27:04 INFO   client connected
21:27:08 DEBUG  render took 4ms
21:27:15 DEBUG  render took 8ms
21:27:50 INFO   client connected
21:28:00 INFO   POST /api/v1/fort 201 12ms
21:28:00 DEBUG  render took 7ms
21:28:00 DEBUG  render took 4ms
21:28:03 INFO   POST /api/v1/fort 201 39ms
21:28:05 INFO   client connected
21:28:11 INFO   POST /api/v1/fort 201 12ms
21:28:13 INFO   client connected
21:28:34 INFO   POST /api/v1/fort 201 30ms
21:28:50 INFO   client connected
21:28:53 INFO   client connected
21:28:54 DEBUG  render took 6ms
21:28:56 INFO   client connected
21:28:58 DEBUG  render took 8ms
21:29:01 INFO   POST /api/v1/fort 201 18ms
21:29:03 INFO   client connected
21:29:09 DEBUG  render took 9ms
21:29:16 INFO   GET /api/v1/fort 200 29ms
21:29:27 DEBUG  render took 8ms
21:29:35 INFO   client connected
21:29:50 INFO   client connected
21:29:53 INFO   POST /api/v1/fort 201 26ms
21:29:54 INFO   client connected
21:29:58 INFO   GET /api/v1/fort 200 39ms
21:30:13 INFO   POST /api/v1/fort 201 14ms
21:30:20 INFO   GET /api/v1/fort 200 34ms
21:30:23 INFO   GET /api/v1/fort 200 6ms
21:30:29 INFO   POST /api/v1/fort 201 18ms
21:30:29 DEBUG  render took 6ms
21:30:36 INFO   client connected
21:30:39 INFO   POST /api/v1/fort 201 22ms
21:30:41 INFO   client connected
21:30:43 INFO   GET /api/v1/fort 200 26ms
21:30:45 DEBUG  render took 1ms
21:30:46 INFO   client connected
21:30:49 INFO   POST /api/v1/fort 201 27ms
21:30:49 INFO   POST /api/v1/fort 201 14ms
21:30:49 DEBUG  render took 2ms
21:30:49 INFO   client connected
21:31:17 INFO   GET /api/v1/fort 200 40ms
21:31:18 INFO   POST /api/v1/fort 201 20ms
21:31:19 INFO   GET /api/v1/fort 200 30ms
21:31:36 INFO   client connected
21:31:54 INFO   GET /api/v1/fort 200 16ms
21:32:06 DEBUG  render took 3ms
21:32:07 INFO   GET /api/v1/fort 200 37ms
21:32:13 INFO   GET /api/v1/fort 200 7ms
21:32:20 INFO   POST /api/v1/fort 201 13ms
21:32:21 INFO   GET /api/v1/fort 200 22ms
21:32:23 INFO   client connected
21:32:26 INFO   client connected
21:32:55 INFO   client connected
21:33:12 INFO   POST /api/v1/fort 201 7ms
21:33:12 INFO   client connected
21:33:15 DEBUG  render took 3ms
21:33:19 INFO   POST /api/v1/fort 201 28ms
21:33:21 INFO   POST /api/v1/fort 201 10ms
21:33:28 INFO   POST /api/v1/fort 201 26ms
21:33:29 INFO   GET /api/v1/fort 200 16ms
21:33:30 INFO   GET /api/v1/fort 200 18ms
21:33:41 INFO   POST /api/v1/fort 201 36ms
21:33:53 DEBUG  render took 1ms
21:34:00 DEBUG  render took 8ms
21:34:01 DEBUG  render took 4ms
21:34:12 DEBUG  render took 9ms
21:34:16 INFO   client connected
21:34:37 INFO   GET /api/v1/fort 200 22ms
21:34:45 INFO   POST /api/v1/fort 201 37ms
21:34:52 INFO   client connected
21:35:01 INFO   client connected
21:35:02 INFO   client connected
21:35:04 INFO   client connected
21:35:09 INFO   client connected
21:35:13 INFO   client connected
21:35:16 INFO   POST /api/v1/fort 201 27ms
21:35:16 INFO   client connected
21:35:18 INFO   client connected
21:35:31 INFO   GET /api/v1/fort 200 20ms
21:35:35 INFO   client connected
21:35:42 INFO   GET /api/v1/fort 200 17ms
21:35:45 INFO   client connected
21:35:46 INFO   POST /api/v1/fort 201 8ms
21:35:58 INFO   client connected
21:36:05 DEBUG  render took 7ms
21:36:16 DEBUG  render took 6ms
21:36:30 INFO   POST /api/v1/fort 201 7ms
21:36:34 INFO   POST /api/v1/fort 201 27ms
21:36:35 DEBUG  render took 8ms
21:36:40 INFO   POST /api/v1/fort 201 7ms
21:36:42 INFO   GET /api/v1/fort 200 40ms
21:36:44 INFO   POST /api/v1/fort 201 27ms
21:36:50 INFO   client connected
21:37:07 INFO   client connected
21:37:08 DEBUG  render took 3ms
21:37:10 INFO   GET /api/v1/fort 200 15ms
21:37:17 INFO   POST /api/v1/fort 201 28ms
21:37:18 INFO   GET /api/v1/fort 200 40ms
21:37:20 DEBUG  render took 9ms
21:37:29 DEBUG  render took 7ms
21:37:51 INFO   client connected
21:38:08 DEBUG  render took 6ms
21:38:09 DEBUG  render took 5ms
21:38:34 DEBUG  render took 4ms
21:38:41 INFO   client connected
21:38:45 INFO   client connected
21:38:48 INFO   client connected
21:38:50 DEBUG  render took 3ms
21:38:53 DEBUG  render took 6ms
21:38:57 INFO   client connected
21:39:04 INFO   client connected
21:39:20 INFO   POST /api/v1/fort 201 39ms
21:39:32 INFO   POST /api/v1/fort 201 27ms
21:39:41 INFO   client connected
21:39:59 INFO   POST /api/v1/fort 201 27ms
21:40:22 INFO   POST /api/v1/fort 201 19ms
21:40:29 INFO   client connected
21:40:31 INFO   GET /api/v1/fort 200 14ms
21:40:36 DEBUG  render took 7ms
21:40:37 INFO   POST /api/v1/fort 201 20ms
21:40:53 INFO   POST /api/v1/fort 201 14ms
21:41:05 INFO   client connected
21:41:05 INFO   client connected
21:41:29 INFO   GET /api/v1/fort 200 25ms
21:41:32 INFO   client connected
21:41:39 INFO   client connected
21:41:40 INFO   client connected
21:41:46 DEBUG  render took 6ms
21:41:48 DEBUG  render took 9ms
21:42:05 DEBUG  render took 8ms
21:42:08 INFO   client connected
21:42:08 INFO   GET /api/v1/fort 200 29ms
21:42:14 INFO   GET /api/v1/fort 200 15ms
21:42:17 INFO   client connected
21:42:19 INFO   GET /api/v1/fort 200 25ms
21:42:22 INFO   client connected
21:42:24 INFO   client connected
21:42:28 INFO   POST /api/v1/fort 201 9ms
21:42:31 INFO   POST /api/v1/fort 201 11ms
21:42:32 INFO   GET /api/v1/fort 200 7ms
21:42:34 INFO   POST /api/v1/fort 201 40ms
21:42:42 DEBUG  render took 9ms
21:42:57 INFO   GET /api/v1/fort 200 38ms
21:42:59 DEBUG  render took 1ms
21:42:59 INFO   client connected
21:43:00 DEBUG  render took 3ms
21:43:09 INFO   GET /api/v1/fort 200 38ms
21:43:12 INFO   POST /api/v1/fort 201 23ms
21:43:33 INFO   GET /api/v1/fort 200 26ms
21:43:41 INFO   POST /api/v1/fort 201 13ms
21:43:48 INFO   client connected
21:43:51 INFO   POST /api/v1/fort 201 27ms
21:43:52 DEBUG  render took 5ms
21:43:55 INFO   POST /api/v1/fort 201 13ms
21:43:58 DEBUG  render took 1ms
21:44:02 INFO   POST /api/v1/fort 201 7ms
21:44:19 INFO   POST /api/v1/fort 201 40ms
21:44:28 DEBUG  render took 3ms
21:44:43 INFO   GET /api/v1/fort 200 19ms
21:44:59 INFO   POST /api/v1/fort 201 13ms
21:45:13 INFO   client connected
21:45:20 INFO   GET /api/v1/fort 200 32ms
21:45:23 INFO   GET /api/v1/fort 200 9ms
21:45:24 DEBUG  render took 6ms
21:45:26 INFO   POST /api/v1/fort 201 38ms
21:45:27 DEBUG  render took 7ms
21:45:37 INFO   client connected
21:45:50 INFO   GET /api/v1/fort 200 27ms
21:45:50 INFO   POST /api/v1/fort 201 23ms
21:45:51 DEBUG  render took 2ms
21:45:55 INFO   POST /api/v1/fort 201 7ms
21:45:56 DEBUG  render took 5ms
21:46:03 INFO   GET /api/v1/fort 200 25ms
21:46:06 DEBUG  render took 6ms
21:46:07 INFO   GET /api/v1/fort 200 23ms
21:46:11 INFO   client connected
21:46:15 INFO   GET /api/v1/fort 200 33ms
21:46:16 INFO   GET /api/v1/fort 200 6ms
21:46:20 INFO   POST /api/v1/fort 201 6ms
21:46:27 INFO   POST /api/v1/fort 201 25ms
21:46:32 DEBUG  render took 6ms
21:46:32 INFO   GET /api/v1/fort 200 23ms
21:46:41 INFO   POST /api/v1/fort 201 31ms
21:46:42 INFO   POST /api/v1/fort 201 18ms
21:46:46 DEBUG  render took 9ms
21:46:53 INFO   GET /api/v1/fort 200 21ms
21:46:58 INFO   POST /api/v1/fort 201 10ms
21:47:02 INFO   GET /api/v1/fort 200 17ms
21:47:03 INFO   client connected
21:47:28 INFO   POST /api/v1/fort 201 27ms
21:47:39 INFO   client connected
21:47:41 INFO   client connected
21:47:55 DEBUG  render took 8ms
21:47:59 INFO   GET /api/v1/fort 200 34ms
21:48:00 INFO   POST /api/v1/fort 201 19ms
21:48:06 INFO   client connected
21:48:06 INFO   client connected
21:48:06 INFO   GET /api/v1/fort 200 35ms
21:48:08 DEBUG  render took 3ms
21:48:10 DEBUG  render took 4ms
21:48:24 INFO   POST /api/v1/fort 201 18ms
21:48:27 INFO   client connected
21:48:27 INFO   POST /api/v1/fort 201 34ms
21:48:30 INFO   POST /api/v1/fort 201 18ms
21:48:32 INFO   client connected
21:48:54 DEBUG  render took 6ms
21:48:56 DEBUG  render took 1ms
21:49:01 INFO   POST /api/v1/fort 201 19ms
21:49:02 INFO   client connected
21:49:09 INFO   POST /api/v1/fort 201 18ms
21:49:12 DEBUG  render took 1ms
21:49:42 INFO   client connected
21:49:43 INFO   GET /api/v1/fort 200 38ms
21:49:46 INFO   POST /api/v1/fort 201 38ms
21:49:54 INFO   GET /api/v1/fort 200 8ms
21:50:00 DEBUG  render took 8ms
21:50:06 INFO   GET /api/v1/fort 200 35ms
21:50:11 INFO   client connected
21:50:11 INFO   POST /api/v1/fort 201 36ms
21:50:21 INFO   POST /api/v1/fort 201 12ms
21:50:25 DEBUG  render took 8ms
21:50:31 INFO   POST /api/v1/fort 201 34ms
21:50:34 DEBUG  render took 7ms
21:50:38 INFO   POST /api/v1/fort 201 39ms
21:50:45 INFO   client connected
21:50:47 INFO   client connected
21:51:01 INFO   client connected
21:51:13 DEBUG  render took 2ms
21:51:15 INFO   client connected
21:51:16 INFO   POST /api/v1/fort 201 18ms
21:51:18 DEBUG  render took 7ms
21:51:19 DEBUG  render took 6ms
21:51:21 INFO   GET /api/v1/fort 200 16ms
21:51:22 INFO   GET /api/v1/fort 200 12ms
21:51:25 DEBUG  render took 7ms
21:51:30 INFO   POST /api/v1/fort 201 25ms
21:51:34 INFO   client connected
21:51:42 INFO   client connected
21:51:44 INFO   client connected
21:51:44 INFO   GET /api/v1/fort 200 36ms
21:51:50 INFO   client connected
21:51:58 DEBUG  render took 9ms
21:52:03 INFO   POST /api/v1/fort 201 31ms
21:52:12 DEBUG  render took 9ms
21:52:15 INFO   POST /api/v1/fort 201 31ms
21:52:27 DEBUG  render took 9ms
21:52:27 INFO   client connected
21:52:33 INFO   GET /api/v1/fort 200 35ms
21:52:34 INFO   GET /api/v1/fort 200 39ms
21:52:35 DEBUG  render took 7ms
21:52:44 INFO   POST /api/v1/fort 201 33ms
21:52:46 INFO   POST /api/v1/fort 201 38ms
21:52:58 DEBUG  render took 9ms
21:53:01 INFO   client connected
21:53:06 INFO   GET /api/v1/fort 200 15ms
21:53:10 INFO   POST /api/v1/fort 201 28ms
21:53:13 INFO   POST /api/v1/fort 201 32ms
21:53:24 INFO   GET /api/v1/fort 200 16ms
21:53:27 INFO   POST /api/v1/fort 201 7ms
21:53:27 DEBUG  render took 8ms
21:53:29 INFO   GET /api/v1/fort 200 37ms
21:53:39 DEBUG  render took 3ms
21:53:50 INFO   POST /api/v1/fort 201 18ms
21:53:52 INFO   POST /api/v1/fort 201 11ms
21:53:56 INFO   POST /api/v1/fort 201 15ms
21:53:57 INFO   client connected
21:53:59 INFO   GET /api/v1/fort 200 6ms
21:54:04 DEBUG  render took 9ms
21:54:04 INFO   client connected
21:54:13 DEBUG  render took 4ms
21:54:14 INFO   GET /api/v1/fort 200 34ms
21:54:16 INFO   client connected
21:54:22 DEBUG  render took 9ms
21:54:23 INFO   client connected
21:54:29 DEBUG  render took 9ms
21:54:33 DEBUG  render took 5ms
21:54:34 INFO   GET /api/v1/fort 200 27ms
21:54:45 INFO   client connected
21:55:06 INFO   POST /api/v1/fort 201 10ms
21:55:13 INFO   POST /api/v1/fort 201 12ms
21:55:20 INFO   client connected
21:55:22 DEBUG  render took 3ms
21:55:22 INFO   client connected
21:55:26 INFO   GET /api/v1/fort 200 16ms
21:55:29 DEBUG  render took 4ms
21:55:32 INFO   POST /api/v1/fort 201 34ms
21:55:38 INFO   client connected
21:55:44 INFO   POST /api/v1/fort 201 34ms
21:55:44 DEBUG  render took 3ms
21:55:58 INFO   POST /api/v1/fort 201 39ms
21:56:01 DEBUG  render took 5ms
21:56:03 INFO   client connected
21:56:05 INFO   client connected
21:56:15 INFO   GET /api/v1/fort 200 33ms
21:56:25 DEBUG  render took 1ms
21:56:32 INFO   client connected
21:56:40 INFO   client connected
21:56:45 DEBUG  render took 5ms
21:56:46 INFO   POST /api/v1/fort 201 40ms
21:56:49 INFO   GET /api/v1/fort 200 33ms
21:56:50 INFO   GET /api/v1/fort 200 25ms
21:56:52 DEBUG  render took 3ms
21:56:59 INFO   GET /api/v1/fort 200 22ms
21:57:02 INFO   client connected
21:57:03 INFO   client connected
21:57:08 DEBUG  render took 5ms
21:57:12 INFO   GET /api/v1/fort 200 15ms
21:57:22 INFO   POST /api/v1/fort 201 11ms
21:57:31 INFO   POST /api/v1/fort 201 39ms
21:57:41 INFO   GET /api/v1/fort 200 21ms
21:58:06 INFO   client connected
21:58:08 INFO   POST /api/v1/fort 201 10ms
21:58:10 INFO   POST /api/v1/fort 201 34ms
21:58:28 INFO   POST /api/v1/fort 201 10ms
21:58:29 INFO   client connected
21:58:31 INFO   GET /api/v1/fort 200 17ms
21:58:32 INFO   client connected
21:58:33 DEBUG  render took 3ms
21:58:35 INFO   client connected
21:58:36 INFO   POST /api/v1/fort 201 34ms
21:59:08 INFO   client connected
21:59:13 INFO   POST /api/v1/fort 201 16ms
21:59:23 DEBUG  render took 1ms
21:59:34 INFO   POST /api/v1/fort 201 22ms
21:59:39 INFO   client connected
21:59:46 DEBUG  render took 8ms
21:59:55 INFO   client connected
21:59:56 INFO   client connected
22:00:06 INFO   client connected
22:00:08 INFO   GET /api/v1/fort 200 12ms
22:00:12 INFO   POST /api/v1/fort 201 6ms
22:00:21 DEBUG  render took 6ms
22:00:23 INFO   client connected
22:00:24 INFO   GET /api/v1/fort 200 25ms
22:00:29 DEBUG  render took 6ms
22:00:33 INFO   client connected
22:00:43 INFO   client connected
22:00:53 INFO   POST /api/v1/fort 201 31ms
22:00:54 INFO   POST /api/v1/fort 201 22ms
22:00:58 INFO   GET /api/v1/fort 200 15ms
22:01:29 INFO   GET /api/v1/fort 200 20ms
22:01:41 INFO   POST /api/v1/fort 201 23ms
22:01:51 INFO   POST /api/v1/fort 201 22ms
22:01:56 INFO   GET /api/v1/fort 200 29ms
22:01:58 INFO   client connected
22:02:09 INFO   GET /api/v1/fort 200 38ms
22:02:11 DEBUG  render took 6ms
22:02:17 DEBUG  render took 8ms
22:02:17 INFO   client connected
22:02:19 DEBUG  render took 8ms
22:02:39 INFO   GET /api/v1/fort 200 26ms
22:02:48 DEBUG  render took 8ms
22:02:48 INFO   POST /api/v1/fort 201 28ms
22:02:59 INFO   GET /api/v1/fort 200 38ms
22:03:13 INFO   POST /api/v1/fort 201 8ms
22:03:14 INFO   client connected
22:03:16 INFO   POST /api/v1/fort 201 30ms
22:03:17 DEBUG  render took 4ms
22:03:18 INFO   GET /api/v1/fort 200 39ms
22:03:25 INFO   client connected
22:03:33 INFO   GET /api/v1/fort 200 8ms
22:03:34 INFO   GET /api/v1/fort 200 40ms
22:03:43 INFO   GET /api/v1/fort 200 27ms
22:03:44 INFO   client connected
22:03:50 INFO   GET /api/v1/fort 200 7ms
22:04:01 DEBUG  render took 6ms
22:04:10 DEBUG  render took 2ms
22:04:15 INFO   POST /api/v1/fort 201 26ms
22:04:32 INFO   POST /api/v1/fort 201 37ms
22:04:43 INFO   GET /api/v1/fort 200 23ms
22:04:46 INFO   POST /api/v1/fort 201 34ms
22:04:55 INFO   client connected
22:05:10 INFO   POST /api/v1/fort 201 32ms
22:05:17 INFO   POST /api/v1/fort 201 6ms
22:05:23 INFO   client connected
22:05:24 INFO   client connected
22:05:25 INFO   GET /api/v1/fort 200 39ms
22:05:43 DEBUG  render took 2ms
22:05:50 INFO   client connected
22:05:51 DEBUG  render took 9ms
22:05:52 INFO   client connected
22:05:54 DEBUG  render took 1ms
22:05:57 INFO   POST /api/v1/fort 201 16ms
22:06:14 INFO   client connected
22:06:17 INFO   client connected
22:06:26 INFO   GET /api/v1/fort 200 26ms
22:06:30 INFO   POST /api/v1/fort 201 15ms
22:06:37 INFO   client connected
22:06:42 INFO   POST /api/v1/fort 201 32ms
22:07:05 DEBUG  render took 9ms
22:07:17 INFO   POST /api/v1/fort 201 30ms
22:07:17 DEBUG  render took 4ms
22:07:18 INFO   GET /api/v1/fort 200 22ms
22:07:22 DEBUG  render took 8ms
22:07:23 INFO   GET /api/v1/fort 200 28ms
22:07:24 INFO   GET /api/v1/fort 200 36ms
22:07:29 INFO   client connected
22:07:36 DEBUG  render took 8ms
22:07:47 INFO   GET /api/v1/fort 200 13ms
22:07:50 INFO   client connected
22:08:03 INFO   POST /api/v1/fort 201 6ms
22:08:04 DEBUG  render took 7ms
22:08:08 INFO   client connected
22:08:10 DEBUG  render took 4ms
22:08:11 INFO   POST /api/v1/fort 201 35ms
22:08:21 DEBUG  render took 3ms
22:08:54 INFO   GET /api/v1/fort 200 12ms
22:08:55 INFO   GET /api/v1/fort 200 7ms
22:09:00 INFO   client connected
22:09:06 DEBUG  render took 9ms
22:09:11 INFO   POST /api/v1/fort 201 27ms
22:09:16 INFO   GET /api/v1/fort 200 28ms
22:09:23 INFO   client connected
22:09:32 INFO   GET /api/v1/fort 200 39ms
22:09:34 INFO   POST /api/v1/fort 201 29ms
22:09:42 INFO   POST /api/v1/fort 201 30ms
22:09:45 INFO   GET /api/v1/fort 200 33ms
22:09:48 DEBUG  render took 5ms
22:10:00 INFO   GET /api/v1/fort 200 9ms
22:10:09 INFO   client connected
22:10:16 INFO   client connected
22:10:20 INFO   GET /api/v1/fort 200 25ms
22:10:22 DEBUG  render took 4ms
22:10:23 INFO   GET /api/v1/fort 200 32ms
22:10:27 INFO   GET /api/v1/fort 200 24ms
22:10:30 INFO   GET /api/v1/fort 200 34ms
22:10:34 DEBUG  render took 3ms
22:10:39 DEBUG  render took 7ms
22:10:48 INFO   GET /api/v1/fort 200 17ms
22:10:55 INFO   client connected
22:10:56 INFO   client connected
22:10:56 INFO   client connected
22:10:59 INFO   POST /api/v1/fort 201 36ms
22:10:59 INFO   client connected
22:11:05 INFO   POST /api/v1/fort 201 30ms
22:11:06 INFO   GET /api/v1/fort 200 10ms
22:11:10 INFO   GET /api/v1/fort 200 31ms
22:11:12 INFO   GET /api/v1/fort 200 29ms
22:11:45 INFO   POST /api/v1/fort 201 34ms
22:11:50 DEBUG  render took 6ms
22:11:53 INFO   client connected
22:11:57 INFO   GET /api/v1/fort 200 31ms
22:12:04 INFO   GET /api/v1/fort 200 31ms
22:12:10 INFO   POST /api/v1/fort 201 35ms
22:12:13 DEBUG  render took 7ms
22:12:14 INFO   client connected
22:12:17 INFO   client connected
22:12:28 INFO   POST /api/v1/fort 201 19ms
22:12:31 INFO   GET /api/v1/fort 200 9ms
22:12:32 INFO   POST /api/v1/fort 201 17ms
22:12:35 INFO   POST /api/v1/fort 201 31ms
22:12:35 INFO   GET /api/v1/fort 200 9ms
22:12:44 DEBUG  render took 3ms
22:12:45 INFO   GET /api/v1/fort 200 40ms
22:12:49 INFO   POST /api/v1/fort 201 22ms
22:12:50 INFO   GET /api/v1/fort 200 22ms
22:12:51 INFO   GET /api/v1/fort 200 16ms
22:12:52 INFO   POST /api/v1/fort 201 22ms
22:12:59 INFO   client connected
22:13:02 INFO   POST /api/v1/fort 201 36ms
22:13:05 DEBUG  render took 6ms
22:13:12 DEBUG  render took 6ms
22:13:23 INFO   POST /api/v1/fort 201 17ms
22:13:26 INFO   client connected
22:13:31 DEBUG  render took 4ms
22:13:41 INFO   GET /api/v1/fort 200 20ms
22:13:43 DEBUG  render took 1ms
22:13:45 INFO   POST /api/v1/fort 201 7ms
22:13:47 INFO   client connected
22:13:49 INFO   client connected
22:13:54 DEBUG  render took 9ms
22:13:55 DEBUG  render took 3ms
22:13:59 DEBUG  render took 1ms
22:14:19 INFO   client connected
22:14:23 INFO   client connected
22:14:34 INFO   GET /api/v1/fort 200 19ms
22:14:36 DEBUG  render took 2ms
22:14:37 INFO   client connected
22:14:42 DEBUG  render took 5ms
22:14:55 DEBUG  render took 3ms
22:15:01 DEBUG  render took 2ms
22:15:03 INFO   POST /api/v1/fort 201 14ms
22:15:06 INFO   client connected
22:15:16 INFO   POST /api/v1/fort 201 31ms
22:15:22 INFO   POST /api/v1/fort 201 39ms
22:15:35 INFO   POST /api/v1/fort 201 18ms
22:15:45 INFO   POST /api/v1/fort 201 26ms
22:15:50 INFO   GET /api/v1/fort 200 20ms
22:15:54 INFO   GET /api/v1/fort 200 28ms
22:15:56 INFO   client connected
22:15:57 INFO   client connected
22:16:01 INFO   GET /api/v1/fort 200 16ms
22:16:05 INFO   POST /api/v1/fort 201 9ms
22:16:07 INFO   POST /api/v1/fort 201 27ms
22:16:16 INFO   GET /api/v1/fort 200 29ms
22:16:19 DEBUG  render took 5ms
22:16:20 INFO   GET /api/v1/fort 200 19ms
22:16:56 INFO   POST /api/v1/fort 201 37ms
22:17:12 INFO   client connected
22:17:16 DEBUG  render took 9ms
22:17:16 INFO   GET /api/v1/fort 200 31ms
22:17:17 DEBUG  render took 9ms
22:17:19 INFO   client connected
22:17:20 INFO   POST /api/v1/fort 201 20ms
22:17:24 DEBUG  render took 8ms
22:17:38 INFO   client connected
22:17:42 DEBUG  render took 7ms
22:17:47 DEBUG  render took 7ms
22:17:52 INFO   client connected
22:17:55 INFO   POST /api/v1/fort 201 29ms
22:18:03 DEBUG  render took 7ms
22:18:14 DEBUG  render took 8ms
22:18:20 INFO   POST /api/v1/fort 201 23ms
22:18:31 INFO   GET /api/v1/fort 200 17ms
22:18:32 INFO   client connected
22:18:39 INFO   POST /api/v1/fort 201 35ms
22:18:39 DEBUG  render took 2ms
22:18:54 DEBUG  render took 1ms
22:18:56 INFO   GET /api/v1/fort 200 34ms
22:19:00 INFO   POST /api/v1/fort 201 26ms
22:19:07 INFO   GET /api/v1/fort 200 14ms
22:19:13 INFO   client connected
22:19:16 INFO   client connected
22:19:16 INFO   POST /api/v1/fort 201 21ms
22:19:23 INFO   POST /api/v1/fort 201 22ms
22:19:29 INFO   client connected
22:19:40 DEBUG  render took 4ms
22:19:43 INFO   GET /api/v1/fort 200 38ms
22:20:01 INFO   client connected
22:20:10 DEBUG  render took 5ms
22:20:19 INFO   GET /api/v1/fort 200 13ms
22:20:30 INFO   client connected
22:20:42 INFO   POST /api/v1/fort 201 7ms
22:20:45 DEBUG  render took 5ms
22:20:55 INFO   GET /api/v1/fort 200 36ms
22:20:57 INFO   client connected
22:21:02 INFO   POST /api/v1/fort 201 26ms
22:21:09 INFO   POST /api/v1/fort 201 8ms
22:21:11 INFO   POST /api/v1/fort 201 37ms
22:21:12 INFO   POST /api/v1/fort 201 40ms
22:21:18 INFO   client connected
22:21:29 INFO   POST /api/v1/fort 201 14ms
22:21:31 INFO   POST /api/v1/fort 201 32ms
22:21:31 INFO   POST /api/v1/fort 201 26ms
22:21:41 INFO   POST /api/v1/fort 201 6ms
22:21:48 DEBUG  render took 9ms
22:21:57 INFO   GET /api/v1/fort 200 10ms
22:21:59 INFO   POST /api/v1/fort 201 28ms
22:22:03 INFO   POST /api/v1/fort 201 40ms
22:22:04 INFO   client connected
22:22:09 INFO   client connected
22:22:28 DEBUG  render took 5ms
22:22:28 INFO   GET /api/v1/fort 200 22ms
22:22:31 DEBUG  render took 7ms
22:22:34 DEBUG  render took 8ms
22:22:42 INFO   client connected
22:23:04 INFO   GET /api/v1/fort 200 18ms
22:23:08 INFO   GET /api/v1/fort 200 21ms
22:23:16 DEBUG  render took 2ms
22:23:30 DEBUG  render took 7ms
22:23:40 INFO   GET /api/v1/fort 200 13ms
22:23:40 INFO   POST /api/v1/fort 201 27ms
22:23:40 INFO   GET /api/v1/fort 200 20ms
22:23:41 INFO   POST /api/v1/fort 201 8ms
22:23:47 INFO   GET /api/v1/fort 200 9ms
22:23:47 INFO   client connected
22:24:07 INFO   GET /api/v1/fort 200 10ms
22:24:08 INFO   GET /api/v1/fort 200 18ms
22:24:13 DEBUG  render took 2ms
22:24:15 INFO   POST /api/v1/fort 201 25ms
22:24:17 INFO   GET /api/v1/fort 200 10ms
22:24:18 INFO   GET /api/v1/fort 200 38ms
22:24:25 INFO   GET /api/v1/fort 200 31ms
22:24:54 INFO   GET /api/v1/fort 200 10ms
22:24:58 INFO   GET /api/v1/fort 200 16ms
22:24:59 INFO   GET /api/v1/fort 200 40ms
22:25:03 INFO   client connected
22:25:09 INFO   GET /api/v1/fort 200 36ms
22:25:15 INFO   GET /api/v1/fort 200 26ms
22:25:20 INFO   GET /api/v1/fort 200 32ms
22:25:31 INFO   GET /api/v1/fort 200 29ms
22:25:46 INFO   POST /api/v1/fort 201 23ms
22:25:50 INFO   POST /api/v1/fort 201 20ms
22:25:57 INFO   GET /api/v1/fort 200 37ms
22:25:58 INFO   client connected
22:25:58 INFO   client connected
22:26:02 INFO   POST /api/v1/fort 201 10ms
22:26:03 INFO   GET /api/v1/fort 200 16ms
22:26:03 DEBUG  render took 9ms
22:26:15 INFO   GET /api/v1/fort 200 24ms
22:26:23 DEBUG  render took 4ms
22:26:24 INFO   POST /api/v1/fort 201 40ms
22:26:25 INFO   client connected
22:26:25 DEBUG  render took 2ms
22:26:28 INFO   GET /api/v1/fort 200 35ms
22:26:31 INFO   POST /api/v1/fort 201 28ms
22:26:36 INFO   client connected
22:26:36 INFO   client connected
22:26:52 DEBUG  render took 8ms
22:26:55 DEBUG  render took 7ms
22:26:56 DEBUG  render took 7ms
22:27:02 INFO   GET /api/v1/fort 200 17ms
22:27:02 INFO   GET /api/v1/fort 200 28ms
22:27:10 INFO   GET /api/v1/fort 200 39ms
22:27:14 INFO   GET /api/v1/fort 200 35ms
22:27:14 DEBUG  render took 2ms
22:27:18 INFO   POST /api/v1/fort 201 17ms
22:27:19 INFO   POST /api/v1/fort 201 7ms
22:27:21 DEBUG  render took 8ms
22:27:30 INFO   POST /api/v1/fort 201 20ms
22:27:44 DEBUG  render took 6ms
22:27:46 INFO   POST /api/v1/fort 201 6ms
22:27:48 INFO   POST /api/v1/fort 201 31ms
22:27:56 INFO   POST /api/v1/fort 201 9ms
22:27:58 INFO   POST /api/v1/fort 201 7ms
22:28:01 DEBUG  render took 8ms
22:28:07 DEBUG  render took 5ms
22:28:14 INFO   GET /api/v1/fort 200 39ms
22:28:22 INFO   client connected
22:28:23 INFO   GET /api/v1/fort 200 16ms
22:28:28 DEBUG  render took 4ms
22:28:30 INFO   POST /api/v1/fort 201 15ms
22:28:36 DEBUG  render took 2ms
22:28:38 INFO   client connected
22:28:38 INFO   POST /api/v1/fort 201 22ms
22:28:40 INFO   GET /api/v1/fort 200 29ms
22:28:44 DEBUG  render took 7ms
22:28:51 INFO   POST /api/v1/fort 201 31ms
22:28:51 INFO   client connected
22:28:52 INFO   POST /api/v1/fort 201 7ms
22:29:15 DEBUG  render took 8ms
22:29:47 DEBUG  render took 1ms
22:29:49 INFO   client connected
22:30:03 INFO   client connected
22:30:22 INFO   POST /api/v1/fort 201 12ms
22:30:23 INFO   GET /api/v1/fort 200 28ms
22:30:23 INFO   POST /api/v1/fort 201 27ms
22:30:27 DEBUG  render took 9ms
22:30:29 INFO   POST /api/v1/fort 201 19ms
22:30:40 INFO   client connected
22:30:45 INFO   POST /api/v1/fort 201 33ms
22:30:47 INFO   POST /api/v1/fort 201 6ms
22:30:48 INFO   client connected
22:31:06 INFO   POST /api/v1/fort 201 12ms
22:31:06 DEBUG  render took 2ms
22:31:07 INFO   POST /api/v1/fort 201 29ms
22:31:14 INFO   client connected
22:31:18 INFO   client connected
22:31:22 INFO   POST /api/v1/fort 201 13ms
22:31:40 DEBUG  render took 7ms
22:31:47 INFO   client connected
22:31:48 INFO   client connected
22:31:54 INFO   client connected
22:32:08 INFO   client connected
22:32:10 INFO   POST /api/v1/fort 201 30ms
22:32:20 DEBUG  render took 2ms
22:32:30 INFO   GET /api/v1/fort 200 7ms
22:32:30 INFO   GET /api/v1/fort 200 10ms
22:32:52 INFO   POST /api/v1/fort 201 22ms
22:33:07 INFO   client connected
22:33:11 INFO   client connected
22:33:44 INFO   POST /api/v1/fort 201 32ms
22:33:45 INFO   GET /api/v1/fort 200 40ms
22:33:58 INFO   GET /api/v1/fort 200 14ms
22:33:59 DEBUG  render took 2ms
22:33:59 INFO   GET /api/v1/fort 200 9ms
22:34:01 INFO   POST /api/v1/fort 201 23ms
22:34:02 INFO   client connected
22:34:09 INFO   GET /api/v1/fort 200 29ms
22:34:18 DEBUG  render took 2ms
22:34:20 INFO   GET /api/v1/fort 200 17ms
22:34:23 INFO   client connected
22:34:37 INFO   GET /api/v1/fort 200 27ms
22:34:38 INFO   POST /api/v1/fort 201 14ms
22:34:43 INFO   GET /api/v1/fort 200 40ms
22:34:44 INFO   POST /api/v1/fort 201 32ms
22:34:48 INFO   POST /api/v1/fort 201 18ms
22:34:54 DEBUG  render took 9ms
22:35:10 DEBUG  render took 5ms
22:35:12 INFO   GET /api/v1/fort 200 27ms
22:35:51 DEBUG  render took 1ms
22:35:52 INFO   GET /api/v1/fort 200 39ms
22:36:01 INFO   POST /api/v1/fort 201 10ms
22:36:03 INFO   POST /api/v1/fort 201 12ms
22:36:06 INFO   POST /api/v1/fort 201 25ms
22:36:07 DEBUG  render took 3ms
22:36:10 INFO   client connected
22:36:10 INFO   POST /api/v1/fort 201 31ms
22:36:13 INFO   GET /api/v1/fort 200 31ms
22:36:23 INFO   GET /api/v1/fort 200 16ms
22:36:25 INFO   client connected
22:36:29 INFO   GET /api/v1/fort 200 22ms
22:36:31 INFO   client connected
22:37:03 INFO   POST /api/v1/fort 201 9ms
22:37:11 DEBUG  render took 4ms
22:37:11 INFO   client connected
22:37:22 DEBUG  render took 2ms
22:37:23 INFO   GET /api/v1/fort 200 7ms
22:37:24 INFO   POST /api/v1/fort 201 13ms
22:37:36 INFO   client connected
22:37:39 INFO   GET /api/v1/fort 200 24ms
22:37:43 DEBUG  render took 3ms
22:37:44 DEBUG  render took 1ms
22:37:45 INFO   client connected
22:37:49 INFO   GET /api/v1/fort 200 39ms
22:38:03 INFO   GET /api/v1/fort 200 6ms
22:38:04 INFO   GET /api/v1/fort 200 12ms
22:38:08 INFO   GET /api/v1/fort 200 39ms
22:38:12 DEBUG  render took 7ms
22:38:31 INFO   GET /api/v1/fort 200 27ms
22:38:35 INFO   client connected
22:38:35 INFO   GET /api/v1/fort 200 26ms
22:38:38 INFO   POST /api/v1/fort 201 35ms
22:38:39 INFO   GET /api/v1/fort 200 12ms
22:38:46 INFO   GET /api/v1/fort 200 15ms
22:38:53 DEBUG  render took 6ms
22:39:02 INFO   client connected
22:39:13 DEBUG  render took 4ms
22:39:19 INFO   GET /api/v1/fort 200 6ms
22:39:27 INFO   client connected
22:39:35 INFO   POST /api/v1/fort 201 19ms
22:39:45 INFO   GET /api/v1/fort 200 11ms
22:39:47 DEBUG  render took 9ms
22:39:48 INFO   client connected
22:39:49 INFO   GET /api/v1/fort 200 19ms
22:39:49 INFO   GET /api/v1/fort 200 39ms
22:39:52 INFO   client connected
22:39:53 INFO   POST /api/v1/fort 201 13ms
22:40:00 INFO   POST /api/v1/fort 201 34ms
22:40:01 DEBUG  render took 5ms
22:40:10 INFO   GET /api/v1/fort 200 11ms
22:40:18 INFO   client connected
22:40:20 INFO   client connected
22:40:32 DEBUG  render took 8ms
22:40:32 INFO   client connected
22:40:34 INFO   client connected
22:40:36 INFO   GET /api/v1/fort 200 36ms
22:40:39 INFO   client connected
22:40:41 INFO   POST /api/v1/fort 201 39ms
22:40:48 INFO   GET /api/v1/fort 200 30ms
22:41:05 INFO   client connected
22:41:13 INFO   client connected
22:41:14 DEBUG  render took 4ms
22:41:32 INFO   POST /api/v1/fort 201 39ms
22:41:34 INFO   GET /api/v1/fort 200 35ms
22:41:38 INFO   client connected
22:41:46 INFO   GET /api/v1/fort 200 32ms
22:41:55 INFO   GET /api/v1/fort 200 37ms
22:42:01 INFO   GET /api/v1/fort 200 16ms
22:42:02 INFO   client connected
22:42:03 DEBUG  render took 9ms
22:42:14 DEBUG  render took 1ms
22:42:32 INFO   client connected
22:42:37 INFO   client connected
22:42:37 DEBUG  render took 3ms
22:42:39 INFO   POST /api/v1/fort 201 10ms
22:42:41 INFO   POST /api/v1/fort 201 24ms
22:42:50 INFO   GET /api/v1/fort 200 6ms
22:42:51 DEBUG  render took 9ms
22:42:55 DEBUG  render took 6ms
22:43:09 INFO   client connected
22:43:11 INFO   POST /api/v1/fort 201 17ms
22:43:25 INFO   POST /api/v1/fort 201 12ms
22:43:34 INFO   client connected
22:43:35 DEBUG  render took 1ms
22:43:47 INFO   client connected
22:43:50 INFO   POST /api/v1/fort 201 39ms
22:43:55 INFO   GET /api/v1/fort 200 33ms
22:44:03 DEBUG  render took 8ms
22:44:05 DEBUG  render took 3ms
22:44:11 INFO   POST /api/v1/fort 201 14ms
22:44:18 DEBUG  render took 9ms
22:44:22 DEBUG  render took 7ms
22:44:23 INFO   POST /api/v1/fort 201 17ms
22:44:33 INFO   GET /api/v1/fort 200 23ms
22:44:56 INFO   client connected
22:44:57 INFO   client connected
22:44:59 INFO   client connected
22:45:03 INFO   client connected
22:45:05 INFO   POST /api/v1/fort 201 26ms
22:45:09 INFO   client connected
22:45:13 INFO   client connected
22:45:31 INFO   GET /api/v1/fort 200 16ms
22:45:40 INFO   client connected
22:45:44 INFO   client connected
22:45:45 INFO   GET /api/v1/fort 200 21ms
22:45:51 DEBUG  render took 4ms
22:45:51 DEBUG  render took 7ms
22:45:52 INFO   GET /api/v1/fort 200 40ms
22:45:53 INFO   POST /api/v1/fort 201 8ms
22:46:01 INFO   POST /api/v1/fort 201 34ms
22:46:05 INFO   client connected
22:46:07 INFO   client connected
22:46:07 INFO   POST /api/v1/fort 201 9ms
22:46:10 DEBUG  render took 5ms
22:46:26 INFO   GET /api/v1/fort 200 33ms
22:46:28 DEBUG  render took 3ms
22:46:44 INFO   GET /api/v1/fort 200 31ms
22:46:51 DEBUG  render took 3ms
22:47:04 INFO   GET /api/v1/fort 200 27ms
22:47:09 INFO   GET /api/v1/fort 200 32ms
22:47:14 INFO   POST /api/v1/fort 201 26ms
22:47:17 INFO   GET /api/v1/fort 200 35ms
22:47:18 DEBUG  render took 7ms
22:47:20 INFO   client connected
22:47:26 INFO   GET /api/v1/fort 200 31ms
22:47:37 INFO   GET /api/v1/fort 200 7ms
22:47:50 INFO   POST /api/v1/fort 201 23ms
22:48:13 INFO   GET /api/v1/fort 200 37ms
22:48:32 DEBUG  render took 2ms
22:48:35 INFO   GET /api/v1/fort 200 29ms
22:48:37 DEBUG  render took 7ms
22:48:41 INFO   GET /api/v1/fort 200 11ms
22:48:48 INFO   client connected
22:48:53 INFO   GET /api/v1/fort 200 8ms
22:48:57 DEBUG  render took 5ms
22:49:05 INFO   client connected
22:49:05 INFO   GET /api/v1/fort 200 31ms
22:49:27 INFO   GET /api/v1/fort 200 17ms
22:49:32 INFO   POST /api/v1/fort 201 17ms
22:49:38 DEBUG  render took 2ms
22:49:42 INFO   POST /api/v1/fort 201 14ms
22:49:42 INFO   GET /api/v1/fort 200 12ms
22:49:43 DEBUG  render took 2ms
22:49:57 INFO   GET /api/v1/fort 200 32ms
22:49:58 INFO   GET /api/v1/fort 200 7ms
22:50:04 INFO   client connected
22:50:04 INFO   GET /api/v1/fort 200 35ms
22:50:17 INFO   GET /api/v1/fort 200 27ms
22:50:20 INFO   GET /api/v1/fort 200 39ms
22:50:26 INFO   GET /api/v1/fort 200 7ms
22:50:33 INFO   GET /api/v1/fort 200 15ms
22:50:33 DEBUG  render took 5ms
22:50:35 INFO   GET /api/v1/fort 200 38ms
22:50:36 INFO   client connected
22:50:45 INFO   client connected
22:50:53 INFO   POST /api/v1/fort 201 30ms
22:50:56 INFO   GET /api/v1/fort 200 7ms
22:51:01 INFO   client connected
22:51:33 INFO   client connected
22:51:38 INFO   POST /api/v1/fort 201 8ms
22:51:38 INFO   client connected
22:51:39 DEBUG  render took 5ms
22:51:44 INFO   GET /api/v1/fort 200 28ms
22:51:44 DEBUG  render took 4ms
22:51:45 INFO   GET /api/v1/fort 200 26ms
22:51:56 INFO   POST /api/v1/fort 201 33ms
22:51:58 INFO   client connected
22:52:02 INFO   client connected
22:52:18 INFO   GET /api/v1/fort 200 37ms
22:52:22 INFO   POST /api/v1/fort 201 24ms
22:52:24 INFO   client connected
22:52:27 INFO   GET /api/v1/fort 200 14ms
22:52:32 INFO   POST /api/v1/fort 201 21ms
22:52:47 DEBUG  render took 1ms
22:52:55 DEBUG  render took 5ms
22:53:10 DEBUG  render took 1ms
22:53:15 INFO   GET /api/v1/fort 200 36ms
22:53:19 INFO   POST /api/v1/fort 201 20ms
22:53:27 INFO   client connected
22:53:30 INFO   GET /api/v1/fort 200 8ms
22:53:33 INFO   POST /api/v1/fort 201 18ms
22:53:35 INFO   POST /api/v1/fort 201 9ms
22:53:36 INFO   client connected
22:53:45 INFO   POST /api/v1/fort 201 36ms
22:53:46 DEBUG  render took 1ms
22:53:57 INFO   POST /api/v1/fort 201 9ms
22:54:02 INFO   GET /api/v1/fort 200 35ms
22:54:07 INFO   GET /api/v1/fort 200 16ms
22:54:41 INFO   GET /api/v1/fort 200 12ms
22:54:42 INFO   POST /api/v1/fort 201 18ms
22:54:44 INFO   client connected
22:54:44 INFO   client connected
22:54:50 INFO   POST /api/v1/fort 201 25ms
22:54:59 INFO   client connected
22:55:06 DEBUG  render took 9ms
22:55:07 DEBUG  render took 1ms
22:55:09 INFO   client connected
22:55:16 DEBUG  render took 1ms
22:55:21 INFO   GET /api/v1/fort 200 22ms
22:55:27 INFO   GET /api/v1/fort 200 23ms
22:55:33 INFO   GET /api/v1/fort 200 40ms
22:55:43 INFO   POST /api/v1/fort 201 37ms
22:55:53 INFO   GET /api/v1/fort 200 35ms
22:56:08 INFO   client connected
22:56:08 INFO   GET /api/v1/fort 200 10ms
22:56:15 INFO   POST /api/v1/fort 201 28ms
22:56:24 INFO   POST /api/v1/fort 201 13ms
22:56:24 INFO   client connected
22:56:26 INFO   GET /api/v1/fort 200 15ms
22:56:32 DEBUG  render took 1ms
22:56:32 DEBUG  render took 6ms
22:56:33 INFO   POST /api/v1/fort 201 12ms
22:56:47 INFO   POST /api/v1/fort 201 36ms
22:56:51 INFO   GET /api/v1/fort 200 26ms
22:56:53 DEBUG  render took 9ms
22:56:57 INFO   GET /api/v1/fort 200 23ms
22:57:04 INFO   GET /api/v1/fort 200 9ms
22:57:23 INFO   client connected
22:57:24 INFO   client connected
22:57:31 INFO   client connected
22:57:32 INFO   client connected
22:57:42 INFO   POST /api/v1/fort 201 16ms
22:57:43 DEBUG  render took 8ms
22:57:50 INFO   client connected
22:57:51 INFO   POST /api/v1/fort 201 28ms
22:57:54 INFO   GET /api/v1/fort 200 37ms
22:57:55 INFO   client connected
22:57:59 DEBUG  render took 2ms
22:58:07 INFO   GET /api/v1/fort 200 30ms
22:58:07 INFO   GET /api/v1/fort 200 37ms
22:58:14 INFO   client connected
22:58:15 INFO   POST /api/v1/fort 201 24ms
22:58:22 DEBUG  render took 3ms
22:58:27 DEBUG  render took 7ms
22:58:27 DEBUG  render took 8ms
22:58:28 INFO   POST /api/v1/fort 201 32ms
22:58:34 INFO   client connected
22:58:40 INFO   client connected
22:58:42 INFO   POST /api/v1/fort 201 9ms
22:58:44 INFO   POST /api/v1/fort 201 32ms
22:58:53 INFO   POST /api/v1/fort 201 14ms
22:58:57 INFO   GET /api/v1/fort 200 19ms
22:58:57 INFO   GET /api/v1/fort 200 39ms
22:59:00 INFO   GET /api/v1/fort 200 14ms
22:59:05 INFO   client connected
22:59:06 INFO   POST /api/v1/fort 201 17ms
22:59:09 INFO   GET /api/v1/fort 200 21ms
22:59:17 INFO   POST /api/v1/fort 201 29ms
22:59:21 INFO   client connected
22:59:24 DEBUG  render took 5ms
22:59:28 INFO   POST /api/v1/fort 201 31ms
22:59:53 INFO   POST /api/v1/fort 201 30ms
22:59:58 INFO   client connected
23:00:02 INFO   POST /api/v1/fort 201 7ms
23:00:09 INFO   client connected
23:00:18 INFO   GET /api/v1/fort 200 19ms
23:00:30 DEBUG  render took 3ms
23:00:35 INFO   client connected
23:00:49 INFO   client connected
23:00:54 INFO   client connected
23:01:06 INFO   GET /api/v1/fort 200 8ms
23:01:07 DEBUG  render took 7ms
23:01:12 INFO   GET /api/v1/fort 200 12ms
23:01:16 INFO   POST /api/v1/fort 201 26ms
23:01:19 DEBUG  render took 8ms
23:01:20 INFO   client connected
23:01:34 INFO   client connected
23:01:50 INFO   client connected
23:01:53 INFO   GET /api/v1/fort 200 16ms
23:02:21 INFO   GET /api/v1/fort 200 7ms
23:02:23 INFO   client connected
23:02:24 INFO   GET /api/v1/fort 200 27ms
23:02:29 INFO   POST /api/v1/fort 201 33ms
23:02:42 INFO   POST /api/v1/fort 201 30ms
23:02:53 INFO   GET /api/v1/fort 200 15ms
23:03:08 INFO   client connected
23:03:09 INFO   GET /api/v1/fort 200 12ms
23:03:09 INFO   POST /api/v1/fort 201 6ms
23:03:16 DEBUG  render took 9ms
23:03:20 INFO   GET /api/v1/fort 200 11ms
23:03:29 INFO   client connected
23:03:43 INFO   client connected
23:04:05 INFO   client connected
23:04:09 DEBUG  render took 9ms
23:04:10 INFO   client connected
23:04:12 INFO   GET /api/v1/fort 200 15ms
23:04:18 INFO   client connected
23:04:28 INFO   POST /api/v1/fort 201 31ms
23:04:35 INFO   client connected
23:04:36 INFO   client connected
23:04:49 DEBUG  render took 6ms
23:04:53 DEBUG  render took 7ms
23:04:54 DEBUG  render took 4ms
23:05:19 INFO   GET /api/v1/fort 200 20ms
23:05:22 INFO   client connected
23:05:26 INFO   POST /api/v1/fort 201 21ms
23:05:27 INFO   client connected
23:05:30 INFO   client connected
23:05:34 DEBUG  render took 5ms
23:05:39 DEBUG  render took 5ms
23:05:42 INFO   POST /api/v1/fort 201 28ms
23:06:04 INFO   POST /api/v1/fort 201 18ms
23:06:06 DEBUG  render took 2ms
23:06:20 INFO   client connected
23:06:23 DEBUG  render took 6ms
23:06:28 INFO   client connected
23:06:41 INFO   POST /api/v1/fort 201 16ms
23:06:50 INFO   client connected
23:06:51 INFO   POST /api/v1/fort 201 37ms
23:06:53 INFO   client connected
23:06:54 DEBUG  render took 5ms
23:07:01 DEBUG  render took 8ms
23:07:06 DEBUG  render took 7ms
23:07:08 DEBUG  render took 4ms
23:07:30 INFO   POST /api/v1/fort 201 38ms
23:07:33 INFO   GET /api/v1/fort 200 13ms
23:07:42 INFO   POST /api/v1/fort 201 15ms
23:07:56 INFO   client connected
23:08:02 INFO   GET /api/v1/fort 200 10ms
23:08:04 DEBUG  render took 3ms
23:08:11 DEBUG  render took 9ms
23:08:14 INFO   client connected
23:08:14 INFO   client connected
23:08:20 DEBUG  render took 8ms
23:08:41 INFO   GET /api/v1/fort 200 32ms
23:08:41 INFO   client connected
23:08:41 INFO   client connected
23:08:53 DEBUG  render took 5ms
23:08:56 DEBUG  render took 1ms
23:08:59 INFO   client connected
23:09:01 DEBUG  render took 2ms
23:09:08 INFO   POST /api/v1/fort 201 27ms
23:09:10 INFO   GET /api/v1/fort 200 28ms
23:09:20 INFO   GET /api/v1/fort 200 9ms
23:09:21 INFO   GET /api/v1/fort 200 17ms
23:09:28 INFO   POST /api/v1/fort 201 6ms
23:09:32 INFO   client connected
23:09:57 INFO   GET /api/v1/fort 200 33ms
23:09:58 INFO   GET /api/v1/fort 200 31ms
23:09:59 INFO   client connected
23:10:00 INFO   POST /api/v1/fort 201 7ms
23:10:04 INFO   client connected
23:10:19 DEBUG  render took 9ms
23:10:19 INFO   client connected
23:10:25 DEBUG  render took 5ms
23:10:31 INFO   client connected
23:10:42 DEBUG  render took 1ms
23:10:43 INFO   POST /api/v1/fort 201 35ms
23:10:44 INFO   client connected
23:11:05 INFO   POST /api/v1/fort 201 14ms
23:11:07 INFO   client connected
23:11:21 INFO   POST /api/v1/fort 201 18ms
23:11:43 INFO   client connected
23:11:45 INFO   GET /api/v1/fort 200 20ms
23:11:45 INFO   POST /api/v1/fort 201 10ms
23:11:49 DEBUG  render took 2ms
23:11:53 DEBUG  render took 3ms
23:11:59 INFO   client connected
23:12:03 INFO   client connected
23:12:14 INFO   client connected
23:12:15 INFO   client connected
23:12:17 INFO   GET /api/v1/fort 200 20ms
23:12:46 INFO   POST /api/v1/fort 201 21ms
23:12:47 INFO   POST /api/v1/fort 201 39ms
23:12:49 INFO   GET /api/v1/fort 200 21ms
23:12:53 INFO   client connected
23:13:04 INFO   POST /api/v1/fort 201 19ms
23:13:08 DEBUG  render took 7ms
23:13:11 INFO   GET /api/v1/fort 200 26ms
23:13:12 INFO   client connected
23:13:23 DEBUG  render took 7ms
23:13:39 DEBUG  render took 1ms
23:13:42 INFO   client connected
23:13:47 DEBUG  render took 8ms
23:13:49 INFO   client connected
23:14:07 DEBUG  render took 2ms
23:14:08 INFO   client connected
23:14:11 INFO   GET /api/v1/fort 200 38ms
23:14:21 INFO   GET /api/v1/fort 200 11ms
23:14:24 INFO   POST /api/v1/fort 201 36ms
23:14:33 INFO   POST /api/v1/fort 201 17ms
23:14:34 DEBUG  render took 2ms
23:14:38 INFO   GET /api/v1/fort 200 8ms
23:14:39 INFO   POST /api/v1/fort 201 40ms
23:14:41 DEBUG  render took 8ms
23:14:46 INFO   POST /api/v1/fort 201 30ms
23:14:47 INFO   POST /api/v1/fort 201 34ms
23:14:53 DEBUG  render took 1ms
23:14:55 DEBUG  render took 1ms
23:14:55 INFO   client connected
23:15:00 INFO   GET /api/v1/fort 200 12ms
23:15:18 DEBUG  render took 8ms
23:15:22 INFO   POST /api/v1/fort 201 31ms
23:15:26 INFO   POST /api/v1/fort 201 19ms
23:15:26 INFO   client connected
23:15:30 INFO   POST /api/v1/fort 201 33ms
23:15:34 INFO   client connected
23:15:36 DEBUG  render took 5ms
23:15:42 INFO   client connected
23:15:44 INFO   GET /api/v1/fort 200 22ms
23:15:47 INFO   client connected
23:15:50 INFO   POST /api/v1/fort 201 8ms
23:16:09 INFO   client connected
23:16:10 DEBUG  render took 5ms
23:16:11 INFO   client connected
23:16:16 DEBUG  render took 2ms
23:16:20 DEBUG  render took 7ms
23:16:34 INFO   GET /api/v1/fort 200 12ms
23:16:48 INFO   client connected
23:16:49 INFO   POST /api/v1/fort 201 25ms
23:17:19 INFO   GET /api/v1/fort 200 11ms
23:17:30 DEBUG  render took 1ms
23:17:33 INFO   client connected
23:17:40 DEBUG  render took 4ms
23:17:43 DEBUG  render took 2ms
23:17:48 INFO   client connected
23:17:51 INFO   POST /api/v1/fort 201 14ms
23:17:59 DEBUG  render took 5ms
23:18:05 DEBUG  render took 5ms
23:18:14 INFO   POST /api/v1/fort 201 26ms
23:18:14 INFO   client connected
23:18:21 INFO   GET /api/v1/fort 200 39ms
23:18:26 INFO   POST /api/v1/fort 201 13ms
23:18:30 DEBUG  render took 3ms
23:18:41 INFO   POST /api/v1/fort 201 20ms
23:18:46 DEBUG  render took 9ms
23:18:48 INFO   client connected
23:18:50 INFO   GET /api/v1/fort 200 20ms
23:18:59 DEBUG  render took 6ms
23:19:11 INFO   client connected
23:19:12 INFO   GET /api/v1/fort 200 35ms
23:19:16 INFO   POST /api/v1/fort 201 17ms
23:19:20 INFO   POST /api/v1/fort 201 29ms
23:19:23 INFO   POST /api/v1/fort 201 30ms
23:19:30 INFO   POST /api/v1/fort 201 27ms
23:19:31 INFO   client connected
23:19:35 INFO   POST /api/v1/fort 201 8ms
23:19:45 INFO   client connected
23:19:46 DEBUG  render took 7ms
23:19:46 INFO   GET /api/v1/fort 200 16ms
23:19:48 INFO   client connected
23:19:54 INFO   POST /api/v1/fort 201 21ms
23:20:02 INFO   POST /api/v1/fort 201 31ms
23:20:09 INFO   POST /api/v1/fort 201 36ms
23:20:11 DEBUG  render took 8ms
23:20:15 DEBUG  render took 9ms
23:20:16 INFO   GET /api/v1/fort 200 9ms
23:20:23 INFO   GET /api/v1/fort 200 20ms
23:20:27 DEBUG  render took 5ms
23:20:33 INFO   POST /api/v1/fort 201 17ms
23:20:35 INFO   GET /api/v1/fort 200 21ms
23:20:37 INFO   GET /api/v1/fort 200 10ms
23:20:51 INFO   GET /api/v1/fort 200 19ms
23:20:52 INFO   client connected
23:21:00 INFO   GET /api/v1/fort 200 16ms
23:21:06 DEBUG  render took 7ms
23:21:08 INFO   GET /api/v1/fort 200 33ms
23:21:35 INFO   GET /api/v1/fort 200 19ms
23:21:44 DEBUG  render took 2ms
23:21:48 INFO   POST /api/v1/fort 201 8ms
23:21:50 INFO   POST /api/v1/fort 201 17ms
23:21:57 DEBUG  render took 5ms
23:22:06 INFO   client connected
23:22:08 DEBUG  render took 3ms
23:22:11 DEBUG  render took 3ms
23:22:13 DEBUG  render took 2ms
23:22:25 INFO   POST /api/v1/fort 201 16ms
23:22:27 INFO   GET /api/v1/fort 200 14ms
23:22:32 INFO   POST /api/v1/fort 201 30ms
23:22:34 INFO   client connected
23:22:38 INFO   GET /api/v1/fort 200 13ms
23:22:42 INFO   GET /api/v1/fort 200 40ms
23:22:42 INFO   GET /api/v1/fort 200 7ms
23:22:45 INFO   client connected
23:22:46 INFO   GET /api/v1/fort 200 7ms
23:22:52 INFO   client connected
23:22:53 DEBUG  render took 5ms
23:22:56 INFO   POST /api/v1/fort 201 19ms
23:22:57 INFO   POST /api/v1/fort 201 31ms
23:23:10 DEBUG  render took 3ms
23:23:11 INFO   POST /api/v1/fort 201 17ms
23:23:12 INFO   client connected
23:23:16 INFO   client connected
23:23:21 DEBUG  render took 4ms
23:23:24 INFO   GET /api/v1/fort 200 39ms
23:23:26 INFO   POST /api/v1/fort 201 34ms
23:23:27 INFO   client connected
23:23:30 INFO   GET /api/v1/fort 200 40ms
23:23:33 INFO   GET /api/v1/fort 200 30ms
23:23:34 INFO   GET /api/v1/fort 200 39ms
23:23:36 DEBUG  render took 6ms
23:23:38 INFO   POST /api/v1/fort 201 12ms
23:23:41 INFO   POST /api/v1/fort 201 14ms
23:23:47 INFO   GET /api/v1/fort 200 35ms
23:23:47 INFO   POST /api/v1/fort 201 17ms
23:23:57 INFO   client connected
23:24:01 INFO   GET /api/v1/fort 200 31ms
23:24:07 INFO   POST /api/v1/fort 201 40ms
23:24:08 INFO   client connected
23:24:15 INFO   POST /api/v1/fort 201 30ms
23:24:47 INFO   GET /api/v1/fort 200 24ms
23:24:50 INFO   GET /api/v1/fort 200 16ms
23:24:52 DEBUG  render took 5ms
23:25:09 DEBUG  render took 6ms
23:25:14 DEBUG  render took 5ms
23:25:23 DEBUG  render took 6ms
23:25:43 INFO   GET /api/v1/fort 200 12ms
23:25:43 INFO   GET /api/v1/fort 200 20ms
23:25:47 INFO   POST /api/v1/fort 201 13ms
23:25:48 DEBUG  render took 4ms
23:25:53 INFO   GET /api/v1/fort 200 22ms
23:25:53 DEBUG  render took 7ms
23:25:54 INFO   GET /api/v1/fort 200 12ms
23:25:56 INFO   client connected
23:26:02 INFO   client connected
23:26:09 INFO   GET /api/v1/fort 200 26ms
23:26:13 DEBUG  render took 3ms
23:26:18 INFO   POST /api/v1/fort 201 33ms
23:26:20 INFO   GET /api/v1/fort 200 33ms
23:26:38 INFO   POST /api/v1/fort 201 32ms
23:26:45 DEBUG  render took 3ms
23:26:47 INFO   POST /api/v1/fort 201 15ms
23:26:48 INFO   client connected
23:26:52 INFO   client connected
23:27:02 INFO   POST /api/v1/fort 201 30ms
23:27:03 DEBUG  render took 6ms
23:27:23 INFO   GET /api/v1/fort 200 38ms
23:27:41 INFO   GET /api/v1/fort 200 30ms
23:27:44 INFO   client connected
23:27:46 INFO   POST /api/v1/fort 201 6ms
23:27:47 DEBUG  render took 5ms
23:28:09 INFO   GET /api/v1/fort 200 19ms
23:28:13 INFO   GET /api/v1/fort 200 39ms
23:28:19 INFO   GET /api/v1/fort 200 20ms
23:28:39 INFO   client connected
23:28:42 INFO   POST /api/v1/fort 201 22ms
23:28:46 INFO   client connected
23:28:48 INFO   client connected
23:29:02 INFO   GET /api/v1/fort 200 40ms
23:29:08 DEBUG  render took 7ms
23:29:11 INFO   client connected
23:29:14 INFO   POST /api/v1/fort 201 6ms
23:29:16 DEBUG  render took 8ms
23:29:25 DEBUG  render took 1ms
23:29:30 INFO   client connected
23:29:36 INFO   GET /api/v1/fort 200 36ms
23:29:53 DEBUG  render took 1ms
23:29:55 INFO   GET /api/v1/fort 200 25ms
23:29:58 INFO   client connected
23:30:06 INFO   POST /api/v1/fort 201 19ms
23:30:14 DEBUG  render took 8ms
23:30:18 DEBUG  render took 8ms
23:30:21 DEBUG  render took 1ms
23:30:22 INFO   POST /api/v1/fort 201 8ms
23:30:28 INFO   client connected
23:30:33 INFO   client connected
23:30:36 DEBUG  render took 3ms
23:30:38 INFO   client connected
23:30:39 INFO   GET /api/v1/fort 200 33ms
23:30:43 DEBUG  render took 8ms
23:30:43 INFO   POST /api/v1/fort 201 37ms
23:30:43 INFO   client connected
23:30:48 INFO   POST /api/v1/fort 201 40ms
23:30:56 INFO   POST /api/v1/fort 201 32ms
23:30:58 DEBUG  render took 9ms
23:31:01 INFO   GET /api/v1/fort 200 26ms
23:31:01 DEBUG  render took 2ms
23:31:05 INFO   GET /api/v1/fort 200 28ms
23:31:06 INFO   client connected
23:31:06 INFO   POST /api/v1/fort 201 22ms
23:31:11 INFO   POST /api/v1/fort 201 8ms
23:31:16 INFO   client connected
23:31:31 DEBUG  render took 9ms
23:31:33 INFO   client connected
23:31:36 INFO   GET /api/v1/fort 200 36ms
23:31:36 INFO   POST /api/v1/fort 201 32ms
23:31:39 INFO   GET /api/v1/fort 200 34ms
23:31:39 DEBUG  render took 8ms
23:31:50 INFO   GET /api/v1/fort 200 27ms
23:31:54 DEBUG  render took 9ms
23:31:55 INFO   client connected
23:32:05 DEBUG  render took 6ms
23:32:15 INFO   POST /api/v1/fort 201 11ms
23:32:15 INFO   POST /api/v1/fort 201 32ms
23:32:17 INFO   GET /api/v1/fort 200 13ms
23:32:20 INFO   GET /api/v1/fort 200 21ms
23:32:23 INFO   client connected
23:32:36 DEBUG  render took 8ms
23:32:48 INFO   GET /api/v1/fort 200 39ms
23:33:01 INFO   client connected
23:33:01 INFO   POST /api/v1/fort 201 33ms
23:33:11 INFO   POST /api/v1/fort 201 28ms
23:33:15 INFO   POST /api/v1/fort 201 28ms
23:33:15 INFO   GET /api/v1/fort 200 30ms
23:33:20 INFO   POST /api/v1/fort 201 21ms
23:33:21 INFO   client connected
23:33:28 INFO   GET /api/v1/fort 200 36ms
23:33:29 INFO   POST /api/v1/fort 201 8ms
23:33:42 INFO   client connected
23:33:48 INFO   client connected
23:34:01 INFO   client connected
23:34:02 INFO   client connected
23:34:04 INFO   client connected
23:34:04 INFO   POST /api/v1/fort 201 25ms
23:34:07 INFO   POST /api/v1/fort 201 14ms
23:34:22 INFO   POST /api/v1/fort 201 31ms
23:34:24 INFO   POST /api/v1/fort 201 17ms
23:34:25 INFO   client connected
23:34:40 DEBUG  render took 2ms
23:35:01 INFO   POST /api/v1/fort 201 25ms
23:35:10 DEBUG  render took 3ms
23:35:19 INFO   GET /api/v1/fort 200 7ms
23:35:20 INFO   POST /api/v1/fort 201 25ms
23:35:28 INFO   client connected
23:35:28 INFO   POST /api/v1/fort 201 20ms
23:35:30 DEBUG  render took 2ms
23:35:37 INFO   POST /api/v1/fort 201 11ms
23:35:46 INFO   GET /api/v1/fort 200 36ms
23:35:46 INFO   POST /api/v1/fort 201 31ms
23:35:49 INFO   POST /api/v1/fort 201 19ms
23:35:51 DEBUG  render took 4ms
23:35:55 INFO   client connected
23:36:02 DEBUG  render took 4ms
23:36:06 INFO   client connected
23:36:13 INFO   client connected
23:36:25 INFO   POST /api/v1/fort 201 12ms
23:36:36 INFO   GET /api/v1/fort 200 22ms
23:36:36 INFO   GET /api/v1/fort 200 12ms
23:36:37 INFO   GET /api/v1/fort 200 34ms
23:36:40 INFO   POST /api/v1/fort 201 30ms
23:36:42 DEBUG  render took 9ms
23:36:47 DEBUG  render took 1ms
23:36:47 DEBUG  render took 8ms
23:36:48 DEBUG  render took 8ms
23:36:50 INFO   client connected
23:36:51 DEBUG  render took 4ms
23:37:04 DEBUG  render took 2ms
23:37:08 INFO   POST /api/v1/fort 201 10ms
23:37:09 INFO   client connected
23:37:10 INFO   POST /api/v1/fort 201 33ms
23:37:10 INFO   GET /api/v1/fort 200 33ms
23:37:13 INFO   client connected
23:37:14 INFO   GET /api/v1/fort 200 34ms
23:37:18 INFO   client connected
23:37:19 INFO   GET /api/v1/fort 200 38ms
23:37:23 INFO   POST /api/v1/fort 201 37ms
23:37:24 INFO   GET /api/v1/fort 200 33ms
23:37:36 DEBUG  render took 3ms
23:37:37 INFO   GET /api/v1/fort 200 11ms
23:37:49 INFO   client connected
23:37:50 INFO   POST /api/v1/fort 201 17ms
23:37:53 INFO   GET /api/v1/fort 200 16ms
23:38:09 INFO   GET /api/v1/fort 200 32ms
23:38:16 INFO   client connected
23:38:16 DEBUG  render took 6ms
23:38:17 INFO   GET /api/v1/fort 200 25ms
23:38:27 INFO   client connected
23:38:27 INFO   client connected
23:38:41 INFO   GET /api/v1/fort 200 15ms
23:38:44 DEBUG  render took 3ms
23:38:44 INFO   client connected
23:38:48 INFO   GET /api/v1/fort 200 10ms
23:38:48 INFO   GET /api/v1/fort 200 29ms
23:38:49 INFO   POST /api/v1/fort 201 16ms
23:38:54 DEBUG  render took 2ms
23:38:54 INFO   client connected
23:39:32 INFO   GET /api/v1/fort 200 15ms
23:39:36 INFO   GET /api/v1/fort 200 26ms
23:39:38 INFO   client connected
23:39:39 DEBUG  render took 4ms
23:39:46 INFO   GET /api/v1/fort 200 8ms
23:39:46 INFO   POST /api/v1/fort 201 12ms
23:39:48 INFO   POST /api/v1/fort 201 22ms
23:39:58 DEBUG  render took 2ms
23:40:01 INFO   POST /api/v1/fort 201 21ms
23:40:05 INFO   GET /api/v1/fort 200 22ms
23:40:16 INFO   POST /api/v1/fort 201 10ms
23:40:17 INFO   POST /api/v1/fort 201 37ms
23:40:22 INFO   GET /api/v1/fort 200 8ms
23:40:32 INFO   POST /api/v1/fort 201 15ms
23:40:34 DEBUG  render took 3ms
23:40:39 INFO   GET /api/v1/fort 200 18ms
23:40:51 INFO   GET /api/v1/fort 200 38ms
23:40:51 INFO   client connected
23:40:59 DEBUG  render took 1ms
23:41:03 INFO   client connected
23:41:12 DEBUG  render took 4ms
23:41:13 INFO   POST /api/v1/fort 201 7ms
23:41:14 DEBUG  render took 4ms
23:41:26 DEBUG  render took 8ms
23:41:32 INFO   POST /api/v1/fort 201 20ms
23:41:47 DEBUG  render took 5ms
23:41:48 INFO   client connected
23:41:49 INFO   POST /api/v1/fort 201 30ms
23:41:49 INFO   client connected
23:41:50 INFO   POST /api/v1/fort 201 33ms
23:41:51 INFO   client connected
23:42:07 INFO   POST /api/v1/fort 201 20ms
23:42:14 INFO   client connected
23:42:15 INFO   POST /api/v1/fort 201 8ms
23:42:20 DEBUG  render took 9ms
23:42:26 INFO   client connected
23:42:27 INFO   POST /api/v1/fort 201 24ms
23:42:48 INFO   client connected
23:42:49 DEBUG  render took 6ms
23:42:50 INFO   GET /api/v1/fort 200 26ms
23:42:53 INFO   GET /api/v1/fort 200 6ms
23:43:13 DEBUG  render took 4ms
23:43:16 DEBUG  render took 7ms
23:43:18 INFO   GET /api/v1/fort 200 7ms
23:43:22 INFO   client connected
23:43:28 INFO   POST /api/v1/fort 201 33ms
23:43:28 INFO   GET /api/v1/fort 200 15ms
23:43:29 INFO   GET /api/v1/fort 200 38ms
23:43:30 INFO   POST /api/v1/fort 201 16ms
23:43:33 DEBUG  render took 3ms
23:43:37 DEBUG  render took 4ms
23:43:45 INFO   POST /api/v1/fort 201 19ms
23:43:55 INFO   POST /api/v1/fort 201 23ms
23:44:11 INFO   client connected
23:44:12 DEBUG  render took 4ms
23:44:18 INFO   client connected
23:44:22 DEBUG  render took 8ms
23:44:22 INFO   client connected
23:44:29 DEBUG  render took 1ms
23:44:31 INFO   POST /api/v1/fort 201 26ms
23:44:37 INFO   client connected
23:44:41 INFO   GET /api/v1/fort 200 35ms
23:44:41 INFO   client connected
23:44:46 INFO   client connected
23:44:47 INFO   POST /api/v1/fort 201 23ms
23:45:00 DEBUG  render took 6ms
23:45:05 INFO   client connected
23:45:25 DEBUG  render took 3ms
23:45:32 INFO   POST /api/v1/fort 201 21ms
23:45:39 INFO   GET /api/v1/fort 200 13ms
23:45:42 INFO   client connected
23:45:43 INFO   POST /api/v1/fort 201 11ms
23:45:45 INFO   client connected
23:45:57 INFO   GET /api/v1/fort 200 40ms
23:46:02 INFO   GET /api/v1/fort 200 34ms
23:46:08 DEBUG  render took 8ms
23:46:11 INFO   client connected
23:46:12 INFO   GET /api/v1/fort 200 31ms
23:46:24 INFO   client connected
23:46:38 DEBUG  render took 1ms
23:46:42 INFO   client connected
23:46:43 DEBUG  render took 9ms
23:46:43 INFO   GET /api/v1/fort 200 35ms
23:46:47 INFO   GET /api/v1/fort 200 36ms
23:46:47 INFO   client connected
23:46:53 INFO   GET /api/v1/fort 200 20ms
23:46:55 INFO   client connected
23:47:06 INFO   GET /api/v1/fort 200 7ms
23:47:18 INFO   POST /api/v1/fort 201 31ms
23:47:21 INFO   client connected
23:47:27 INFO   POST /api/v1/fort 201 6ms
23:47:29 DEBUG  render took 8ms
23:47:34 INFO   POST /api/v1/fort 201 23ms
23:47:38 DEBUG  render took 6ms
23:47:38 INFO   POST /api/v1/fort 201 40ms
23:47:39 DEBUG  render took 7ms
23:47:40 DEBUG  render took 5ms
23:47:55 INFO   POST /api/v1/fort 201 12ms
23:47:57 INFO   client connected
23:48:14 DEBUG  render took 8ms
23:48:18 INFO   POST /api/v1/fort 201 37ms
23:48:21 INFO   client connected
23:48:25 INFO   GET /api/v1/fort 200 33ms
23:48:28 DEBUG  render took 9ms
23:48:29 INFO   client connected
23:48:29 INFO   GET /api/v1/fort 200 31ms
23:48:32 INFO   GET /api/v1/fort 200 31ms
23:48:40 INFO   client connected
23:48:43 DEBUG  render took 2ms
23:48:53 INFO   POST /api/v1/fort 201 18ms
23:48:54 INFO   GET /api/v1/fort 200 27ms
23:49:03 INFO   GET /api/v1/fort 200 37ms
23:49:06 INFO   GET /api/v1/fort 200 7ms
23:49:09 DEBUG  render took 5ms
23:49:09 INFO   client connected
23:49:15 INFO   GET /api/v1/fort 200 38ms
23:49:16 INFO   POST /api/v1/fort 201 27ms
23:49:21 INFO   GET /api/v1/fort 200 32ms
23:49:22 INFO   GET /api/v1/fort 200 23ms
23:49:29 INFO   client connected
23:49:41 INFO   client connected
23:49:52 DEBUG  render took 1ms
23:50:07 DEBUG  render took 5ms
23:50:10 INFO   GET /api/v1/fort 200 14ms
23:50:12 INFO   GET /api/v1/fort 200 19ms
23:50:13 INFO   GET /api/v1/fort 200 8ms
23:50:13 INFO   client connected
23:50:48 DEBUG  render took 4ms
23:50:51 INFO   POST /api/v1/fort 201 13ms
23:50:53 DEBUG  render took 9ms
23:50:57 INFO   GET /api/v1/fort 200 14ms
23:50:57 INFO   POST /api/v1/fort 201 24ms
23:51:02 INFO   GET /api/v1/fort 200 18ms
23:51:08 INFO   GET /api/v1/fort 200 15ms
23:51:17 INFO   client connected
23:51:21 INFO   GET /api/v1/fort 200 8ms
23:51:21 INFO   POST /api/v1/fort 201 11ms
23:51:27 INFO   GET /api/v1/fort 200 23ms
23:51:35 INFO   POST /api/v1/fort 201 29ms
23:51:39 INFO   POST /api/v1/fort 201 38ms
23:51:40 INFO   POST /api/v1/fort 201 34ms
23:51:43 INFO   client connected
23:51:43 DEBUG  render took 4ms
23:51:44 INFO   GET /api/v1/fort 200 33ms
23:51:46 INFO   client connected
23:51:51 INFO   POST /api/v1/fort 201 22ms
23:52:08 INFO   POST /api/v1/fort 201 35ms
23:52:08 DEBUG  render took 5ms
23:52:10 INFO   client connected
23:52:12 INFO   POST /api/v1/fort 201 33ms
23:52:22 INFO   POST /api/v1/fort 201 9ms
23:52:22 DEBUG  render took 9ms
23:52:24 INFO   GET /api/v1/fort 200 16ms
23:52:31 INFO   POST /api/v1/fort 201 27ms
23:52:32 INFO   client connected
23:52:40 INFO   POST /api/v1/fort 201 14ms
23:52:40 INFO   POST /api/v1/fort 201 33ms
23:52:41 INFO   client connected
23:53:04 INFO   client connected
23:53:04 DEBUG  render took 8ms
23:53:05 DEBUG  render took 8ms
23:53:14 INFO   client connected
23:53:18 DEBUG  render took 7ms
23:53:19 INFO   POST /api/v1/fort 201 30ms
23:53:30 DEBUG  render took 2ms
23:53:32 DEBUG  render took 2ms
23:53:42 INFO   client connected
23:53:44 DEBUG  render took 8ms
23:53:51 INFO   POST /api/v1/fort 201 39ms
23:53:55 DEBUG  render took 1ms
23:54:07 INFO   client connected
23:54:12 INFO   POST /api/v1/fort 201 21ms
23:54:17 INFO   client connected
23:54:21 INFO   GET /api/v1/fort 200 20ms
23:54:34 INFO   client connected
23:54:37 DEBUG  render took 1ms
23:54:43 INFO   GET /api/v1/fort 200 37ms
23:54:48 DEBUG  render took 6ms
23:54:48 INFO   client connected
23:55:05 INFO   POST /api/v1/fort 201 31ms
23:55:13 DEBUG  render took 1ms
23:55:15 INFO   client connected
23:55:22 DEBUG  render took 2ms
23:55:30 INFO   POST /api/v1/fort 201 7ms
23:55:47 INFO   client connected
23:55:49 INFO   GET /api/v1/fort 200 26ms
23:55:51 INFO   client connected
23:55:55 INFO   POST /api/v1/fort 201 34ms
23:55:58 INFO   client connected
23:56:04 INFO   POST /api/v1/fort 201 10ms
23:56:04 DEBUG  render took 2ms
23:56:05 INFO   client connected
23:56:09 DEBUG  render took 6ms
23:56:12 INFO   client connected
23:56:14 DEBUG  render took 9ms
23:56:20 DEBUG  render took 6ms
23:56:20 INFO   client connected
23:56:35 INFO   client connected
23:56:41 INFO   GET /api/v1/fort 200 9ms
23:56:47 DEBUG  render took 8ms
23:56:48 DEBUG  render took 1ms
23:56:54 INFO   POST /api/v1/fort 201 23ms
23:57:16 INFO   POST /api/v1/fort 201 40ms
23:57:17 INFO   POST /api/v1/fort 201 23ms
23:57:21 INFO   client connected
23:57:25 INFO   GET /api/v1/fort 200 38ms
23:57:29 INFO   POST /api/v1/fort 201 34ms
23:57:48 INFO   GET /api/v1/fort 200 36ms
23:57:55 INFO   POST /api/v1/fort 201 20ms
23:57:55 INFO   client connected
23:58:06 INFO   POST /api/v1/fort 201 18ms
23:58:07 INFO   GET /api/v1/fort 200 40ms
23:58:24 INFO   GET /api/v1/fort 200 34ms
23:58:25 INFO   GET /api/v1/fort 200 11ms
23:58:30 DEBUG  render took 6ms
23:58:35 INFO   POST /api/v1/fort 201 28ms
23:58:40 DEBUG  render took 9ms
23:58:40 INFO   client connected
23:58:43 DEBUG  render took 8ms
23:58:48 INFO   client connected
23:58:50 INFO   POST /api/v1/fort 201 27ms
23:58:57 INFO   client connected
23:59:09 INFO   GET /api/v1/fort 200 16ms
23:59:18 INFO   POST /api/v1/fort 201 39ms
23:59:21 INFO   POST /api/v1/fort 201 33ms
23:59:23 DEBUG  render took 4ms
23:59:26 INFO   POST /api/v1/fort 201 37ms
23:59:37 INFO   POST /api/v1/fort 201 14ms
23:59:41 INFO   GET /api/v1/fort 200 23ms
23:59:41 DEBUG  render took 5ms
23:59:47 INFO   client connected
23:59:55 INFO   GET /api/v1/fort 200 11ms
23:59:56 INFO   client connected
23:59:59 INFO   GET /api/v1/fort 200 38ms
00:00:26 INFO   POST /api/v1/fort 201 11ms
00:00:27 INFO   client connected
00:00:36 INFO   GET /api/v1/fort 200 38ms
00:00:39 INFO   client connected
00:00:44 INFO   client connected
00:00:49 INFO   client connected
00:00:50 INFO   client connected
00:00:51 INFO   GET /api/v1/fort 200 32ms
00:00:53 DEBUG  render took 6ms
00:00:55 INFO   GET /api/v1/fort 200 24ms
00:00:59 INFO   client connected
00:00:59 INFO   client connected
00:01:01 INFO   GET /api/v1/fort 200 12ms
00:01:01 DEBUG  render took 3ms
00:01:05 DEBUG  render took 3ms
00:01:20 INFO   client connected
00:01:29 INFO   POST /api/v1/fort 201 28ms
00:01:30 INFO   client connected
00:01:32 INFO   GET /api/v1/fort 200 22ms
00:01:51 INFO   GET /api/v1/fort 200 21ms
00:01:56 INFO   client connected
00:01:59 INFO   POST /api/v1/fort 201 22ms
00:02:07 INFO   GET /api/v1/fort 200 11ms
00:02:10 INFO   GET /api/v1/fort 200 32ms
00:02:13 INFO   GET /api/v1/fort 200 14ms
00:02:14 INFO   GET /api/v1/fort 200 35ms
00:02:16 DEBUG  render took 6ms
00:02:18 INFO   POST /api/v1/fort 201 28ms
00:02:22 INFO   client connected
00:02:23 INFO   GET /api/v1/fort 200 27ms
00:02:24 INFO   GET /api/v1/fort 200 7ms
00:02:31 DEBUG  render took 7ms
00:02:32 INFO   client connected
00:02:32 INFO   POST /api/v1/fort 201 14ms
00:02:33 INFO   client connected
00:02:34 INFO   client connected
00:02:36 INFO   POST /api/v1/fort 201 39ms
00:02:43 INFO   POST /api/v1/fort 201 11ms
00:02:45 DEBUG  render took 1ms
00:02:46 INFO   GET /api/v1/fort 200 24ms
00:02:52 INFO   GET /api/v1/fort 200 35ms
00:03:05 INFO   POST /api/v1/fort 201 22ms
00:03:09 INFO   POST /api/v1/fort 201 25ms
00:03:22 INFO   client connected
00:03:23 INFO   client connected
00:03:29 INFO   client connected
00:03:38 INFO   client connected
00:03:42 INFO   GET /api/v1/fort 200 34ms
00:03:46 INFO   POST /api/v1/fort 201 28ms
00:03:48 INFO   POST /api/v1/fort 201 12ms
00:03:49 INFO   POST /api/v1/fort 201 13ms
00:04:04 DEBUG  render took 4ms
00:04:05 INFO   GET /api/v1/fort 200 29ms
00:04:16 INFO   GET /api/v1/fort 200 38ms
00:04:20 INFO   POST /api/v1/fort 201 38ms
00:04:20 INFO   client connected
00:04:26 INFO   POST /api/v1/fort 201 38ms
00:04:30 INFO   client connected
00:04:33 INFO   client connected
00:04:38 INFO   GET /api/v1/fort 200 22ms
00:04:54 INFO   POST /api/v1/fort 201 30ms
00:05:00 INFO   client connected
00:05:01 INFO   GET /api/v1/fort 200 35ms
00:05:04 DEBUG  render took 5ms
00:05:08 DEBUG  render took 4ms
00:05:09 INFO   GET /api/v1/fort 200 22ms
00:05:16 INFO   GET /api/v1/fort 200 30ms
00:05:21 INFO   GET /api/v1/fort 200 10ms
00:05:24 INFO   POST /api/v1/fort 201 6ms
00:05:25 INFO   POST /api/v1/fort 201 32ms
00:05:31 INFO   GET /api/v1/fort 200 7ms
00:05:35 INFO   GET /api/v1/fort 200 12ms
00:05:48 INFO   GET /api/v1/fort 200 19ms
00:05:49 INFO   GET /api/v1/fort 200 6ms
00:05:50 DEBUG  render took 8ms
00:05:59 INFO   client connected
00:06:02 DEBUG  render took 3ms
00:06:06 DEBUG  render took 3ms
00:06:08 DEBUG  render took 5ms
00:06:13 INFO   POST /api/v1/fort 201 39ms
00:06:32 INFO   POST /api/v1/fort 201 40ms
00:06:32 INFO   POST /api/v1/fort 201 10ms
00:06:45 INFO   GET /api/v1/fort 200 19ms
00:06:55 INFO   GET /api/v1/fort 200 11ms
00:07:00 INFO   client connected
00:07:02 INFO   POST /api/v1/fort 201 13ms
00:07:16 DEBUG  render took 2ms
00:07:19 INFO   GET /api/v1/fort 200 10ms
00:07:31 INFO   GET /api/v1/fort 200 9ms
00:07:34 INFO   client connected
00:07:39 INFO   GET /api/v1/fort 200 32ms
00:07:41 INFO   GET /api/v1/fort 200 7ms
00:07:41 DEBUG  render took 9ms
00:07:45 INFO   client connected
00:07:53 INFO   client connected
00:07:54 INFO   POST /api/v1/fort 201 31ms
00:08:05 INFO   client connected
00:08:10 INFO   client connected
00:08:16 INFO   GET /api/v1/fort 200 6ms
00:08:16 INFO   POST /api/v1/fort 201 10ms
00:08:18 DEBUG  render took 6ms
00:08:19 DEBUG  render took 6ms
00:08:20 INFO   GET /api/v1/fort 200 27ms
00:08:26 INFO   GET /api/v1/fort 200 15ms
00:08:28 DEBUG  render took 5ms
00:08:52 INFO   client connected
00:08:55 DEBUG  render took 2ms
00:09:00 INFO   POST /api/v1/fort 201 21ms
00:09:00 INFO   POST /api/v1/fort 201 20ms
00:09:08 INFO   GET /api/v1/fort 200 17ms
00:09:13 INFO   client connected
00:09:13 INFO   client connected
00:09:14 INFO   GET /api/v1/fort 200 32ms
00:09:19 INFO   GET /api/v1/fort 200 21ms
00:09:28 INFO   client connected
00:09:45 INFO   GET /api/v1/fort 200 30ms
00:09:47 INFO   GET /api/v1/fort 200 18ms
00:09:53 INFO   client connected
00:09:55 DEBUG  render took 5ms
00:09:57 DEBUG  render took 1ms
00:10:04 INFO   GET /api/v1/fort 200 6ms
00:10:04 INFO   POST /api/v1/fort 201 27ms
00:10:28 INFO   POST /api/v1/fort 201 23ms
00:10:44 DEBUG  render took 3ms
00:10:48 INFO   client connected
00:10:51 DEBUG  render took 6ms
00:10:52 INFO   client connected
00:10:54 DEBUG  render took 7ms
00:10:55 INFO   client connected
00:11:09 DEBUG  render took 6ms
00:11:11 INFO   POST /api/v1/fort 201 23ms
00:11:17 INFO   GET /api/v1/fort 200 6ms
00:11:37 DEBUG  render took 5ms
00:11:45 INFO   GET /api/v1/fort 200 19ms
00:11:46 INFO   GET /api/v1/fort 200 37ms
00:11:48 INFO   GET /api/v1/fort 200 9ms
00:12:07 INFO   GET /api/v1/fort 200 35ms
00:12:07 INFO   POST /api/v1/fort 201 34ms
00:12:13 INFO   GET /api/v1/fort 200 40ms
00:12:15 INFO   GET /api/v1/fort 200 6ms
00:12:25 DEBUG  render took 9ms
00:12:30 INFO   client connected
00:12:36 INFO   GET /api/v1/fort 200 8ms
00:12:45 INFO   GET /api/v1/fort 200 7ms
00:12:48 DEBUG  render took 9ms
00:12:53 INFO   client connected
00:12:58 DEBUG  render took 4ms
00:13:01 INFO   GET /api/v1/fort 200 30ms
00:13:03 DEBUG  render took 6ms
00:13:14 INFO   POST /api/v1/fort 201 6ms
00:13:17 INFO   GET /api/v1/fort 200 40ms
00:13:20 INFO   GET /api/v1/fort 200 23ms
00:13:25 INFO   client connected
00:13:26 INFO   POST /api/v1/fort 201 13ms
00:13:26 DEBUG  render took 6ms
00:13:40 INFO   client connected
00:13:41 DEBUG  render took 5ms
00:13:44 INFO   client connected
00:13:46 INFO   client connected
00:13:52 DEBUG  render took 5ms
00:13:54 INFO   POST /api/v1/fort 201 39ms
00:13:55 INFO   client connected
00:14:02 INFO   client connected
00:14:06 INFO   client connected
00:14:25 INFO   GET /api/v1/fort 200 29ms
00:14:31 INFO   GET /api/v1/fort 200 38ms
00:14:32 INFO   GET /api/v1/fort 200 26ms
00:14:35 INFO   POST /api/v1/fort 201 24ms
00:14:39 DEBUG  render took 8ms
00:14:49 DEBUG  render took 2ms
00:14:50 INFO   POST /api/v1/fort 201 11ms
00:14:55 DEBUG  render took 9ms
00:15:05 INFO   client connected
00:15:19 INFO   POST /api/v1/fort 201 21ms
00:15:23 INFO   client connected
00:15:24 INFO   client connected
00:15:31 INFO   GET /api/v1/fort 200 32ms
00:15:40 INFO   GET /api/v1/fort 200 14ms
00:15:46 INFO   POST /api/v1/fort 201 18ms
00:15:55 INFO   client connected
00:15:56 DEBUG  render took 1ms
00:16:09 INFO   GET /api/v1/fort 200 38ms
00:16:18 INFO   POST /api/v1/fort 201 17ms
00:16:21 INFO   client connected
00:16:29 DEBUG  render took 5ms
00:16:35 DEBUG  render took 7ms
00:16:40 INFO   GET /api/v1/fort 200 24ms
00:16:43 INFO   POST /api/v1/fort 201 34ms
00:16:44 INFO   POST /api/v1/fort 201 36ms
00:16:50 INFO   POST /api/v1/fort 201 12ms
00:16:51 INFO   POST /api/v1/fort 201 10ms
00:16:51 INFO   client connected
00:16:55 INFO   POST /api/v1/fort 201 38ms
00:17:01 INFO   POST /api/v1/fort 201 38ms
00:17:05 INFO   POST /api/v1/fort 201 23ms
00:17:05 INFO   POST /api/v1/fort 201 17ms
00:17:08 INFO   GET /api/v1/fort 200 14ms
00:17:19 INFO   POST /api/v1/fort 201 36ms
00:17:27 DEBUG  render took 2ms
00:17:31 DEBUG  render took 6ms
00:17:36 INFO   GET /api/v1/fort 200 38ms
00:17:39 INFO   client connected
00:17:48 INFO   POST /api/v1/fort 201 20ms
00:17:55 INFO   GET /api/v1/fort 200 20ms
00:18:00 INFO   POST /api/v1/fort 201 13ms
00:18:02 INFO   POST /api/v1/fort 201 18ms
00:18:05 INFO   POST /api/v1/fort 201 23ms
00:18:08 INFO   client connected
00:18:16 INFO   client connected
00:18:22 INFO   client connected
00:18:30 INFO   POST /api/v1/fort 201 15ms
00:18:37 INFO   GET /api/v1/fort 200 23ms
00:19:06 INFO   GET /api/v1/fort 200 40ms
00:19:19 INFO   GET /api/v1/fort 200 31ms
00:19:22 INFO   GET /api/v1/fort 200 26ms
00:19:26 DEBUG  render took 5ms
00:19:31 INFO   GET /api/v1/fort 200 23ms
00:19:33 INFO   POST /api/v1/fort 201 35ms
00:19:37 INFO   POST /api/v1/fort 201 24ms
00:19:49 INFO   GET /api/v1/fort 200 25ms
00:19:50 DEBUG  render took 4ms
00:19:54 INFO   POST /api/v1/fort 201 32ms
00:20:05 DEBUG  render took 7ms
00:20:06 INFO   POST /api/v1/fort 201 12ms
00:20:07 INFO   client connected
00:20:17 DEBUG  render took 4ms
00:20:17 DEBUG  render took 1ms
00:20:18 INFO   GET /api/v1/fort 200 11ms
00:20:22 INFO   GET /api/v1/fort 200 23ms
00:20:23 DEBUG  render took 9ms
00:20:26 INFO   client connected
00:20:33 INFO   POST /api/v1/fort 201 29ms
00:20:38 INFO   POST /api/v1/fort 201 14ms
00:20:40 INFO   client connected
00:20:55 INFO   GET /api/v1/fort 200 29ms
00:21:09 INFO   client connected
00:21:10 DEBUG  render took 7ms
00:21:21 DEBUG  render took 3ms
00:21:22 DEBUG  render took 7ms
00:21:26 INFO   POST /api/v1/fort 201 17ms
00:21:27 INFO   GET /api/v1/fort 200 25ms
00:21:48 DEBUG  render took 6ms
00:21:51 INFO   GET /api/v1/fort 200 22ms
00:21:52 DEBUG  render took 7ms
00:21:57 INFO   client connected
00:21:59 INFO   GET /api/v1/fort 200 16ms
00:22:02 INFO   GET /api/v1/fort 200 6ms
00:22:02 DEBUG  render took 3ms
00:22:03 DEBUG  render took 7ms
00:22:29 INFO   GET /api/v1/fort 200 15ms
00:22:34 INFO   POST /api/v1/fort 201 28ms
00:22:42 INFO   client connected
00:22:48 INFO   client connected
00:22:55 INFO   POST /api/v1/fort 201 14ms
00:22:55 DEBUG  render took 5ms
00:23:05 INFO   POST /api/v1/fort 201 13ms
00:23:12 INFO   POST /api/v1/fort 201 7ms
00:23:12 DEBUG  render took 2ms
00:23:14 INFO   POST /api/v1/fort 201 18ms
00:23:17 INFO   POST /api/v1/fort 201 31ms
00:23:27 INFO   POST /api/v1/fort 201 9ms
00:23:30 INFO   GET /api/v1/fort 200 23ms
00:23:32 INFO   GET /api/v1/fort 200 12ms
00:23:40 INFO   GET /api/v1/fort 200 40ms
00:23:44 INFO   POST /api/v1/fort 201 12ms
00:23:49 DEBUG  render took 6ms
00:23:53 INFO   POST /api/v1/fort 201 6ms
00:24:02 INFO   client connected
00:24:06 INFO   GET /api/v1/fort 200 21ms
00:24:09 INFO   GET /api/v1/fort 200 17ms
00:24:21 INFO   POST /api/v1/fort 201 22ms
00:24:22 DEBUG  render took 3ms
00:24:24 DEBUG  render took 5ms
00:24:25 INFO   GET /api/v1/fort 200 7ms
00:24:29 INFO   POST /api/v1/fort 201 39ms
00:24:39 INFO   client connected
00:24:45 INFO   GET /api/v1/fort 200 30ms
00:24:46 INFO   client connected
00:25:06 INFO   GET /api/v1/fort 200 18ms
00:25:27 INFO   client connected
00:25:53 DEBUG  render took 2ms
00:25:54 INFO   client connected
00:25:55 INFO   GET /api/v1/fort 200 20ms
00:25:56 INFO   GET /api/v1/fort 200 39ms
00:25:58 INFO   GET /api/v1/fort 200 37ms
00:26:06 INFO   client connected
00:26:10 INFO   POST /api/v1/fort 201 35ms
00:26:11 DEBUG  render took 8ms
00:26:34 DEBUG  render took 2ms
00:26:35 INFO   client connected
00:26:36 INFO   GET /api/v1/fort 200 32ms
00:26:36 INFO   GET /api/v1/fort 200 37ms
00:26:36 DEBUG  render took 1ms
00:26:38 INFO   client connected
00:27:04 INFO   POST /api/v1/fort 201 20ms
00:27:07 INFO   client connected
00:27:26 INFO   client connected
00:27:54 INFO   GET /api/v1/fort 200 8ms
00:28:20 DEBUG  render took 1ms
00:28:20 INFO   GET /api/v1/fort 200 20ms
00:28:25 INFO   POST /api/v1/fort 201 17ms
00:28:34 DEBUG  render took 6ms
00:28:36 DEBUG  render took 9ms
00:28:44 DEBUG  render took 9ms
00:29:04 DEBUG  render took 1ms
00:29:08 INFO   client connected
00:29:15 INFO   POST /api/v1/fort 201 11ms
00:29:16 INFO   POST /api/v1/fort 201 16ms
00:29:18 INFO   client connected
00:29:18 INFO   POST /api/v1/fort 201 18ms
00:29:21 INFO   client connected
00:29:22 INFO   client connected
00:29:24 INFO   GET /api/v1/fort 200 17ms
00:29:33 DEBUG  render took 8ms
00:29:36 DEBUG  render took 9ms
00:29:48 INFO   POST /api/v1/fort 201 39ms
00:29:57 DEBUG  render took 8ms
00:30:02 INFO   GET /api/v1/fort 200 8ms
00:30:04 DEBUG  render took 6ms
00:30:06 INFO   client connected
00:30:09 INFO   client connected
00:30:10 INFO   GET /api/v1/fort 200 23ms
00:30:17 DEBUG  render took 9ms
00:30:18 INFO   POST /api/v1/fort 201 37ms
00:30:21 INFO   GET /api/v1/fort 200 24ms
00:30:30 DEBUG  render took 8ms
00:30:31 INFO   POST /api/v1/fort 201 30ms
00:30:39 INFO   POST /api/v1/fort 201 12ms
00:30:39 INFO   GET /api/v1/fort 200 12ms
00:30:40 INFO   client connected
00:30:43 INFO   GET /api/v1/fort 200 38ms
00:30:43 INFO   client connected
00:30:47 INFO   GET /api/v1/fort 200 22ms
00:30:48 INFO   client connected
00:30:53 INFO   GET /api/v1/fort 200 34ms
00:30:54 INFO   client connected
00:30:59 INFO   GET /api/v1/fort 200 33ms
00:31:04 INFO   GET /api/v1/fort 200 17ms
00:31:08 INFO   POST /api/v1/fort 201 23ms
00:31:45 INFO   GET /api/v1/fort 200 34ms
00:31:51 INFO   GET /api/v1/fort 200 40ms
00:32:00 DEBUG  render took 2ms
00:32:06 INFO   POST /api/v1/fort 201 23ms
00:32:07 INFO   GET /api/v1/fort 200 36ms
00:32:19 INFO   POST /api/v1/fort 201 13ms
00:32:38 INFO   client connected
00:32:49 DEBUG  render took 5ms
00:32:58 INFO   POST /api/v1/fort 201 6ms
00:33:00 INFO   GET /api/v1/fort 200 8ms
00:33:02 INFO   POST /api/v1/fort 201 38ms
00:33:03 DEBUG  render took 7ms
00:33:13 INFO   GET /api/v1/fort 200 27ms
00:33:17 INFO   POST /api/v1/fort 201 25ms
00:33:25 DEBUG  render took 1ms
00:33:38 INFO   POST /api/v1/fort 201 13ms
00:33:45 INFO   client connected
00:33:47 INFO   client connected
00:33:49 DEBUG  render took 7ms
00:33:53 DEBUG  render took 3ms
00:33:58 INFO   client connected
00:33:58 INFO   GET /api/v1/fort 200 28ms
00:34:02 DEBUG  render took 6ms
00:34:09 INFO   GET /api/v1/fort 200 40ms
00:34:26 INFO   client connected
00:34:31 INFO   client connected
00:34:33 INFO   POST /api/v1/fort 201 10ms
00:34:37 DEBUG  render took 1ms
00:34:37 DEBUG  render took 7ms
00:34:52 INFO   client connected
00:34:56 INFO   client connected
00:35:00 INFO   GET /api/v1/fort 200 36ms
00:35:00 INFO   client connected
00:35:00 INFO   GET /api/v1/fort 200 8ms
00:35:06 INFO   client connected
00:35:15 INFO   POST /api/v1/fort 201 8ms
00:35:18 INFO   client connected
00:35:22 INFO   POST /api/v1/fort 201 14ms
00:35:29 INFO   POST /api/v1/fort 201 24ms
00:36:10 DEBUG  render took 8ms
00:36:13 INFO   client connected
00:36:14 DEBUG  render took 8ms
00:36:22 INFO   POST /api/v1/fort 201 37ms
00:36:31 DEBUG  render took 3ms
00:36:31 INFO   POST /api/v1/fort 201 14ms
00:36:43 INFO   GET /api/v1/fort 200 12ms
00:36:47 DEBUG  render took 5ms
00:36:50 DEBUG  render took 6ms
00:36:50 INFO   POST /api/v1/fort 201 21ms
00:36:55 INFO   client connected
00:37:08 INFO   GET /api/v1/fort 200 10ms
00:37:11 INFO   POST /api/v1/fort 201 36ms
00:37:20 INFO   client connected
00:37:23 INFO   POST /api/v1/fort 201 31ms
00:37:26 INFO   POST /api/v1/fort 201 21ms
00:37:26 DEBUG  render took 9ms
00:37:27 INFO   GET /api/v1/fort 200 26ms
00:37:40 INFO   GET /api/v1/fort 200 32ms
00:37:54 INFO   client connected
00:38:00 DEBUG  render took 1ms
00:38:03 INFO   POST /api/v1/fort 201 32ms
00:38:06 INFO   GET /api/v1/fort 200 9ms
00:38:08 DEBUG  render took 8ms
00:38:17 INFO   POST /api/v1/fort 201 28ms
00:38:21 INFO   client connected
00:38:22 DEBUG  render took 9ms
00:38:22 DEBUG  render took 2ms
00:38:34 INFO   POST /api/v1/fort 201 40ms
00:38:34 INFO   GET /api/v1/fort 200 27ms
00:38:43 INFO   client connected
00:38:44 DEBUG  render took 3ms
00:38:44 INFO   POST /api/v1/fort 201 12ms
00:38:47 INFO   GET /api/v1/fort 200 21ms
00:38:49 INFO   client connected
00:39:08 INFO   client connected
00:39:11 DEBUG  render took 3ms
00:39:12 DEBUG  render took 4ms
00:39:17 INFO   POST /api/v1/fort 201 33ms
00:39:23 INFO   client connected
00:39:24 INFO   GET /api/v1/fort 200 21ms
00:39:28 INFO   POST /api/v1/fort 201 27ms
00:39:30 INFO   POST /api/v1/fort 201 20ms
00:39:35 INFO   POST /api/v1/fort 201 36ms
00:39:38 INFO   POST /api/v1/fort 201 27ms
00:39:39 DEBUG  render took 8ms
00:39:45 DEBUG  render took 7ms
00:39:58 DEBUG  render took 4ms
00:39:59 INFO   client connected
00:40:01 INFO   GET /api/v1/fort 200 12ms
00:40:05 DEBUG  render took 4ms
00:40:17 DEBUG  render took 9ms
00:40:28 INFO   POST /api/v1/fort 201 15ms
00:40:31 INFO   GET /api/v1/fort 200 9ms
00:40:42 INFO   POST /api/v1/fort 201 19ms
00:40:49 DEBUG  render took 8ms
00:40:51 INFO   client connected
00:41:02 DEBUG  render took 6ms
00:41:10 INFO   GET /api/v1/fort 200 36ms
00:41:15 INFO   GET /api/v1/fort 200 15ms
00:41:20 INFO   client connected
00:41:25 INFO   client connected
00:41:35 INFO   client connected
00:41:45 DEBUG  render took 2ms
00:41:45 INFO   GET /api/v1/fort 200 18ms
00:41:45 INFO   client connected
00:41:47 INFO   client connected
00:41:51 DEBUG  render took 8ms
00:41:58 INFO   GET /api/v1/fort 200 40ms
00:41:58 INFO   POST /api/v1/fort 201 20ms
00:42:01 DEBUG  render took 8ms
00:42:09 INFO   POST /api/v1/fort 201 10ms
00:42:20 INFO   client connected
00:42:22 DEBUG  render took 4ms
00:42:26 INFO   POST /api/v1/fort 201 34ms
00:42:26 INFO   client connected
00:42:35 INFO   client connected
00:42:36 INFO   POST /api/v1/fort 201 33ms
00:42:40 INFO   GET /api/v1/fort 200 13ms
00:42:42 INFO   client connected
00:42:51 INFO   GET /api/v1/fort 200 30ms
00:43:06 INFO   GET /api/v1/fort 200 39ms
00:43:10 DEBUG  render took 1ms
00:43:12 DEBUG  render took 9ms
00:43:22 INFO   GET /api/v1/fort 200 21ms
00:43:29 INFO   client connected
00:43:30 INFO   client connected
00:43:30 DEBUG  render took 3ms
00:43:38 DEBUG  render took 1ms
00:43:39 INFO   POST /api/v1/fort 201 32ms
00:43:39 INFO   POST /api/v1/fort 201 35ms
00:43:44 INFO   POST /api/v1/fort 201 33ms
00:43:47 INFO   GET /api/v1/fort 200 36ms
00:43:54 INFO   POST /api/v1/fort 201 32ms
00:43:57 INFO   client connected
00:43:58 DEBUG  render took 2ms
00:44:00 INFO   client connected
00:44:03 DEBUG  render took 8ms
00:44:03 DEBUG  render took 9ms
00:44:05 INFO   GET /api/v1/fort 200 11ms
00:44:15 INFO   POST /api/v1/fort 201 8ms
00:44:18 INFO   POST /api/v1/fort 201 38ms
00:44:27 INFO   GET /api/v1/fort 200 38ms
00:44:28 INFO   GET /api/v1/fort 200 38ms
00:44:31 INFO   POST /api/v1/fort 201 26ms
00:44:33 INFO   POST /api/v1/fort 201 12ms
00:44:55 INFO   POST /api/v1/fort 201 11ms
00:44:56 DEBUG  render took 2ms
00:44:58 INFO   GET /api/v1/fort 200 20ms
00:44:58 INFO   POST /api/v1/fort 201 35ms
00:45:03 DEBUG  render took 8ms
00:45:06 INFO   GET /api/v1/fort 200 20ms
00:45:06 INFO   GET /api/v1/fort 200 22ms
00:45:06 INFO   GET /api/v1/fort 200 37ms
00:45:11 INFO   POST /api/v1/fort 201 34ms
00:45:16 INFO   client connected
00:45:24 DEBUG  render took 2ms
00:45:28 INFO   GET /api/v1/fort 200 21ms
00:45:31 INFO   client connected
00:45:32 DEBUG  render took 9ms
00:45:35 INFO   client connected
00:45:40 INFO   POST /api/v1/fort 201 31ms
00:45:44 INFO   GET /api/v1/fort 200 31ms
00:46:04 DEBUG  render took 2ms
00:46:07 INFO   GET /api/v1/fort 200 18ms
00:46:26 INFO   POST /api/v1/fort 201 26ms
00:46:32 INFO   client connected
00:46:54 INFO   POST /api/v1/fort 201 13ms
00:47:06 INFO   client connected
00:47:11 INFO   client connected
00:47:25 INFO   POST /api/v1/fort 201 26ms
00:47:31 INFO   GET /api/v1/fort 200 22ms
00:47:45 INFO   POST /api/v1/fort 201 33ms
00:47:51 INFO   POST /api/v1/fort 201 18ms
00:47:52 DEBUG  render took 8ms
00:47:53 INFO   POST /api/v1/fort 201 29ms
00:47:53 INFO   POST /api/v1/fort 201 37ms
00:48:00 DEBUG  render took 2ms
00:48:04 INFO   GET /api/v1/fort 200 22ms
00:48:18 INFO   client connected
00:48:22 INFO   client connected
00:48:24 INFO   POST /api/v1/fort 201 36ms
00:48:28 DEBUG  render took 6ms
00:48:44 DEBUG  render took 6ms
00:48:46 DEBUG  render took 6ms
00:49:06 INFO   POST /api/v1/fort 201 8ms
00:49:13 INFO   POST /api/v1/fort 201 11ms
00:49:19 INFO   client connected
00:49:21 INFO   GET /api/v1/fort 200 28ms
00:49:27 INFO   POST /api/v1/fort 201 19ms
00:49:28 INFO   client connected
00:49:29 INFO   client connected
00:49:34 INFO   POST /api/v1/fort 201 10ms
00:49:35 DEBUG  render took 9ms
00:49:41 DEBUG  render took 7ms
00:49:47 INFO   GET /api/v1/fort 200 8ms
00:49:49 INFO   POST /api/v1/fort 201 13ms
00:49:54 INFO   client connected
00:50:00 INFO   client connected
00:50:02 INFO   GET /api/v1/fort 200 13ms
00:50:13 INFO   POST /api/v1/fort 201 34ms
00:50:13 INFO   POST /api/v1/fort 201 14ms
00:50:27 INFO   client connected
00:50:31 INFO   GET /api/v1/fort 200 8ms
00:50:31 INFO   POST /api/v1/fort 201 36ms
00:50:47 INFO   client connected
00:50:53 DEBUG  render took 4ms
00:50:54 DEBUG  render took 8ms
00:51:04 INFO   POST /api/v1/fort 201 14ms
00:51:07 INFO   GET /api/v1/fort 200 23ms
00:51:10 INFO   GET /api/v1/fort 200 25ms
00:51:14 INFO   GET /api/v1/fort 200 6ms
00:51:45 INFO   client connected
00:51:51 INFO   client connected
00:51:53 INFO   POST /api/v1/fort 201 39ms
00:51:56 INFO   client connected
00:52:09 INFO   POST /api/v1/fort 201 8ms
00:52:22 INFO   POST /api/v1/fort 201 32ms
00:52:28 INFO   POST /api/v1/fort 201 21ms
00:52:28 INFO   GET /api/v1/fort 200 32ms
00:52:30 INFO   client connected
00:52:30 DEBUG  render took 9ms
00:52:30 INFO   client connected
00:52:33 INFO   POST /api/v1/fort 201 15ms
00:52:36 DEBUG  render took 3ms
00:52:41 INFO   POST /api/v1/fort 201 21ms
00:52:44 DEBUG  render took 8ms
00:52:49 INFO   POST /api/v1/fort 201 22ms
00:53:01 INFO   POST /api/v1/fort 201 17ms
00:53:05 INFO   client connected
00:53:13 INFO   client connected
00:53:14 INFO   client connected
00:53:16 INFO   client connected
00:53:32 DEBUG  render took 9ms
00:53:34 INFO   POST /api/v1/fort 201 22ms
00:53:47 INFO   GET /api/v1/fort 200 8ms
00:53:47 INFO   POST /api/v1/fort 201 32ms
00:53:51 INFO   client connected
00:54:10 INFO   POST /api/v1/fort 201 23ms
00:54:13 DEBUG  render took 3ms
00:54:17 INFO   client connected
00:54:28 INFO   POST /api/v1/fort 201 11ms
00:54:30 INFO   POST /api/v1/fort 201 9ms
00:54:46 DEBUG  render took 5ms
00:55:01 DEBUG  render took 6ms
00:55:05 DEBUG  render took 3ms
00:55:15 INFO   client connected
00:55:28 INFO   GET /api/v1/fort 200 29ms
00:55:36 INFO   POST /api/v1/fort 201 36ms
00:55:51 DEBUG  render took 5ms
00:55:53 INFO   client connected
00:56:10 INFO   POST /api/v1/fort 201 26ms
00:56:14 INFO   GET /api/v1/fort 200 35ms
00:56:26 INFO   GET /api/v1/fort 200 35ms
00:56:29 DEBUG  render took 1ms
00:56:30 INFO   client connected
00:56:30 INFO   GET /api/v1/fort 200 35ms
00:56:52 INFO   client connected
00:56:53 DEBUG  render took 7ms
00:56:57 DEBUG  render took 4ms
00:56:57 INFO   POST /api/v1/fort 201 40ms
00:56:58 INFO   POST /api/v1/fort 201 33ms
00:57:04 INFO   GET /api/v1/fort 200 39ms
00:57:07 INFO   GET /api/v1/fort 200 14ms
00:57:22 INFO   POST /api/v1/fort 201 39ms
00:57:22 DEBUG  render took 7ms
00:57:27 INFO   client connected
00:57:37 INFO   POST /api/v1/fort 201 36ms
00:57:48 DEBUG  render took 4ms
00:57:51 INFO   client connected
00:58:17 INFO   GET /api/v1/fort 200 19ms
00:58:17 INFO   POST /api/v1/fort 201 30ms
00:58:28 DEBUG  render took 4ms
00:58:32 INFO   GET /api/v1/fort 200 25ms
00:58:35 INFO   GET /api/v1/fort 200 6ms
00:58:41 INFO   GET /api/v1/fort 200 36ms
00:58:46 INFO   client connected
00:58:51 DEBUG  render took 2ms
00:59:02 INFO   client connected
00:59:06 DEBUG  render took 2ms
00:59:13 INFO   GET /api/v1/fort 200 6ms
00:59:14 INFO   GET /api/v1/fort 200 37ms
00:59:17 INFO   POST /api/v1/fort 201 33ms
00:59:20 INFO   client connected
00:59:21 INFO   GET /api/v1/fort 200 14ms
00:59:23 DEBUG  render took 5ms
00:59:25 INFO   GET /api/v1/fort 200 18ms
00:59:51 DEBUG  render took 5ms
00:59:53 DEBUG  render took 2ms
00:59:54 INFO   POST /api/v1/fort 201 22ms
00:59:56 INFO   POST /api/v1/fort 201 39ms
00:59:57 DEBUG  render took 9ms
01:00:02 INFO   POST /api/v1/fort 201 34ms
01:00:16 INFO   POST /api/v1/fort 201 8ms
01:00:18 DEBUG  render took 6ms
01:00:19 INFO   POST /api/v1/fort 201 17ms
01:00:34 DEBUG  render took 9ms
01:00:34 INFO   POST /api/v1/fort 201 10ms
01:00:39 INFO   client connected
01:00:40 INFO   POST /api/v1/fort 201 16ms
01:00:49 DEBUG  render took 4ms
01:00:50 INFO   POST /api/v1/fort 201 40ms
01:00:57 INFO   GET /api/v1/fort 200 30ms
01:01:02 INFO   GET /api/v1/fort 200 13ms
01:01:10 DEBUG  render took 3ms
01:01:14 INFO   client connected
01:01:19 INFO   client connected
01:01:22 DEBUG  render took 1ms
01:01:27 DEBUG  render took 1ms
01:01:33 INFO   GET /api/v1/fort 200 10ms
01:01:33 DEBUG  render took 1ms
01:01:37 INFO   client connected
01:01:45 INFO   client connected
01:01:53 INFO   client connected
01:01:55 INFO   POST /api/v1/fort 201 16ms
01:01:59 INFO   POST /api/v1/fort 201 28ms
01:02:08 DEBUG  render took 6ms
01:02:11 INFO   GET /api/v1/fort 200 10ms
01:02:15 DEBUG  render took 6ms
01:02:20 INFO   POST /api/v1/fort 201 21ms
01:02:20 DEBUG  render took 4ms
01:02:24 INFO   POST /api/v1/fort 201 28ms
01:02:32 INFO   GET /api/v1/fort 200 24ms
01:02:34 DEBUG  render took 6ms
01:02:34 INFO   client connected
01:02:36 INFO   GET /api/v1/fort 200 36ms
01:02:50 INFO   client connected
01:02:50 DEBUG  render took 9ms
01:02:56 INFO   GET /api/v1/fort 200 7ms
01:03:02 INFO   POST /api/v1/fort 201 34ms
01:03:04 INFO   POST /api/v1/fort 201 11ms
01:03:08 INFO   client connected
01:03:13 INFO   client connected
01:03:22 INFO   GET /api/v1/fort 200 32ms
01:03:29 DEBUG  render took 7ms
01:03:33 INFO   GET /api/v1/fort 200 7ms
01:03:40 INFO   POST /api/v1/fort 201 18ms
01:04:10 INFO   POST /api/v1/fort 201 40ms
01:04:24 INFO   GET /api/v1/fort 200 35ms
01:04:24 INFO   client connected
01:04:27 INFO   GET /api/v1/fort 200 11ms
01:04:30 INFO   client connected
01:04:36 INFO   client connected
01:04:47 DEBUG  render took 9ms
01:04:49 DEBUG  render took 6ms
01:04:54 INFO   client connected
01:05:06 INFO   POST /api/v1/fort 201 15ms
01:05:19 INFO   POST /api/v1/fort 201 34ms
01:05:45 INFO   client connected
01:05:52 INFO   GET /api/v1/fort 200 27ms
01:06:01 DEBUG  render took 1ms
01:06:05 DEBUG  render took 8ms
01:06:07 INFO   POST /api/v1/fort 201 37ms
01:06:07 DEBUG  render took 3ms
01:06:13 INFO   client connected
01:06:15 INFO   client connected
01:06:16 INFO   POST /api/v1/fort 201 40ms
01:06:18 INFO   client connected
01:06:30 INFO   POST /api/v1/fort 201 25ms
01:06:30 DEBUG  render took 4ms
01:06:37 INFO   client connected
01:06:39 INFO   client connected
01:06:51 INFO   POST /api/v1/fort 201 22ms
01:06:54 INFO   client connected
01:06:57 INFO   GET /api/v1/fort 200 11ms
01:07:01 INFO   POST /api/v1/fort 201 12ms
01:07:07 INFO   GET /api/v1/fort 200 13ms
01:07:09 DEBUG  render took 2ms
01:07:09 INFO   GET /api/v1/fort 200 25ms
01:07:18 DEBUG  render took 8ms
01:07:22 INFO   client connected
01:07:23 DEBUG  render took 8ms
01:07:27 DEBUG  render took 7ms
01:07:37 INFO   POST /api/v1/fort 201 30ms
01:07:38 DEBUG  render took 7ms
01:07:39 INFO   GET /api/v1/fort 200 39ms
01:07:40 INFO   GET /api/v1/fort 200 10ms
01:07:42 INFO   POST /api/v1/fort 201 9ms
01:07:52 INFO   client connected
01:08:00 INFO   GET /api/v1/fort 200 28ms
01:08:02 INFO   GET /api/v1/fort 200 28ms
01:08:11 INFO   GET /api/v1/fort 200 13ms
01:08:14 DEBUG  render took 9ms
01:08:18 INFO   POST /api/v1/fort 201 11ms
01:08:21 INFO   client connected
01:08:26 INFO   GET /api/v1/fort 200 31ms
01:08:30 INFO   GET /api/v1/fort 200 21ms
01:08:34 DEBUG  render took 9ms
01:08:36 DEBUG  render took 4ms
01:08:42 INFO   POST /api/v1/fort 201 25ms
01:08:43 DEBUG  render took 8ms
01:08:44 DEBUG  render took 7ms
01:08:54 INFO   POST /api/v1/fort 201 27ms
01:08:55 INFO   GET /api/v1/fort 200 8ms
01:08:58 DEBUG  render took 9ms
01:09:07 INFO   client connected
01:09:09 DEBUG  render took 9ms
01:09:13 DEBUG  render took 6ms
01:09:21 INFO   client connected
01:09:23 INFO   POST /api/v1/fort 201 13ms
01:09:33 DEBUG  render took 8ms
01:09:35 INFO   GET /api/v1/fort 200 38ms
01:09:42 INFO   client connected
01:09:44 DEBUG  render took 6ms
01:09:44 INFO   POST /api/v1/fort 201 22ms
01:09:44 DEBUG  render took 3ms
01:09:46 INFO   client connected
01:09:46 INFO   GET /api/v1/fort 200 23ms
01:09:50 INFO   client connected
01:09:55 INFO   GET /api/v1/fort 200 39ms
01:10:06 INFO   client connected
01:10:08 INFO   client connected
01:10:09 INFO   client connected
01:10:12 INFO   client connected
01:10:14 INFO   client connected
01:10:14 INFO   POST /api/v1/fort 201 39ms
01:10:20 INFO   GET /api/v1/fort 200 23ms
01:10:22 INFO   client connected
01:10:25 DEBUG  render took 1ms
01:10:26 INFO   POST /api/v1/fort 201 19ms
01:10:29 INFO   client connected
01:10:30 INFO   client connected
01:10:31 INFO   POST /api/v1/fort 201 30ms
01:10:31 INFO   POST /api/v1/fort 201 35ms
01:11:02 INFO   POST /api/v1/fort 201 29ms
01:11:03 DEBUG  render took 8ms
01:11:21 INFO   POST /api/v1/fort 201 6ms
01:11:46 INFO   client connected
01:11:55 INFO   GET /api/v1/fort 200 8ms
01:12:00 INFO   POST /api/v1/fort 201 33ms
01:12:04 INFO   client connected
01:12:11 INFO   POST /api/v1/fort 201 7ms
01:12:13 INFO   POST /api/v1/fort 201 21ms
01:12:16 INFO   client connected
01:12:17 INFO   POST /api/v1/fort 201 8ms
01:12:17 INFO   POST /api/v1/fort 201 32ms
01:12:18 INFO   POST /api/v1/fort 201 19ms
01:12:34 INFO   GET /api/v1/fort 200 18ms
01:12:35 DEBUG  render took 1ms
01:12:35 INFO   GET /api/v1/fort 200 38ms
01:12:46 INFO   POST /api/v1/fort 201 16ms
01:12:48 INFO   client connected
01:12:50 INFO   GET /api/v1/fort 200 23ms
01:12:53 INFO   POST /api/v1/fort 201 32ms
01:12:56 INFO   client connected
01:12:56 INFO   POST /api/v1/fort 201 17ms
01:12:56 INFO   POST /api/v1/fort 201 14ms
01:13:15 INFO   POST /api/v1/fort 201 15ms
01:13:16 INFO   GET /api/v1/fort 200 33ms
01:13:19 INFO   GET /api/v1/fort 200 31ms
01:13:20 DEBUG  render took 6ms
01:13:29 INFO   POST /api/v1/fort 201 24ms
01:13:33 INFO   GET /api/v1/fort 200 13ms
01:13:37 DEBUG  render took 3ms
01:13:44 INFO   client connected
01:13:53 INFO   GET /api/v1/fort 200 15ms
01:13:55 INFO   GET /api/v1/fort 200 23ms
01:13:55 INFO   client connected
01:13:59 INFO   GET /api/v1/fort 200 17ms
01:14:09 INFO   POST /api/v1/fort 201 8ms
01:14:14 INFO   POST /api/v1/fort 201 15ms
01:14:21 INFO   client connected
01:14:24 INFO   client connected
01:14:24 INFO   client connected
01:14:34 DEBUG  render took 8ms
01:14:45 DEBUG  render took 2ms
01:14:47 INFO   client connected
01:14:47 INFO   POST /api/v1/fort 201 37ms
01:14:50 INFO   GET /api/v1/fort 200 19ms
01:14:52 DEBUG  render took 7ms
01:14:56 INFO   client connected
01:14:59 INFO   POST /api/v1/fort 201 6ms
01:15:04 DEBUG  render took 6ms
01:15:05 INFO   GET /api/v1/fort 200 33ms
01:15:10 INFO   GET /api/v1/fort 200 26ms
01:15:21 INFO   client connected
01:15:26 INFO   POST /api/v1/fort 201 35ms
01:15:36 DEBUG  render took 2ms
01:15:42 INFO   POST /api/v1/fort 201 32ms
01:15:44 INFO   client connected
01:15:57 INFO   client connected
01:16:05 DEBUG  render took 9ms
01:16:12 DEBUG  render took 5ms
01:16:13 INFO   POST /api/v1/fort 201 18ms
01:16:20 INFO   GET /api/v1/fort 200 36ms
01:16:22 INFO   client connected
01:16:32 INFO   POST /api/v1/fort 201 32ms
01:16:33 INFO   POST /api/v1/fort 201 7ms
01:16:34 DEBUG  render took 6ms
01:16:43 INFO   POST /api/v1/fort 201 26ms
01:16:45 INFO   client connected
01:16:58 INFO   POST /api/v1/fort 201 29ms
01:17:08 INFO   client connected
01:17:12 DEBUG  render took 4ms
01:17:13 INFO   client connected
01:17:17 INFO   client connected
01:17:19 INFO   POST /api/v1/fort 201 23ms
01:17:25 INFO   POST /api/v1/fort 201 39ms
01:17:33 INFO   client connected
01:17:43 INFO   GET /api/v1/fort 200 30ms
01:17:51 INFO   POST /api/v1/fort 201 11ms
01:17:54 DEBUG  render took 4ms
01:17:55 INFO   POST /api/v1/fort 201 28ms
01:17:58 DEBUG  render took 4ms
01:18:13 INFO   POST /api/v1/fort 201 37ms
01:18:18 INFO   POST /api/v1/fort 201 25ms
01:18:19 INFO   GET /api/v1/fort 200 37ms
01:18:25 DEBUG  render took 6ms
01:18:25 INFO   GET /api/v1/fort 200 17ms
01:18:33 DEBUG  render took 3ms
01:18:35 INFO   GET /api/v1/fort 200 22ms
01:18:39 INFO   POST /api/v1/fort 201 28ms
01:18:42 INFO   POST /api/v1/fort 201 15ms
01:19:03 DEBUG  render took 6ms
01:19:06 INFO   POST /api/v1/fort 201 26ms
01:19:11 INFO   GET /api/v1/fort 200 7ms
01:19:22 INFO   client connected
01:19:26 INFO   POST /api/v1/fort 201 39ms
01:19:30 INFO   client connected
01:19:36 INFO   client connected
01:19:37 INFO   POST /api/v1/fort 201 38ms
01:19:38 INFO   GET /api/v1/fort 200 25ms
01:19:40 INFO   GET /api/v1/fort 200 9ms
01:19:45 INFO   POST /api/v1/fort 201 38ms
01:19:58 INFO   POST /api/v1/fort 201 29ms
01:20:07 DEBUG  render took 3ms
01:20:08 INFO   POST /api/v1/fort 201 37ms
01:20:12 INFO   client connected
01:20:32 INFO   client connected
01:20:39 INFO   POST /api/v1/fort 201 33ms
01:20:39 DEBUG  render took 1ms
01:20:44 DEBUG  render took 4ms
01:20:55 INFO   client connected
01:21:00 INFO   client connected
01:21:32 DEBUG  render took 5ms
01:21:32 DEBUG  render took 8ms
01:21:54 INFO   POST /api/v1/fort 201 23ms
01:22:05 INFO   client connected
01:22:07 INFO   client connected
01:22:21 INFO   GET /api/v1/fort 200 38ms
01:22:37 DEBUG  render took 4ms
01:22:42 INFO   GET /api/v1/fort 200 27ms
01:22:45 INFO   client connected
01:22:59 INFO   client connected
01:23:16 DEBUG  render took 8ms
01:23:18 INFO   GET /api/v1/fort 200 18ms
01:23:20 INFO   client connected
01:23:29 DEBUG  render took 8ms
01:23:40 INFO   client connected
01:23:52 INFO   POST /api/v1/fort 201 35ms
01:23:52 INFO   GET /api/v1/fort 200 22ms
01:23:54 INFO   GET /api/v1/fort 200 9ms
01:24:13 INFO   GET /api/v1/fort 200 25ms
01:24:22 DEBUG  render took 5ms
01:24:22 INFO   POST /api/v1/fort 201 37ms
01:24:25 DEBUG  render took 4ms
01:24:28 DEBUG  render took 3ms
01:24:29 INFO   client connected
01:24:30 INFO   POST /api/v1/fort 201 23ms
01:24:33 INFO   client connected
01:24:36 INFO   POST /api/v1/fort 201 14ms
01:24:40 INFO   client connected
01:24:48 INFO   POST /api/v1/fort 201 16ms
01:25:05 INFO   POST /api/v1/fort 201 14ms
01:25:07 INFO   GET /api/v1/fort 200 6ms
01:25:16 INFO   client connected
01:25:17 INFO   POST /api/v1/fort 201 36ms
01:25:19 INFO   POST /api/v1/fort 201 40ms
01:25:24 INFO   client connected
01:25:28 INFO   POST /api/v1/fort 201 29ms
01:25:32 INFO   GET /api/v1/fort 200 10ms
01:25:33 DEBUG  render took 6ms
01:25:47 INFO   POST /api/v1/fort 201 40ms
01:25:53 INFO   GET /api/v1/fort 200 24ms
01:25:58 INFO   GET /api/v1/fort 200 19ms
01:26:04 DEBUG  render took 4ms
01:26:15 INFO   client connected
01:26:18 DEBUG  render took 6ms
01:26:28 INFO   GET /api/v1/fort 200 17ms
01:26:29 INFO   POST /api/v1/fort 201 12ms
01:26:31 INFO   POST /api/v1/fort 201 27ms
01:26:33 DEBUG  render took 1ms
01:26:34 INFO   client connected
01:26:34 INFO   POST /api/v1/fort 201 15ms
01:26:36 DEBUG  render took 9ms
01:26:50 INFO   GET /api/v1/fort 200 13ms
01:26:53 INFO   client connected
01:27:00 INFO   POST /api/v1/fort 201 26ms
01:27:01 DEBUG  render took 4ms
01:27:02 INFO   POST /api/v1/fort 201 37ms
01:27:11 INFO   POST /api/v1/fort 201 29ms
01:27:18 DEBUG  render took 1ms
01:27:21 INFO   POST /api/v1/fort 201 36ms
01:27:39 INFO   client connected
01:27:47 INFO   client connected
01:27:49 DEBUG  render took 4ms
01:27:51 INFO   client connected
01:27:55 INFO   POST /api/v1/fort 201 7ms
01:28:02 INFO   GET /api/v1/fort 200 38ms
01:28:10 INFO   POST /api/v1/fort 201 14ms
01:28:11 INFO   POST /api/v1/fort 201 40ms
01:28:20 INFO   client connected
01:28:21 INFO   client connected
01:28:26 INFO   GET /api/v1/fort 200 8ms
01:28:29 DEBUG  render took 1ms
01:28:48 INFO   client connected
01:28:59 INFO   client connected
01:29:00 DEBUG  render took 3ms
01:29:02 INFO   client connected
01:29:06 INFO   client connected
01:29:06 DEBUG  render took 6ms
01:29:10 DEBUG  render took 1ms
01:29:15 INFO   GET /api/v1/fort 200 19ms
01:29:22 DEBUG  render took 9ms
01:29:29 INFO   client connected
01:29:32 DEBUG  render took 9ms
01:29:33 INFO   POST /api/v1/fort 201 10ms
01:29:40 DEBUG  render took 1ms
01:29:53 INFO   POST /api/v1/fort 201 40ms
01:29:56 INFO   client connected
01:29:58 INFO   GET /api/v1/fort 200 32ms
01:30:02 DEBUG  render took 9ms
01:30:03 INFO   GET /api/v1/fort 200 31ms
01:30:03 INFO   POST /api/v1/fort 201 25ms
01:30:07 INFO   client connected
01:30:07 INFO   GET /api/v1/fort 200 40ms
01:30:08 INFO   POST /api/v1/fort 201 10ms
01:30:10 INFO   client connected
01:30:22 INFO   client connected
01:30:22 INFO   client connected
01:30:37 INFO   GET /api/v1/fort 200 8ms
01:30:56 INFO   client connected
01:30:59 INFO   POST /api/v1/fort 201 34ms
01:31:01 INFO   client connected
01:31:04 DEBUG  render took 8ms
01:31:11 INFO   GET /api/v1/fort 200 37ms
01:31:30 INFO   GET /api/v1/fort 200 22ms
01:31:41 INFO   client connected
01:31:46 INFO   POST /api/v1/fort 201 7ms
01:31:47 INFO   GET /api/v1/fort 200 11ms
01:32:12 INFO   POST /api/v1/fort 201 35ms
01:32:12 DEBUG  render took 5ms
01:32:35 INFO   POST /api/v1/fort 201 21ms
01:32:37 DEBUG  render took 9ms
01:32:37 INFO   GET /api/v1/fort 200 12ms
01:32:48 INFO   GET /api/v1/fort 200 31ms
01:32:48 INFO   POST /api/v1/fort 201 23ms
01:33:02 INFO   GET /api/v1/fort 200 26ms
01:33:02 INFO   GET /api/v1/fort 200 20ms
01:33:12 DEBUG  render took 1ms
01:33:17 INFO   client connected
01:33:23 DEBUG  render took 3ms
01:33:34 INFO   GET /api/v1/fort 200 6ms
01:33:43 INFO   GET /api/v1/fort 200 31ms
01:33:47 INFO   POST /api/v1/fort 201 24ms
01:33:55 INFO   GET /api/v1/fort 200 8ms
01:33:57 DEBUG  render took 8ms
01:34:11 DEBUG  render took 2ms
01:34:19 INFO   POST /api/v1/fort 201 40ms
01:34:33 DEBUG  render took 7ms
01:34:33 INFO   client connected
01:34:33 INFO   client connected
01:34:37 INFO   POST /api/v1/fort 201 7ms
01:34:38 DEBUG  render took 1ms
01:34:39 DEBUG  render took 6ms
01:34:53 DEBUG  render took 2ms
01:34:53 INFO   POST /api/v1/fort 201 6ms
01:35:06 INFO   GET /api/v1/fort 200 22ms
01:35:09 INFO   POST /api/v1/fort 201 22ms
01:35:15 DEBUG  render took 4ms
01:35:21 INFO   GET /api/v1/fort 200 37ms
01:35:23 INFO   GET /api/v1/fort 200 6ms
01:35:23 DEBUG  render took 6ms
01:35:34 INFO   POST /api/v1/fort 201 17ms
01:35:49 DEBUG  render took 1ms
01:35:54 DEBUG  render took 8ms
01:36:06 INFO   client connected
01:36:32 INFO   POST /api/v1/fort 201 25ms
01:36:40 DEBUG  render took 8ms
01:36:42 INFO   POST /api/v1/fort 201 31ms
01:36:46 INFO   GET /api/v1/fort 200 28ms
01:36:47 INFO   GET /api/v1/fort 200 40ms
01:36:56 INFO   client connected
01:36:59 DEBUG  render took 4ms
01:37:01 DEBUG  render took 5ms
01:37:04 INFO   client connected
01:37:04 DEBUG  render took 1ms
01:37:08 INFO   client connected
01:37:10 INFO   POST /api/v1/fort 201 30ms
01:37:13 DEBUG  render took 8ms
01:37:27 INFO   client connected
01:37:38 INFO   GET /api/v1/fort 200 26ms
01:37:50 INFO   POST /api/v1/fort 201 38ms
01:37:54 INFO   client connected
01:37:56 INFO   client connected
01:38:05 DEBUG  render took 4ms
01:38:09 DEBUG  render took 1ms
01:38:12 INFO   POST /api/v1/fort 201 30ms
01:38:18 INFO   POST /api/v1/fort 201 38ms
01:38:29 INFO   POST /api/v1/fort 201 30ms
01:38:39 INFO   client connected
01:38:39 DEBUG  render took 9ms
01:38:43 INFO   POST /api/v1/fort 201 22ms
01:38:46 INFO   POST /api/v1/fort 201 39ms
01:38:48 INFO   client connected
01:38:55 INFO   GET /api/v1/fort 200 28ms
01:39:08 DEBUG  render took 9ms
01:39:11 INFO   POST /api/v1/fort 201 14ms
01:39:13 DEBUG  render took 1ms
01:39:22 INFO   POST /api/v1/fort 201 34ms
01:39:32 DEBUG  render took 3ms
01:39:35 INFO   POST /api/v1/fort 201 6ms
01:39:35 INFO   client connected
01:39:53 DEBUG  render took 6ms
01:39:54 INFO   client connected
01:40:02 INFO   client connected
01:40:15 INFO   POST /api/v1/fort 201 36ms
01:40:17 INFO   GET /api/v1/fort 200 11ms
01:40:22 INFO   client connected
01:40:47 INFO   client connected
01:40:49 INFO   client connected
01:40:55 INFO   GET /api/v1/fort 200 11ms
01:41:08 INFO   GET /api/v1/fort 200 35ms
01:41:15 DEBUG  render took 6ms
01:41:21 INFO   POST /api/v1/fort 201 12ms
01:41:27 INFO   POST /api/v1/fort 201 22ms
01:41:30 INFO   client connected
01:41:33 DEBUG  render took 1ms
01:41:38 INFO   client connected
01:41:51 INFO   POST /api/v1/fort 201 6ms
01:41:52 DEBUG  render took 2ms
01:42:11 INFO   GET /api/v1/fort 200 20ms
01:42:13 DEBUG  render took 8ms
01:42:17 INFO   GET /api/v1/fort 200 13ms
01:42:21 INFO   POST /api/v1/fort 201 25ms
01:42:30 DEBUG  render took 4ms
01:42:34 INFO   GET /api/v1/fort 200 16ms
01:42:34 INFO   client connected
01:42:34 INFO   POST /api/v1/fort 201 38ms
01:42:34 DEBUG  render took 7ms
01:42:36 INFO   POST /api/v1/fort 201 21ms
01:42:46 INFO   GET /api/v1/fort 200 17ms
01:42:46 INFO   client connected
01:42:55 INFO   GET /api/v1/fort 200 32ms
01:43:02 INFO   client connected
01:43:03 DEBUG  render took 1ms
01:43:05 INFO   client connected
01:43:09 INFO   POST /api/v1/fort 201 20ms
01:43:12 INFO   GET /api/v1/fort 200 39ms
01:43:33 INFO   POST /api/v1/fort 201 26ms
01:43:33 INFO   POST /api/v1/fort 201 33ms
01:43:36 INFO   GET /api/v1/fort 200 33ms
01:43:39 INFO   client connected
01:43:51 INFO   POST /api/v1/fort 201 33ms
01:43:53 INFO   POST /api/v1/fort 201 10ms
01:43:56 DEBUG  render took 8ms
01:43:58 INFO   GET /api/v1/fort 200 21ms
01:44:07 DEBUG  render took 4ms
01:44:13 DEBUG  render took 5ms
01:44:23 INFO   GET /api/v1/fort 200 9ms
01:44:29 INFO   POST /api/v1/fort 201 22ms
01:44:31 INFO   client connected
01:44:39 INFO   GET /api/v1/fort 200 11ms
01:44:43 DEBUG  render took 7ms
01:44:50 INFO   GET /api/v1/fort 200 26ms
01:44:59 INFO   GET /api/v1/fort 200 14ms
01:45:16 DEBUG  render took 2ms
01:45:21 DEBUG  render took 4ms
01:45:23 INFO   client connected
01:45:27 DEBUG  render took 3ms
01:45:30 DEBUG  render took 2ms
01:45:32 INFO   GET /api/v1/fort 200 22ms
01:45:32 DEBUG  render took 7ms
01:45:34 DEBUG  render took 1ms
01:45:50 INFO   client connected
01:45:52 INFO   POST /api/v1/fort 201 36ms
01:45:53 INFO   client connected
01:45:54 DEBUG  render took 7ms
01:46:00 INFO   POST /api/v1/fort 201 27ms
01:46:05 INFO   client connected
01:46:17 INFO   client connected
01:46:41 DEBUG  render took 4ms
01:46:57 INFO   POST /api/v1/fort 201 26ms
01:47:11 INFO   POST /api/v1/fort 201 17ms
01:47:14 INFO   client connected
01:47:16 DEBUG  render took 8ms
01:47:19 DEBUG  render took 7ms
01:47:27 INFO   client connected
01:47:30 INFO   GET /api/v1/fort 200 15ms
01:47:32 INFO   POST /api/v1/fort 201 39ms
01:47:33 INFO   POST /api/v1/fort 201 19ms
01:47:35 INFO   client connected
01:47:37 INFO   GET /api/v1/fort 200 10ms
01:47:49 INFO   GET /api/v1/fort 200 7ms
01:48:05 INFO   GET /api/v1/fort 200 22ms
01:48:14 INFO   POST /api/v1/fort 201 10ms
01:48:18 DEBUG  render took 5ms
01:48:20 INFO   GET /api/v1/fort 200 13ms
01:48:35 DEBUG  render took 6ms
01:48:48 INFO   client connected
01:49:05 INFO   GET /api/v1/fort 200 39ms
01:49:19 INFO   POST /api/v1/fort 201 31ms
01:49:29 INFO   GET /api/v1/fort 200 19ms
01:49:31 INFO   POST /api/v1/fort 201 31ms
01:49:43 DEBUG  render took 1ms
01:49:43 INFO   client connected
01:49:43 INFO   client connected
01:50:00 INFO   config.json changed, reloading
01:50:01 ERROR  GET /api/v1/flag failed: fetch failed
01:50:03 WARN   api unreachable, retrying (attempt 5/5)
01:50:07 WARN   api unreachable, retrying (attempt 4/5)
01:50:07 WARN   api unreachable, retrying (attempt 1/5)
01:50:10 ERROR  GET /api/v1/flag failed: fetch failed
01:50:10 ERROR  connect ECONNREFUSED 127.0.0.1:3001
01:50:12 ERROR  connect ECONNREFUSED 127.0.0.1:3001
01:50:12 WARN   api unreachable, retrying (attempt 1/5)
01:50:13 WARN   api unreachable, retrying (attempt 1/5)
01:50:15 ERROR  connect ECONNREFUSED 127.0.0.1:3001
01:50:17 ERROR  connect ECONNREFUSED 127.0.0.1:3001
01:50:17 ERROR  GET /api/v1/flag failed: fetch failed
01:50:19 ERROR  connect ECONNREFUSED 127.0.0.1:3001
01:50:22 WARN   api unreachable, retrying (attempt 2/5)
01:50:23 ERROR  GET /api/v1/flag failed: fetch failed
01:50:23 ERROR  GET /api/v1/flag failed: fetch failed
01:50:23 ERROR  GET /api/v1/flag failed: fetch failed
01:50:23 ERROR  connect ECONNREFUSED 127.0.0.1:3001
01:50:25 WARN   api unreachable, retrying (attempt 1/5)
01:50:26 ERROR  GET /api/v1/flag failed: fetch failed
01:50:27 ERROR  connect ECONNREFUSED 127.0.0.1:3001
01:50:28 ERROR  connect ECONNREFUSED 127.0.0.1:3001
01:50:29 WARN   api unreachable, retrying (attempt 5/5)
01:50:31 WARN   api unreachable, retrying (attempt 4/5)
01:50:33 ERROR  connect ECONNREFUSED 127.0.0.1:3001
01:50:33 ERROR  connect ECONNREFUSED 127.0.0.1:3001
01:50:34 ERROR  connect ECONNREFUSED 127.0.0.1:3001
01:50:34 ERROR  connect ECONNREFUSED 127.0.0.1:3001
01:50:37 WARN   api unreachable, retrying (attempt 3/5)
01:50:38 ERROR  GET /api/v1/flag failed: fetch failed
01:50:38 WARN   api unreachable, retrying (attempt 5/5)
01:50:48 ERROR  GET /api/v1/flag failed: fetch failed
01:50:51 WARN   api unreachable, retrying (attempt 2/5)
01:50:53 ERROR  GET /api/v1/flag failed: fetch failed
01:50:56 ERROR  connect ECONNREFUSED 127.0.0.1:3001
01:50:57 ERROR  connect ECONNREFUSED 127.0.0.1:3001
01:50:57 ERROR  GET /api/v1/flag failed: fetch failed
01:50:57 ERROR  connect ECONNREFUSED 127.0.0.1:3001
01:50:57 ERROR  connect ECONNREFUSED 127.0.0.1:3001
01:50:59 ERROR  GET /api/v1/flag failed: fetch failed
01:51:02 ERROR  connect ECONNREFUSED 127.0.0.1:3001
01:51:02 ERROR  connect ECONNREFUSED 127.0.0.1:3001
01:51:02 ERROR  GET /api/v1/flag failed: fetch failed
01:51:05 ERROR  GET /api/v1/flag failed: fetch failed
01:51:06 ERROR  connect ECONNREFUSED 127.0.0.1:3001
01:51:07 WARN   api unreachable, retrying (attempt 1/5)
01:51:07 WARN   api unreachable, retrying (attempt 2/5)
01:51:07 WARN   api unreachable, retrying (attempt 3/5)
01:51:07 WARN   api unreachable, retrying (attempt 5/5)
01:51:08 ERROR  connect ECONNREFUSED 127.0.0.1:3001
01:51:11 ERROR  GET /api/v1/flag failed: fetch failed
01:51:12 ERROR  GET /api/v1/flag failed: fetch failed
01:51:13 WARN   api unreachable, retrying (attempt 3/5)
01:51:13 ERROR  GET /api/v1/flag failed: fetch failed
01:51:14 WARN   api unreachable, retrying (attempt 2/5)
01:51:17 WARN   api unreachable, retrying (attempt 4/5)
01:51:17 WARN   api unreachable, retrying (attempt 1/5)
01:51:17 ERROR  GET /api/v1/flag failed: fetch failed
01:51:18 WARN   api unreachable, retrying (attempt 2/5)
01:51:19 ERROR  connect ECONNREFUSED 127.0.0.1:3001
01:51:21 ERROR  GET /api/v1/flag failed: fetch failed
01:51:22 ERROR  connect ECONNREFUSED 127.0.0.1:3001
01:51:27 ERROR  GET /api/v1/flag failed: fetch failed
01:51:28 ERROR  GET /api/v1/flag failed: fetch failed
01:51:33 ERROR  connect ECONNREFUSED 127.0.0.1:3001
01:51:34 ERROR  GET /api/v1/flag failed: fetch failed
01:51:34 ERROR  connect ECONNREFUSED 127.0.0.1:3001
01:51:34 ERROR  connect ECONNREFUSED 127.0.0.1:3001
01:51:35 ERROR  GET /api/v1/flag failed: fetch failed
01:51:35 ERROR  connect ECONNREFUSED 127.0.0.1:3001
01:51:37 WARN   api unreachable, retrying (attempt 3/5)
01:51:37 ERROR  GET /api/v1/flag failed: fetch failed
01:51:38 ERROR  connect ECONNREFUSED 127.0.0.1:3001
01:51:44 WARN   api unreachable, retrying (attempt 5/5)
01:51:47 ERROR  GET /api/v1/flag failed: fetch failed
01:51:49 WARN   api unreachable, retrying (attempt 1/5)
01:51:49 ERROR  connect ECONNREFUSED 127.0.0.1:3001
01:51:51 WARN   api unreachable, retrying (attempt 3/5)
01:51:53 ERROR  connect ECONNREFUSED 127.0.0.1:3001
01:51:54 WARN   api unreachable, retrying (attempt 1/5)
01:51:54 ERROR  connect ECONNREFUSED 127.0.0.1:3001
01:51:55 ERROR  connect ECONNREFUSED 127.0.0.1:3001
01:51:57 ERROR  GET /api/v1/flag failed: fetch failed
01:51:59 ERROR  GET /api/v1/flag failed: fetch failed
01:52:01 WARN   api unreachable, retrying (attempt 2/5)
01:52:04 WARN   api unreachable, retrying (attempt 4/5)
01:52:06 ERROR  connect ECONNREFUSED 127.0.0.1:3001
01:52:08 ERROR  connect ECONNREFUSED 127.0.0.1:3001
01:52:11 ERROR  connect ECONNREFUSED 127.0.0.1:3001
01:52:12 WARN   api unreachable, retrying (attempt 1/5)
01:52:13 ERROR  connect ECONNREFUSED 127.0.0.1:3001
01:52:15 ERROR  GET /api/v1/flag failed: fetch failed
01:52:20 ERROR  GET /api/v1/flag failed: fetch failed
01:52:21 WARN   api unreachable, retrying (attempt 2/5)
01:52:23 ERROR  connect ECONNREFUSED 127.0.0.1:3001
01:52:26 ERROR  connect ECONNREFUSED 127.0.0.1:3001
01:52:26 ERROR  connect ECONNREFUSED 127.0.0.1:3001
01:52:29 ERROR  GET /api/v1/flag failed: fetch failed
01:52:29 WARN   api unreachable, retrying (attempt 5/5)
01:52:31 ERROR  GET /api/v1/flag failed: fetch failed
01:52:31 ERROR  connect ECONNREFUSED 127.0.0.1:3001
01:52:36 WARN   api unreachable, retrying (attempt 3/5)
01:52:37 WARN   api unreachable, retrying (attempt 2/5)
01:52:39 WARN   api unreachable, retrying (attempt 4/5)
01:52:41 WARN   api unreachable, retrying (attempt 2/5)
01:52:43 ERROR  GET /api/v1/flag failed: fetch failed
01:52:44 ERROR  connect ECONNREFUSED 127.0.0.1:3001
01:52:47 ERROR  GET /api/v1/flag failed: fetch failed
01:52:48 WARN   api unreachable, retrying (attempt 1/5)
01:52:49 ERROR  GET /api/v1/flag failed: fetch failed
01:52:49 ERROR  connect ECONNREFUSED 127.0.0.1:3001
01:52:50 ERROR  GET /api/v1/flag failed: fetch failed
01:52:52 WARN   api unreachable, retrying (attempt 1/5)
01:52:52 ERROR  connect ECONNREFUSED 127.0.0.1:3001
01:52:52 ERROR  connect ECONNREFUSED 127.0.0.1:3001
01:52:53 ERROR  connect ECONNREFUSED 127.0.0.1:3001
01:52:58 WARN   api unreachable, retrying (attempt 4/5)
01:53:00 ERROR  GET /api/v1/flag failed: fetch failed
01:53:03 ERROR  GET /api/v1/flag failed: fetch failed
01:53:04 ERROR  GET /api/v1/flag failed: fetch failed
01:53:05 ERROR  GET /api/v1/flag failed: fetch failed
01:53:05 ERROR  connect ECONNREFUSED 127.0.0.1:3001
01:53:07 ERROR  connect ECONNREFUSED 127.0.0.1:3001
01:53:09 ERROR  GET /api/v1/flag failed: fetch failed
01:53:10 WARN   api unreachable, retrying (attempt 1/5)
01:53:11 WARN   api unreachable, retrying (attempt 5/5)
01:53:12 ERROR  connect ECONNREFUSED 127.0.0.1:3001
01:53:14 WARN   api unreachable, retrying (attempt 4/5)
01:53:15 ERROR  connect ECONNREFUSED 127.0.0.1:3001
01:53:15 ERROR  GET /api/v1/flag failed: fetch failed
01:53:15 ERROR  connect ECONNREFUSED 127.0.0.1:3001
01:53:18 WARN   api unreachable, retrying (attempt 3/5)
01:53:23 WARN   api unreachable, retrying (attempt 2/5)
01:53:24 WARN   api unreachable, retrying (attempt 3/5)
01:53:27 ERROR  connect ECONNREFUSED 127.0.0.1:3001
01:53:28 WARN   api unreachable, retrying (attempt 1/5)
01:53:29 ERROR  GET /api/v1/flag failed: fetch failed
01:53:34 WARN   api unreachable, retrying (attempt 5/5)
01:53:34 ERROR  GET /api/v1/flag failed: fetch failed
01:53:34 ERROR  connect ECONNREFUSED 127.0.0.1:3001
01:53:35 ERROR  GET /api/v1/flag failed: fetch failed
01:53:36 ERROR  GET /api/v1/flag failed: fetch failed
01:53:37 ERROR  GET /api/v1/flag failed: fetch failed
01:53:38 ERROR  GET /api/v1/flag failed: fetch failed
01:53:41 ERROR  GET /api/v1/flag failed: fetch failed
01:53:43 ERROR  connect ECONNREFUSED 127.0.0.1:3001
01:53:43 ERROR  connect ECONNREFUSED 127.0.0.1:3001
01:53:47 ERROR  connect ECONNREFUSED 127.0.0.1:3001
01:53:47 ERROR  GET /api/v1/flag failed: fetch failed
01:53:47 ERROR  GET /api/v1/flag failed: fetch failed
01:53:49 ERROR  GET /api/v1/flag failed: fetch failed
01:53:50 WARN   api unreachable, retrying (attempt 1/5)
01:53:51 ERROR  GET /api/v1/flag failed: fetch failed
01:53:52 ERROR  connect ECONNREFUSED 127.0.0.1:3001
01:53:53 ERROR  GET /api/v1/flag failed: fetch failed
01:53:55 ERROR  connect ECONNREFUSED 127.0.0.1:3001
01:53:56 WARN   api unreachable, retrying (attempt 5/5)
01:53:57 ERROR  connect ECONNREFUSED 127.0.0.1:3001
01:53:58 ERROR  GET /api/v1/flag failed: fetch failed
01:53:59 ERROR  connect ECONNREFUSED 127.0.0.1:3001
01:54:00 WARN   api unreachable, retrying (attempt 5/5)
01:54:03 ERROR  connect ECONNREFUSED 127.0.0.1:3001
01:54:03 ERROR  GET /api/v1/flag failed: fetch failed
01:54:06 ERROR  GET /api/v1/flag failed: fetch failed
01:54:07 WARN   api unreachable, retrying (attempt 1/5)
01:54:12 WARN   api unreachable, retrying (attempt 3/5)
01:54:14 ERROR  GET /api/v1/flag failed: fetch failed
01:54:14 ERROR  connect ECONNREFUSED 127.0.0.1:3001
01:54:15 ERROR  connect ECONNREFUSED 127.0.0.1:3001
01:54:16 ERROR  connect ECONNREFUSED 127.0.0.1:3001
01:54:16 WARN   api unreachable, retrying (attempt 3/5)
01:54:17 ERROR  connect ECONNREFUSED 127.0.0.1:3001
01:54:18 ERROR  GET /api/v1/flag failed: fetch failed
01:54:21 ERROR  GET /api/v1/flag failed: fetch failed
01:54:21 ERROR  connect ECONNREFUSED 127.0.0.1:3001
01:54:22 ERROR  GET /api/v1/flag failed: fetch failed
01:54:22 WARN   api unreachable, retrying (attempt 2/5)
01:54:23 ERROR  GET /api/v1/flag failed: fetch failed
01:54:25 ERROR  connect ECONNREFUSED 127.0.0.1:3001
01:54:26 WARN   api unreachable, retrying (attempt 1/5)
01:54:28 ERROR  GET /api/v1/flag failed: fetch failed
01:54:29 ERROR  connect ECONNREFUSED 127.0.0.1:3001
01:54:29 ERROR  GET /api/v1/flag failed: fetch failed
01:54:30 ERROR  connect ECONNREFUSED 127.0.0.1:3001
01:54:30 WARN   api unreachable, retrying (attempt 5/5)
01:54:35 WARN   api unreachable, retrying (attempt 4/5)
01:54:39 WARN   api unreachable, retrying (attempt 2/5)
01:54:42 ERROR  connect ECONNREFUSED 127.0.0.1:3001
01:54:42 ERROR  GET /api/v1/flag failed: fetch failed
01:54:48 WARN   api unreachable, retrying (attempt 5/5)
01:54:53 ERROR  connect ECONNREFUSED 127.0.0.1:3001
01:54:53 ERROR  connect ECONNREFUSED 127.0.0.1:3001
01:54:54 ERROR  GET /api/v1/flag failed: fetch failed
01:54:56 ERROR  connect ECONNREFUSED 127.0.0.1:3001
01:55:07 ERROR  GET /api/v1/flag failed: fetch failed
01:55:08 ERROR  GET /api/v1/flag failed: fetch failed
01:55:09 ERROR  GET /api/v1/flag failed: fetch failed
01:55:10 ERROR  GET /api/v1/flag failed: fetch failed
01:55:11 ERROR  GET /api/v1/flag failed: fetch failed
01:55:12 ERROR  connect ECONNREFUSED 127.0.0.1:3001
01:55:12 WARN   api unreachable, retrying (attempt 2/5)
01:55:12 ERROR  connect ECONNREFUSED 127.0.0.1:3001
01:55:12 WARN   api unreachable, retrying (attempt 2/5)
01:55:13 WARN   api unreachable, retrying (attempt 3/5)
01:55:14 WARN   api unreachable, retrying (attempt 5/5)
01:55:21 ERROR  GET /api/v1/flag failed: fetch failed
01:55:22 ERROR  connect ECONNREFUSED 127.0.0.1:3001
01:55:22 WARN   api unreachable, retrying (attempt 5/5)
01:55:24 ERROR  GET /api/v1/flag failed: fetch failed
01:55:26 ERROR  GET /api/v1/flag failed: fetch failed
01:55:27 ERROR  connect ECONNREFUSED 127.0.0.1:3001
01:55:28 ERROR  connect ECONNREFUSED 127.0.0.1:3001
01:55:29 WARN   api unreachable, retrying (attempt 1/5)
01:55:33 WARN   api unreachable, retrying (attempt 5/5)
01:55:34 WARN   api unreachable, retrying (attempt 4/5)
01:55:35 ERROR  connect ECONNREFUSED 127.0.0.1:3001
01:55:36 ERROR  GET /api/v1/flag failed: fetch failed
01:55:36 ERROR  connect ECONNREFUSED 127.0.0.1:3001
01:55:37 ERROR  GET /api/v1/flag failed: fetch failed
01:55:39 ERROR  GET /api/v1/flag failed: fetch failed
01:55:39 ERROR  GET /api/v1/flag failed: fetch failed
01:55:42 WARN   api unreachable, retrying (attempt 2/5)
01:55:47 ERROR  GET /api/v1/flag failed: fetch failed
01:55:50 ERROR  connect ECONNREFUSED 127.0.0.1:3001
01:55:52 WARN   api unreachable, retrying (attempt 1/5)
01:55:53 ERROR  connect ECONNREFUSED 127.0.0.1:3001
01:56:00 WARN   api unreachable, retrying (attempt 3/5)
01:56:01 WARN   api unreachable, retrying (attempt 5/5)
01:56:02 ERROR  connect ECONNREFUSED 127.0.0.1:3001
01:56:03 WARN   api unreachable, retrying (attempt 2/5)
01:56:04 ERROR  GET /api/v1/flag failed: fetch failed
01:56:05 WARN   api unreachable, retrying (attempt 3/5)
01:56:09 ERROR  GET /api/v1/flag failed: fetch failed
01:56:09 WARN   api unreachable, retrying (attempt 4/5)
01:56:09 ERROR  connect ECONNREFUSED 127.0.0.1:3001
01:56:09 WARN   api unreachable, retrying (attempt 2/5)
01:56:11 ERROR  GET /api/v1/flag failed: fetch failed
01:56:11 ERROR  GET /api/v1/flag failed: fetch failed
01:56:12 ERROR  GET /api/v1/flag failed: fetch failed
01:56:13 ERROR  GET /api/v1/flag failed: fetch failed
01:56:13 ERROR  GET /api/v1/flag failed: fetch failed
01:56:18 ERROR  connect ECONNREFUSED 127.0.0.1:3001
01:56:20 WARN   api unreachable, retrying (attempt 2/5)
01:56:21 ERROR  connect ECONNREFUSED 127.0.0.1:3001
01:56:23 ERROR  GET /api/v1/flag failed: fetch failed
01:56:23 WARN   api unreachable, retrying (attempt 5/5)
01:56:27 ERROR  connect ECONNREFUSED 127.0.0.1:3001
01:56:28 ERROR  GET /api/v1/flag failed: fetch failed
01:56:30 ERROR  connect ECONNREFUSED 127.0.0.1:3001
01:56:31 WARN   api unreachable, retrying (attempt 2/5)
01:56:31 ERROR  GET /api/v1/flag failed: fetch failed
01:56:31 WARN   api unreachable, retrying (attempt 3/5)
01:56:35 WARN   api unreachable, retrying (attempt 1/5)
01:56:36 ERROR  connect ECONNREFUSED 127.0.0.1:3001
01:56:42 WARN   api unreachable, retrying (attempt 4/5)
01:56:42 ERROR  connect ECONNREFUSED 127.0.0.1:3001
01:56:45 ERROR  GET /api/v1/flag failed: fetch failed
01:56:47 ERROR  connect ECONNREFUSED 127.0.0.1:3001
01:56:54 ERROR  connect ECONNREFUSED 127.0.0.1:3001
01:56:54 ERROR  connect ECONNREFUSED 127.0.0.1:3001
01:56:58 ERROR  connect ECONNREFUSED 127.0.0.1:3001
01:56:59 ERROR  GET /api/v1/flag failed: fetch failed
01:56:59 ERROR  GET /api/v1/flag failed: fetch failed
01:57:00 WARN   api unreachable, retrying (attempt 2/5)
01:57:00 WARN   api unreachable, retrying (attempt 4/5)
01:57:02 WARN   api unreachable, retrying (attempt 3/5)
01:57:03 ERROR  connect ECONNREFUSED 127.0.0.1:3001
01:57:06 WARN   api unreachable, retrying (attempt 1/5)
01:57:08 ERROR  GET /api/v1/flag failed: fetch failed
01:57:08 WARN   api unreachable, retrying (attempt 5/5)
01:57:09 ERROR  connect ECONNREFUSED 127.0.0.1:3001
01:57:10 ERROR  connect ECONNREFUSED 127.0.0.1:3001
01:57:10 ERROR  connect ECONNREFUSED 127.0.0.1:3001
01:57:10 WARN   api unreachable, retrying (attempt 5/5)
01:57:10 ERROR  GET /api/v1/flag failed: fetch failed
01:57:12 WARN   api unreachable, retrying (attempt 1/5)
01:57:15 ERROR  connect ECONNREFUSED 127.0.0.1:3001
01:57:15 WARN   api unreachable, retrying (attempt 4/5)
01:57:18 ERROR  GET /api/v1/flag failed: fetch failed
01:57:18 WARN   api unreachable, retrying (attempt 5/5)
01:57:18 ERROR  connect ECONNREFUSED 127.0.0.1:3001
01:57:20 WARN   api unreachable, retrying (attempt 1/5)
01:57:20 WARN   api unreachable, retrying (attempt 3/5)
01:57:21 ERROR  GET /api/v1/flag failed: fetch failed
01:57:21 WARN   api unreachable, retrying (attempt 1/5)
01:57:22 ERROR  GET /api/v1/flag failed: fetch failed
01:57:22 ERROR  GET /api/v1/flag failed: fetch failed
01:57:24 ERROR  GET /api/v1/flag failed: fetch failed
01:57:25 ERROR  connect ECONNREFUSED 127.0.0.1:3001
01:57:25 ERROR  connect ECONNREFUSED 127.0.0.1:3001
01:57:31 ERROR  connect ECONNREFUSED 127.0.0.1:3001
01:57:31 ERROR  GET /api/v1/flag failed: fetch failed
01:57:33 ERROR  GET /api/v1/flag failed: fetch failed
01:57:35 ERROR  GET /api/v1/flag failed: fetch failed
01:57:35 ERROR  GET /api/v1/flag failed: fetch failed
01:57:35 ERROR  GET /api/v1/flag failed: fetch failed
01:57:37 ERROR  connect ECONNREFUSED 127.0.0.1:3001
01:57:39 ERROR  connect ECONNREFUSED 127.0.0.1:3001
01:57:40 WARN   api unreachable, retrying (attempt 3/5)
01:57:41 ERROR  GET /api/v1/flag failed: fetch failed
01:57:42 ERROR  connect ECONNREFUSED 127.0.0.1:3001
01:57:43 ERROR  connect ECONNREFUSED 127.0.0.1:3001
01:57:45 ERROR  GET /api/v1/flag failed: fetch failed
01:57:46 ERROR  GET /api/v1/flag failed: fetch failed
01:57:46 ERROR  connect ECONNREFUSED 127.0.0.1:3001
01:57:46 ERROR  GET /api/v1/flag failed: fetch failed
01:57:51 WARN   api unreachable, retrying (attempt 1/5)
01:57:51 ERROR  connect ECONNREFUSED 127.0.0.1:3001
01:57:52 ERROR  GET /api/v1/flag failed: fetch failed
01:57:52 ERROR  connect ECONNREFUSED 127.0.0.1:3001
01:57:54 ERROR  GET /api/v1/flag failed: fetch failed
01:57:56 ERROR  connect ECONNREFUSED 127.0.0.1:3001
01:57:58 ERROR  connect ECONNREFUSED 127.0.0.1:3001
01:57:59 WARN   api unreachable, retrying (attempt 2/5)
01:58:00 ERROR  connect ECONNREFUSED 127.0.0.1:3001
01:58:01 ERROR  GET /api/v1/flag failed: fetch failed
01:58:01 ERROR  GET /api/v1/flag failed: fetch failed
01:58:06 ERROR  GET /api/v1/flag failed: fetch failed
01:58:09 WARN   api unreachable, retrying (attempt 3/5)
01:58:09 ERROR  connect ECONNREFUSED 127.0.0.1:3001
01:58:10 ERROR  connect ECONNREFUSED 127.0.0.1:3001
01:58:13 ERROR  GET /api/v1/flag failed: fetch failed
01:58:14 ERROR  connect ECONNREFUSED 127.0.0.1:3001
01:58:16 WARN   api unreachable, retrying (attempt 1/5)
01:58:17 WARN   api unreachable, retrying (attempt 2/5)
01:58:18 ERROR  connect ECONNREFUSED 127.0.0.1:3001
01:58:18 WARN   api unreachable, retrying (attempt 1/5)
01:58:20 WARN   api unreachable, retrying (attempt 1/5)
01:58:22 ERROR  GET /api/v1/flag failed: fetch failed
01:58:22 ERROR  connect ECONNREFUSED 127.0.0.1:3001
01:58:22 ERROR  connect ECONNREFUSED 127.0.0.1:3001
01:58:24 ERROR  connect ECONNREFUSED 127.0.0.1:3001
01:58:24 WARN   api unreachable, retrying (attempt 4/5)
01:58:25 ERROR  connect ECONNREFUSED 127.0.0.1:3001
01:58:25 ERROR  GET /api/v1/flag failed: fetch failed
01:58:25 WARN   api unreachable, retrying (attempt 3/5)
01:58:29 WARN   api unreachable, retrying (attempt 5/5)
01:58:30 WARN   api unreachable, retrying (attempt 4/5)
01:58:31 ERROR  connect ECONNREFUSED 127.0.0.1:3001
01:58:34 ERROR  GET /api/v1/flag failed: fetch failed
01:58:38 ERROR  connect ECONNREFUSED 127.0.0.1:3001
01:58:40 WARN   api unreachable, retrying (attempt 5/5)
01:58:40 WARN   api unreachable, retrying (attempt 1/5)
01:58:40 ERROR  GET /api/v1/flag failed: fetch failed
01:58:40 ERROR  connect ECONNREFUSED 127.0.0.1:3001
01:58:40 ERROR  GET /api/v1/flag failed: fetch failed
01:58:41 ERROR  connect ECONNREFUSED 127.0.0.1:3001
01:58:41 ERROR  GET /api/v1/flag failed: fetch failed
01:58:44 ERROR  connect ECONNREFUSED 127.0.0.1:3001
01:58:44 WARN   api unreachable, retrying (attempt 4/5)
01:58:47 ERROR  GET /api/v1/flag failed: fetch failed
01:58:52 WARN   api unreachable, retrying (attempt 5/5)
01:58:53 ERROR  GET /api/v1/flag failed: fetch failed
01:58:53 ERROR  GET /api/v1/flag failed: fetch failed
01:58:56 WARN   api unreachable, retrying (attempt 3/5)
01:59:03 ERROR  connect ECONNREFUSED 127.0.0.1:3001
01:59:06 ERROR  connect ECONNREFUSED 127.0.0.1:3001
01:59:08 ERROR  connect ECONNREFUSED 127.0.0.1:3001
01:59:09 ERROR  connect ECONNREFUSED 127.0.0.1:3001
01:59:10 WARN   api unreachable, retrying (attempt 4/5)
01:59:13 ERROR  connect ECONNREFUSED 127.0.0.1:3001
01:59:15 ERROR  GET /api/v1/flag failed: fetch failed
01:59:16 ERROR  GET /api/v1/flag failed: fetch failed
01:59:17 ERROR  connect ECONNREFUSED 127.0.0.1:3001
01:59:19 ERROR  connect ECONNREFUSED 127.0.0.1:3001
01:59:21 ERROR  connect ECONNREFUSED 127.0.0.1:3001
01:59:22 ERROR  connect ECONNREFUSED 127.0.0.1:3001
01:59:31 ERROR  GET /api/v1/flag failed: fetch failed
01:59:33 WARN   api unreachable, retrying (attempt 1/5)
01:59:35 ERROR  GET /api/v1/flag failed: fetch failed
01:59:35 ERROR  GET /api/v1/flag failed: fetch failed
01:59:36 ERROR  connect ECONNREFUSED 127.0.0.1:3001
01:59:37 ERROR  connect ECONNREFUSED 127.0.0.1:3001
01:59:38 WARN   api unreachable, retrying (attempt 4/5)
01:59:39 WARN   api unreachable, retrying (attempt 5/5)
01:59:43 ERROR  GET /api/v1/flag failed: fetch failed
01:59:43 ERROR  GET /api/v1/flag failed: fetch failed
01:59:44 WARN   api unreachable, retrying (attempt 4/5)
01:59:44 ERROR  connect ECONNREFUSED 127.0.0.1:3001
01:59:45 ERROR  connect ECONNREFUSED 127.0.0.1:3001
01:59:46 ERROR  GET /api/v1/flag failed: fetch failed
01:59:47 ERROR  connect ECONNREFUSED 127.0.0.1:3001
01:59:47 ERROR  GET /api/v1/flag failed: fetch failed
01:59:48 WARN   api unreachable, retrying (attempt 4/5)
01:59:50 ERROR  connect ECONNREFUSED 127.0.0.1:3001
01:59:51 ERROR  connect ECONNREFUSED 127.0.0.1:3001
01:59:56 ERROR  GET /api/v1/flag failed: fetch failed
02:00:00 ERROR  connect ECONNREFUSED 127.0.0.1:3001
02:00:01 WARN   api unreachable, retrying (attempt 4/5)
02:00:02 ERROR  GET /api/v1/flag failed: fetch failed
02:00:04 WARN   api unreachable, retrying (attempt 1/5)
02:00:07 ERROR  GET /api/v1/flag failed: fetch failed
02:00:10 WARN   api unreachable, retrying (attempt 2/5)
02:00:11 ERROR  connect ECONNREFUSED 127.0.0.1:3001
02:00:11 WARN   api unreachable, retrying (attempt 5/5)
02:00:14 ERROR  connect ECONNREFUSED 127.0.0.1:3001
02:00:14 ERROR  connect ECONNREFUSED 127.0.0.1:3001
02:00:16 ERROR  GET /api/v1/flag failed: fetch failed
02:00:18 WARN   api unreachable, retrying (attempt 5/5)
02:00:19 ERROR  connect ECONNREFUSED 127.0.0.1:3001
02:00:20 ERROR  connect ECONNREFUSED 127.0.0.1:3001
02:00:20 ERROR  connect ECONNREFUSED 127.0.0.1:3001
02:00:21 ERROR  GET /api/v1/flag failed: fetch failed
02:00:22 ERROR  connect ECONNREFUSED 127.0.0.1:3001
02:00:23 ERROR  connect ECONNREFUSED 127.0.0.1:3001
02:00:24 ERROR  GET /api/v1/flag failed: fetch failed
02:00:26 WARN   api unreachable, retrying (attempt 4/5)
02:00:26 WARN   api unreachable, retrying (attempt 2/5)
02:00:29 ERROR  GET /api/v1/flag failed: fetch failed
02:00:30 ERROR  connect ECONNREFUSED 127.0.0.1:3001
02:00:35 ERROR  connect ECONNREFUSED 127.0.0.1:3001
02:00:36 ERROR  connect ECONNREFUSED 127.0.0.1:3001
02:00:36 WARN   api unreachable, retrying (attempt 4/5)
02:00:38 ERROR  GET /api/v1/flag failed: fetch failed
02:00:38 WARN   api unreachable, retrying (attempt 1/5)
02:00:38 WARN   api unreachable, retrying (attempt 4/5)
02:00:39 ERROR  GET /api/v1/flag failed: fetch failed
02:00:40 WARN   api unreachable, retrying (attempt 4/5)
02:00:40 ERROR  connect ECONNREFUSED 127.0.0.1:3001
02:00:41 WARN   api unreachable, retrying (attempt 5/5)
02:00:41 ERROR  GET /api/v1/flag failed: fetch failed
02:00:46 WARN   api unreachable, retrying (attempt 4/5)
02:00:48 ERROR  GET /api/v1/flag failed: fetch failed
02:00:50 WARN   api unreachable, retrying (attempt 4/5)
02:00:51 WARN   api unreachable, retrying (attempt 5/5)
02:00:51 WARN   api unreachable, retrying (attempt 2/5)
02:00:52 ERROR  connect ECONNREFUSED 127.0.0.1:3001
02:00:53 WARN   api unreachable, retrying (attempt 2/5)
02:00:55 ERROR  connect ECONNREFUSED 127.0.0.1:3001
02:01:00 WARN   api unreachable, retrying (attempt 5/5)
02:01:01 ERROR  GET /api/v1/flag failed: fetch failed
02:01:05 ERROR  GET /api/v1/flag failed: fetch failed
02:01:05 WARN   api unreachable, retrying (attempt 3/5)
02:01:06 ERROR  GET /api/v1/flag failed: fetch failed
02:01:09 WARN   api unreachable, retrying (attempt 1/5)
02:01:12 ERROR  connect ECONNREFUSED 127.0.0.1:3001
02:01:12 WARN   api unreachable, retrying (attempt 3/5)
02:01:15 ERROR  connect ECONNREFUSED 127.0.0.1:3001
02:01:19 ERROR  GET /api/v1/flag failed: fetch failed
02:01:20 WARN   api unreachable, retrying (attempt 3/5)
02:01:20 ERROR  connect ECONNREFUSED 127.0.0.1:3001
02:01:21 WARN   api unreachable, retrying (attempt 5/5)
02:01:23 ERROR  connect ECONNREFUSED 127.0.0.1:3001
02:01:24 WARN   api unreachable, retrying (attempt 2/5)
02:01:27 ERROR  connect ECONNREFUSED 127.0.0.1:3001
02:01:29 ERROR  GET /api/v1/flag failed: fetch failed
02:01:30 WARN   api unreachable, retrying (attempt 1/5)
02:01:35 WARN   api unreachable, retrying (attempt 4/5)
02:01:38 ERROR  GET /api/v1/flag failed: fetch failed
02:01:38 WARN   api unreachable, retrying (attempt 3/5)
02:01:38 ERROR  GET /api/v1/flag failed: fetch failed
02:01:41 WARN   api unreachable, retrying (attempt 3/5)
02:01:41 WARN   api unreachable, retrying (attempt 1/5)
02:01:42 ERROR  GET /api/v1/flag failed: fetch failed
02:01:47 ERROR  connect ECONNREFUSED 127.0.0.1:3001
02:01:49 ERROR  connect ECONNREFUSED 127.0.0.1:3001
02:01:50 WARN   api unreachable, retrying (attempt 1/5)
02:01:51 WARN   api unreachable, retrying (attempt 4/5)
02:01:52 WARN   api unreachable, retrying (attempt 2/5)
02:01:52 ERROR  GET /api/v1/flag failed: fetch failed
02:01:55 ERROR  GET /api/v1/flag failed: fetch failed
02:01:55 WARN   api unreachable, retrying (attempt 5/5)
02:01:58 WARN   api unreachable, retrying (attempt 1/5)
02:01:59 ERROR  connect ECONNREFUSED 127.0.0.1:3001
02:02:01 WARN   api unreachable, retrying (attempt 3/5)
02:02:02 ERROR  connect ECONNREFUSED 127.0.0.1:3001
02:02:03 ERROR  connect ECONNREFUSED 127.0.0.1:3001
02:02:04 ERROR  GET /api/v1/flag failed: fetch failed
02:02:04 ERROR  connect ECONNREFUSED 127.0.0.1:3001
02:02:06 ERROR  GET /api/v1/flag failed: fetch failed
02:02:06 WARN   api unreachable, retrying (attempt 3/5)
02:02:07 ERROR  GET /api/v1/flag failed: fetch failed
02:02:09 ERROR  connect ECONNREFUSED 127.0.0.1:3001
02:02:13 WARN   api unreachable, retrying (attempt 3/5)
02:02:13 WARN   api unreachable, retrying (attempt 1/5)
02:02:14 ERROR  connect ECONNREFUSED 127.0.0.1:3001
02:02:15 ERROR  GET /api/v1/flag failed: fetch failed
02:02:18 WARN   api unreachable, retrying (attempt 3/5)
02:02:19 ERROR  connect ECONNREFUSED 127.0.0.1:3001
02:02:20 ERROR  GET /api/v1/flag failed: fetch failed
02:02:21 ERROR  GET /api/v1/flag failed: fetch failed
02:02:22 WARN   api unreachable, retrying (attempt 3/5)
02:02:24 ERROR  GET /api/v1/flag failed: fetch failed
02:02:26 WARN   api unreachable, retrying (attempt 3/5)
02:02:26 WARN   api unreachable, retrying (attempt 4/5)
02:02:27 WARN   api unreachable, retrying (attempt 2/5)
02:02:29 WARN   api unreachable, retrying (attempt 1/5)
02:02:31 ERROR  GET /api/v1/flag failed: fetch failed
02:02:34 ERROR  GET /api/v1/flag failed: fetch failed
02:02:34 WARN   api unreachable, retrying (attempt 1/5)
02:02:36 ERROR  GET /api/v1/flag failed: fetch failed
02:02:37 ERROR  connect ECONNREFUSED 127.0.0.1:3001
02:02:38 ERROR  GET /api/v1/flag failed: fetch failed
02:02:41 ERROR  connect ECONNREFUSED 127.0.0.1:3001
02:02:42 WARN   api unreachable, retrying (attempt 3/5)
02:02:42 ERROR  GET /api/v1/flag failed: fetch failed
02:02:44 ERROR  GET /api/v1/flag failed: fetch failed
02:02:48 ERROR  GET /api/v1/flag failed: fetch failed
02:02:50 ERROR  GET /api/v1/flag failed: fetch failed
02:02:51 WARN   api unreachable, retrying (attempt 4/5)
02:02:53 ERROR  GET /api/v1/flag failed: fetch failed
02:02:55 ERROR  GET /api/v1/flag failed: fetch failed
02:02:56 ERROR  connect ECONNREFUSED 127.0.0.1:3001
02:02:59 WARN   api unreachable, retrying (attempt 2/5)
02:03:00 ERROR  GET /api/v1/flag failed: fetch failed
02:03:01 WARN   api unreachable, retrying (attempt 5/5)
02:03:01 ERROR  connect ECONNREFUSED 127.0.0.1:3001
02:03:04 WARN   api unreachable, retrying (attempt 1/5)
02:03:07 WARN   api unreachable, retrying (attempt 2/5)
02:03:12 ERROR  GET /api/v1/flag failed: fetch failed
02:03:13 ERROR  connect ECONNREFUSED 127.0.0.1:3001
02:03:15 ERROR  GET /api/v1/flag failed: fetch failed
02:03:16 ERROR  connect ECONNREFUSED 127.0.0.1:3001
02:03:18 ERROR  GET /api/v1/flag failed: fetch failed
02:03:19 WARN   api unreachable, retrying (attempt 4/5)
02:03:20 WARN   api unreachable, retrying (attempt 5/5)
02:03:21 WARN   api unreachable, retrying (attempt 2/5)
02:03:24 WARN   api unreachable, retrying (attempt 3/5)
02:03:26 ERROR  connect ECONNREFUSED 127.0.0.1:3001
02:03:26 ERROR  connect ECONNREFUSED 127.0.0.1:3001
02:03:26 WARN   api unreachable, retrying (attempt 3/5)
02:03:26 ERROR  connect ECONNREFUSED 127.0.0.1:3001
02:03:28 WARN   api unreachable, retrying (attempt 5/5)
02:03:31 ERROR  connect ECONNREFUSED 127.0.0.1:3001
02:03:31 WARN   api unreachable, retrying (attempt 1/5)
02:03:31 ERROR  connect ECONNREFUSED 127.0.0.1:3001
02:03:31 WARN   api unreachable, retrying (attempt 1/5)
02:03:32 ERROR  GET /api/v1/flag failed: fetch failed
02:03:34 ERROR  GET /api/v1/flag failed: fetch failed
02:03:34 WARN   api unreachable, retrying (attempt 1/5)
02:03:35 ERROR  GET /api/v1/flag failed: fetch failed
02:03:36 ERROR  GET /api/v1/flag failed: fetch failed
02:03:38 ERROR  GET /api/v1/flag failed: fetch failed
02:03:39 ERROR  GET /api/v1/flag failed: fetch failed
02:03:42 ERROR  connect ECONNREFUSED 127.0.0.1:3001
02:03:43 ERROR  connect ECONNREFUSED 127.0.0.1:3001
02:03:44 ERROR  connect ECONNREFUSED 127.0.0.1:3001
02:03:44 WARN   api unreachable, retrying (attempt 2/5)
02:03:44 ERROR  connect ECONNREFUSED 127.0.0.1:3001
02:03:45 WARN   api unreachable, retrying (attempt 3/5)
02:03:46 ERROR  GET /api/v1/flag failed: fetch failed
02:03:47 ERROR  connect ECONNREFUSED 127.0.0.1:3001
02:03:49 ERROR  connect ECONNREFUSED 127.0.0.1:3001
02:03:56 ERROR  GET /api/v1/flag failed: fetch failed
02:03:56 ERROR  GET /api/v1/flag failed: fetch failed
02:03:56 ERROR  GET /api/v1/flag failed: fetch failed
02:03:57 ERROR  connect ECONNREFUSED 127.0.0.1:3001
02:03:57 WARN   api unreachable, retrying (attempt 1/5)
02:03:58 WARN   api unreachable, retrying (attempt 3/5)
02:04:03 ERROR  connect ECONNREFUSED 127.0.0.1:3001
02:04:03 ERROR  GET /api/v1/flag failed: fetch failed
02:04:04 WARN   api unreachable, retrying (attempt 4/5)
02:04:06 ERROR  connect ECONNREFUSED 127.0.0.1:3001
02:04:07 WARN   api unreachable, retrying (attempt 2/5)
02:04:08 WARN   api unreachable, retrying (attempt 5/5)
02:04:08 WARN   api unreachable, retrying (attempt 1/5)
02:04:09 ERROR  GET /api/v1/flag failed: fetch failed
02:04:09 ERROR  GET /api/v1/flag failed: fetch failed
02:04:10 ERROR  connect ECONNREFUSED 127.0.0.1:3001
02:04:10 ERROR  connect ECONNREFUSED 127.0.0.1:3001
02:04:13 ERROR  connect ECONNREFUSED 127.0.0.1:3001
02:04:14 WARN   api unreachable, retrying (attempt 1/5)
02:04:15 WARN   api unreachable, retrying (attempt 3/5)
02:04:15 ERROR  GET /api/v1/flag failed: fetch failed
02:04:17 ERROR  GET /api/v1/flag failed: fetch failed
02:04:18 WARN   api unreachable, retrying (attempt 1/5)
02:04:20 ERROR  connect ECONNREFUSED 127.0.0.1:3001
02:04:21 ERROR  GET /api/v1/flag failed: fetch failed
02:04:21 WARN   api unreachable, retrying (attempt 3/5)
02:04:23 ERROR  connect ECONNREFUSED 127.0.0.1:3001
02:04:23 ERROR  connect ECONNREFUSED 127.0.0.1:3001
02:04:23 WARN   api unreachable, retrying (attempt 1/5)
02:04:26 ERROR  connect ECONNREFUSED 127.0.0.1:3001
02:04:26 ERROR  GET /api/v1/flag failed: fetch failed
02:04:27 ERROR  GET /api/v1/flag failed: fetch failed
02:04:27 ERROR  connect ECONNREFUSED 127.0.0.1:3001
02:04:27 ERROR  connect ECONNREFUSED 127.0.0.1:3001
02:04:27 ERROR  connect ECONNREFUSED 127.0.0.1:3001
02:04:29 ERROR  connect ECONNREFUSED 127.0.0.1:3001
02:04:30 WARN   api unreachable, retrying (attempt 3/5)
02:04:32 WARN   api unreachable, retrying (attempt 3/5)
02:04:33 WARN   api unreachable, retrying (attempt 1/5)
02:04:34 WARN   api unreachable, retrying (attempt 1/5)
02:04:36 ERROR  connect ECONNREFUSED 127.0.0.1:3001
02:04:39 ERROR  connect ECONNREFUSED 127.0.0.1:3001
02:04:40 ERROR  connect ECONNREFUSED 127.0.0.1:3001
02:04:41 ERROR  GET /api/v1/flag failed: fetch failed
02:04:43 ERROR  GET /api/v1/flag failed: fetch failed
02:04:44 ERROR  connect ECONNREFUSED 127.0.0.1:3001
02:04:45 WARN   api unreachable, retrying (attempt 1/5)
02:04:49 ERROR  GET /api/v1/flag failed: fetch failed
02:04:49 ERROR  GET /api/v1/flag failed: fetch failed
02:04:52 WARN   api unreachable, retrying (attempt 3/5)
02:04:56 ERROR  connect ECONNREFUSED 127.0.0.1:3001
02:04:59 ERROR  GET /api/v1/flag failed: fetch failed
02:05:02 ERROR  connect ECONNREFUSED 127.0.0.1:3001
02:05:04 ERROR  connect ECONNREFUSED 127.0.0.1:3001
02:05:04 WARN   api unreachable, retrying (attempt 1/5)
02:05:05 ERROR  connect ECONNREFUSED 127.0.0.1:3001
02:05:06 WARN   api unreachable, retrying (attempt 5/5)
02:05:06 WARN   api unreachable, retrying (attempt 2/5)
02:05:10 ERROR  GET /api/v1/flag failed: fetch failed
02:05:12 ERROR  connect ECONNREFUSED 127.0.0.1:3001
02:05:19 ERROR  connect ECONNREFUSED 127.0.0.1:3001
02:05:20 ERROR  GET /api/v1/flag failed: fetch failed
02:05:20 ERROR  GET /api/v1/flag failed: fetch failed
02:05:21 ERROR  connect ECONNREFUSED 127.0.0.1:3001
02:05:24 ERROR  GET /api/v1/flag failed: fetch failed
02:05:25 WARN   api unreachable, retrying (attempt 3/5)
02:05:29 ERROR  GET /api/v1/flag failed: fetch failed
02:05:30 WARN   api unreachable, retrying (attempt 4/5)
02:05:31 ERROR  GET /api/v1/flag failed: fetch failed
02:05:31 WARN   api unreachable, retrying (attempt 5/5)
02:05:33 WARN   api unreachable, retrying (attempt 2/5)
02:05:38 WARN   api unreachable, retrying (attempt 4/5)
02:05:39 ERROR  connect ECONNREFUSED 127.0.0.1:3001
02:05:39 ERROR  connect ECONNREFUSED 127.0.0.1:3001
02:05:40 WARN   api unreachable, retrying (attempt 5/5)
02:05:41 ERROR  GET /api/v1/flag failed: fetch failed
02:05:42 WARN   api unreachable, retrying (attempt 2/5)
02:05:43 ERROR  connect ECONNREFUSED 127.0.0.1:3001
02:05:44 ERROR  GET /api/v1/flag failed: fetch failed
02:05:44 WARN   api unreachable, retrying (attempt 1/5)
02:05:47 ERROR  connect ECONNREFUSED 127.0.0.1:3001
02:05:49 ERROR  GET /api/v1/flag failed: fetch failed
02:05:54 ERROR  GET /api/v1/flag failed: fetch failed
02:05:54 ERROR  GET /api/v1/flag failed: fetch failed
02:05:55 ERROR  GET /api/v1/flag failed: fetch failed
02:05:56 ERROR  connect ECONNREFUSED 127.0.0.1:3001
02:05:56 WARN   api unreachable, retrying (attempt 3/5)
02:05:57 WARN   api unreachable, retrying (attempt 1/5)
02:06:00 ERROR  GET /api/v1/flag failed: fetch failed
02:06:02 ERROR  GET /api/v1/flag failed: fetch failed
02:06:03 WARN   api unreachable, retrying (attempt 4/5)
02:06:05 ERROR  GET /api/v1/flag failed: fetch failed
02:06:06 WARN   api unreachable, retrying (attempt 1/5)
02:06:06 WARN   api unreachable, retrying (attempt 2/5)
02:06:07 ERROR  GET /api/v1/flag failed: fetch failed
02:06:08 ERROR  GET /api/v1/flag failed: fetch failed
02:06:10 WARN   api unreachable, retrying (attempt 1/5)
02:06:11 ERROR  GET /api/v1/flag failed: fetch failed
02:06:12 WARN   api unreachable, retrying (attempt 5/5)
02:06:14 ERROR  connect ECONNREFUSED 127.0.0.1:3001
02:06:15 ERROR  connect ECONNREFUSED 127.0.0.1:3001
02:06:16 WARN   api unreachable, retrying (attempt 5/5)
02:06:19 ERROR  GET /api/v1/flag failed: fetch failed
02:06:19 ERROR  GET /api/v1/flag failed: fetch failed
02:06:21 ERROR  connect ECONNREFUSED 127.0.0.1:3001
02:06:23 WARN   api unreachable, retrying (attempt 5/5)
02:06:24 ERROR  connect ECONNREFUSED 127.0.0.1:3001
02:06:28 WARN   api unreachable, retrying (attempt 2/5)
02:06:29 ERROR  GET /api/v1/flag failed: fetch failed
02:06:30 ERROR  connect ECONNREFUSED 127.0.0.1:3001
02:06:30 WARN   api unreachable, retrying (attempt 5/5)
02:06:30 WARN   api unreachable, retrying (attempt 5/5)
02:06:31 ERROR  connect ECONNREFUSED 127.0.0.1:3001
02:06:32 ERROR  connect ECONNREFUSED 127.0.0.1:3001
02:06:35 ERROR  GET /api/v1/flag failed: fetch failed
02:06:38 ERROR  connect ECONNREFUSED 127.0.0.1:3001
02:06:39 WARN   api unreachable, retrying (attempt 2/5)
02:06:40 ERROR  connect ECONNREFUSED 127.0.0.1:3001
02:06:44 WARN   api unreachable, retrying (attempt 1/5)
02:06:47 ERROR  connect ECONNREFUSED 127.0.0.1:3001
02:06:48 ERROR  GET /api/v1/flag failed: fetch failed
02:06:49 ERROR  connect ECONNREFUSED 127.0.0.1:3001
02:06:50 ERROR  GET /api/v1/flag failed: fetch failed
02:06:51 WARN   api unreachable, retrying (attempt 4/5)
02:06:51 ERROR  connect ECONNREFUSED 127.0.0.1:3001
02:06:52 ERROR  GET /api/v1/flag failed: fetch failed
02:06:52 ERROR  connect ECONNREFUSED 127.0.0.1:3001
02:06:53 WARN   api unreachable, retrying (attempt 4/5)
02:06:53 WARN   api unreachable, retrying (attempt 5/5)
02:06:54 WARN   api unreachable, retrying (attempt 2/5)
02:06:57 ERROR  GET /api/v1/flag failed: fetch failed
02:06:59 ERROR  connect ECONNREFUSED 127.0.0.1:3001
02:07:00 ERROR  GET /api/v1/flag failed: fetch failed
02:07:00 ERROR  connect ECONNREFUSED 127.0.0.1:3001
02:07:03 ERROR  GET /api/v1/flag failed: fetch failed
02:07:03 ERROR  GET /api/v1/flag failed: fetch failed
02:07:05 ERROR  GET /api/v1/flag failed: fetch failed
02:07:09 ERROR  connect ECONNREFUSED 127.0.0.1:3001
02:07:10 ERROR  connect ECONNREFUSED 127.0.0.1:3001
02:07:10 WARN   api unreachable, retrying (attempt 2/5)
02:07:13 ERROR  GET /api/v1/flag failed: fetch failed
02:07:14 WARN   api unreachable, retrying (attempt 5/5)
02:07:17 ERROR  connect ECONNREFUSED 127.0.0.1:3001
02:07:17 ERROR  GET /api/v1/flag failed: fetch failed
02:07:19 ERROR  connect ECONNREFUSED 127.0.0.1:3001
02:07:21 ERROR  connect ECONNREFUSED 127.0.0.1:3001
02:07:21 WARN   api unreachable, retrying (attempt 5/5)
02:07:25 ERROR  GET /api/v1/flag failed: fetch failed
02:07:26 WARN   api unreachable, retrying (attempt 5/5)
02:07:26 ERROR  GET /api/v1/flag failed: fetch failed
02:07:27 ERROR  GET /api/v1/flag failed: fetch failed
02:07:29 WARN   api unreachable, retrying (attempt 1/5)
02:07:30 ERROR  GET /api/v1/flag failed: fetch failed
02:07:31 ERROR  connect ECONNREFUSED 127.0.0.1:3001
02:07:33 WARN   api unreachable, retrying (attempt 4/5)
02:07:34 ERROR  connect ECONNREFUSED 127.0.0.1:3001
02:07:34 WARN   api unreachable, retrying (attempt 3/5)
02:07:38 WARN   api unreachable, retrying (attempt 5/5)
02:07:39 ERROR  connect ECONNREFUSED 127.0.0.1:3001
02:07:44 ERROR  connect ECONNREFUSED 127.0.0.1:3001
02:07:44 WARN   api unreachable, retrying (attempt 5/5)
02:07:45 ERROR  connect ECONNREFUSED 127.0.0.1:3001
02:07:45 ERROR  GET /api/v1/flag failed: fetch failed
02:07:48 ERROR  connect ECONNREFUSED 127.0.0.1:3001
02:07:48 WARN   api unreachable, retrying (attempt 2/5)
02:07:50 ERROR  GET /api/v1/flag failed: fetch failed
02:07:50 ERROR  GET /api/v1/flag failed: fetch failed
02:07:52 ERROR  connect ECONNREFUSED 127.0.0.1:3001
02:07:53 ERROR  GET /api/v1/flag failed: fetch failed
02:07:53 ERROR  GET /api/v1/flag failed: fetch failed
02:07:54 WARN   api unreachable, retrying (attempt 1/5)
02:07:55 ERROR  GET /api/v1/flag failed: fetch failed
02:07:56 ERROR  connect ECONNREFUSED 127.0.0.1:3001
02:07:58 ERROR  GET /api/v1/flag failed: fetch failed
02:08:00 ERROR  connect ECONNREFUSED 127.0.0.1:3001
02:08:03 WARN   api unreachable, retrying (attempt 5/5)
02:08:04 WARN   api unreachable, retrying (attempt 4/5)
02:08:06 WARN   api unreachable, retrying (attempt 2/5)
02:08:08 ERROR  GET /api/v1/flag failed: fetch failed
02:08:11 ERROR  GET /api/v1/flag failed: fetch failed
02:08:12 ERROR  connect ECONNREFUSED 127.0.0.1:3001
02:08:15 WARN   api unreachable, retrying (attempt 5/5)
02:08:15 ERROR  connect ECONNREFUSED 127.0.0.1:3001
02:08:17 ERROR  connect ECONNREFUSED 127.0.0.1:3001
02:08:20 ERROR  connect ECONNREFUSED 127.0.0.1:3001
02:08:22 ERROR  GET /api/v1/flag failed: fetch failed
02:08:24 ERROR  GET /api/v1/flag failed: fetch failed
02:08:27 WARN   api unreachable, retrying (attempt 4/5)
02:08:27 ERROR  GET /api/v1/flag failed: fetch failed
02:08:28 WARN   api unreachable, retrying (attempt 2/5)
02:08:29 WARN   api unreachable, retrying (attempt 3/5)
02:08:30 ERROR  connect ECONNREFUSED 127.0.0.1:3001
02:08:31 WARN   api unreachable, retrying (attempt 4/5)
02:08:34 ERROR  connect ECONNREFUSED 127.0.0.1:3001
02:08:38 ERROR  GET /api/v1/flag failed: fetch failed
02:08:41 ERROR  GET /api/v1/flag failed: fetch failed
02:08:41 WARN   api unreachable, retrying (attempt 2/5)
02:08:42 WARN   api unreachable, retrying (attempt 3/5)
02:08:42 WARN   api unreachable, retrying (attempt 5/5)
02:08:43 ERROR  GET /api/v1/flag failed: fetch failed
02:08:43 ERROR  GET /api/v1/flag failed: fetch failed
02:08:43 WARN   api unreachable, retrying (attempt 1/5)
02:08:46 WARN   api unreachable, retrying (attempt 4/5)
02:08:50 ERROR  GET /api/v1/flag failed: fetch failed
02:08:50 ERROR  GET /api/v1/flag failed: fetch failed
02:08:51 ERROR  GET /api/v1/flag failed: fetch failed
02:08:54 ERROR  connect ECONNREFUSED 127.0.0.1:3001
02:08:55 ERROR  GET /api/v1/flag failed: fetch failed
02:08:56 ERROR  GET /api/v1/flag failed: fetch failed
02:08:58 ERROR  GET /api/v1/flag failed: fetch failed
02:09:00 WARN   api unreachable, retrying (attempt 5/5)
02:09:01 WARN   api unreachable, retrying (attempt 4/5)
02:09:02 ERROR  GET /api/v1/flag failed: fetch failed
02:09:03 ERROR  GET /api/v1/flag failed: fetch failed
02:09:03 ERROR  GET /api/v1/flag failed: fetch failed
02:09:05 ERROR  GET /api/v1/flag failed: fetch failed
02:09:06 ERROR  connect ECONNREFUSED 127.0.0.1:3001
02:09:06 ERROR  GET /api/v1/flag failed: fetch failed
02:09:07 WARN   api unreachable, retrying (attempt 3/5)
02:09:10 WARN   api unreachable, retrying (attempt 4/5)
02:09:11 WARN   api unreachable, retrying (attempt 3/5)
02:09:12 ERROR  connect ECONNREFUSED 127.0.0.1:3001
02:09:12 ERROR  GET /api/v1/flag failed: fetch failed
02:09:17 ERROR  GET /api/v1/flag failed: fetch failed
02:09:17 ERROR  GET /api/v1/flag failed: fetch failed
02:09:17 WARN   api unreachable, retrying (attempt 4/5)
02:09:18 ERROR  connect ECONNREFUSED 127.0.0.1:3001
02:09:19 WARN   api unreachable, retrying (attempt 1/5)
02:09:20 WARN   api unreachable, retrying (attempt 3/5)
02:09:20 ERROR  GET /api/v1/flag failed: fetch failed
02:09:20 ERROR  connect ECONNREFUSED 127.0.0.1:3001
02:09:20 WARN   api unreachable, retrying (attempt 4/5)
02:09:21 ERROR  connect ECONNREFUSED 127.0.0.1:3001
02:09:21 ERROR  connect ECONNREFUSED 127.0.0.1:3001
02:09:24 WARN   api unreachable, retrying (attempt 2/5)
02:09:26 ERROR  connect ECONNREFUSED 127.0.0.1:3001
02:09:32 WARN   api unreachable, retrying (attempt 5/5)
02:09:33 ERROR  connect ECONNREFUSED 127.0.0.1:3001
02:09:33 WARN   api unreachable, retrying (attempt 1/5)
02:09:34 ERROR  GET /api/v1/flag failed: fetch failed
02:09:34 ERROR  connect ECONNREFUSED 127.0.0.1:3001
02:09:35 ERROR  connect ECONNREFUSED 127.0.0.1:3001
02:09:39 ERROR  GET /api/v1/flag failed: fetch failed
02:09:41 WARN   api unreachable, retrying (attempt 5/5)
02:09:41 ERROR  connect ECONNREFUSED 127.0.0.1:3001
02:09:42 WARN   api unreachable, retrying (attempt 5/5)
02:09:43 ERROR  GET /api/v1/flag failed: fetch failed
02:09:43 ERROR  GET /api/v1/flag failed: fetch failed
02:09:43 ERROR  GET /api/v1/flag failed: fetch failed
02:09:51 ERROR  connect ECONNREFUSED 127.0.0.1:3001
02:09:52 WARN   api unreachable, retrying (attempt 3/5)
02:09:53 ERROR  connect ECONNREFUSED 127.0.0.1:3001
02:09:55 ERROR  GET /api/v1/flag failed: fetch failed
02:09:57 ERROR  GET /api/v1/flag failed: fetch failed
02:10:02 WARN   api unreachable, retrying (attempt 3/5)
02:10:03 ERROR  connect ECONNREFUSED 127.0.0.1:3001
02:10:03 WARN   api unreachable, retrying (attempt 4/5)
02:10:03 ERROR  GET /api/v1/flag failed: fetch failed
02:10:05 ERROR  GET /api/v1/flag failed: fetch failed
02:10:05 ERROR  connect ECONNREFUSED 127.0.0.1:3001
02:10:06 ERROR  connect ECONNREFUSED 127.0.0.1:3001
02:10:08 ERROR  GET /api/v1/flag failed: fetch failed
02:10:09 ERROR  connect ECONNREFUSED 127.0.0.1:3001
02:10:11 ERROR  connect ECONNREFUSED 127.0.0.1:3001
02:10:11 WARN   api unreachable, retrying (attempt 4/5)
02:10:12 WARN   api unreachable, retrying (attempt 1/5)
02:10:12 WARN   api unreachable, retrying (attempt 4/5)
02:10:13 ERROR  connect ECONNREFUSED 127.0.0.1:3001
02:10:14 ERROR  GET /api/v1/flag failed: fetch failed
02:10:15 ERROR  connect ECONNREFUSED 127.0.0.1:3001
02:10:17 ERROR  connect ECONNREFUSED 127.0.0.1:3001
02:10:18 WARN   api unreachable, retrying (attempt 4/5)
02:10:20 ERROR  connect ECONNREFUSED 127.0.0.1:3001
02:10:21 WARN   api unreachable, retrying (attempt 2/5)
02:10:25 ERROR  connect ECONNREFUSED 127.0.0.1:3001
02:10:25 ERROR  connect ECONNREFUSED 127.0.0.1:3001
02:10:25 ERROR  GET /api/v1/flag failed: fetch failed
02:10:26 ERROR  GET /api/v1/flag failed: fetch failed
02:10:27 ERROR  connect ECONNREFUSED 127.0.0.1:3001
02:10:27 WARN   api unreachable, retrying (attempt 4/5)
02:10:28 ERROR  connect ECONNREFUSED 127.0.0.1:3001
02:10:29 ERROR  connect ECONNREFUSED 127.0.0.1:3001
02:10:29 ERROR  GET /api/v1/flag failed: fetch failed
02:10:30 ERROR  connect ECONNREFUSED 127.0.0.1:3001
02:10:32 ERROR  GET /api/v1/flag failed: fetch failed
02:10:35 WARN   api unreachable, retrying (attempt 4/5)
02:10:39 ERROR  connect ECONNREFUSED 127.0.0.1:3001
02:10:40 WARN   api unreachable, retrying (attempt 4/5)
02:10:41 ERROR  GET /api/v1/flag failed: fetch failed
02:10:42 WARN   api unreachable, retrying (attempt 1/5)
02:10:42 ERROR  GET /api/v1/flag failed: fetch failed
02:10:44 WARN   api unreachable, retrying (attempt 5/5)
02:10:44 WARN   api unreachable, retrying (attempt 3/5)
02:10:50 ERROR  GET /api/v1/flag failed: fetch failed
02:10:51 ERROR  GET /api/v1/flag failed: fetch failed
02:10:51 WARN   api unreachable, retrying (attempt 5/5)
02:10:56 ERROR  GET /api/v1/flag failed: fetch failed
02:10:56 ERROR  connect ECONNREFUSED 127.0.0.1:3001
02:10:57 ERROR  connect ECONNREFUSED 127.0.0.1:3001
02:10:58 ERROR  connect ECONNREFUSED 127.0.0.1:3001
02:10:58 WARN   api unreachable, retrying (attempt 5/5)
02:10:59 ERROR  connect ECONNREFUSED 127.0.0.1:3001
02:11:02 ERROR  connect ECONNREFUSED 127.0.0.1:3001
02:11:03 ERROR  connect ECONNREFUSED 127.0.0.1:3001
02:11:05 WARN   api unreachable, retrying (attempt 1/5)
02:11:05 WARN   api unreachable, retrying (attempt 1/5)
02:11:06 WARN   api unreachable, retrying (attempt 1/5)
02:11:07 ERROR  GET /api/v1/flag failed: fetch failed
02:11:07 ERROR  GET /api/v1/flag failed: fetch failed
02:11:09 ERROR  GET /api/v1/flag failed: fetch failed
02:11:10 WARN   api unreachable, retrying (attempt 4/5)
02:11:12 WARN   api unreachable, retrying (attempt 4/5)
02:11:18 ERROR  connect ECONNREFUSED 127.0.0.1:3001
02:11:19 ERROR  connect ECONNREFUSED 127.0.0.1:3001
02:11:20 ERROR  GET /api/v1/flag failed: fetch failed
02:11:21 ERROR  connect ECONNREFUSED 127.0.0.1:3001
02:11:22 ERROR  GET /api/v1/flag failed: fetch failed
02:11:23 ERROR  connect ECONNREFUSED 127.0.0.1:3001
02:11:24 ERROR  connect ECONNREFUSED 127.0.0.1:3001
02:11:24 ERROR  GET /api/v1/flag failed: fetch failed
02:11:27 ERROR  GET /api/v1/flag failed: fetch failed
02:11:38 ERROR  GET /api/v1/flag failed: fetch failed
02:11:43 WARN   api unreachable, retrying (attempt 3/5)
02:11:43 ERROR  connect ECONNREFUSED 127.0.0.1:3001
02:11:44 WARN   api unreachable, retrying (attempt 2/5)
02:11:44 WARN   api unreachable, retrying (attempt 1/5)
02:11:45 ERROR  connect ECONNREFUSED 127.0.0.1:3001
02:11:45 WARN   api unreachable, retrying (attempt 1/5)
02:11:46 ERROR  connect ECONNREFUSED 127.0.0.1:3001
02:11:48 ERROR  GET /api/v1/flag failed: fetch failed
02:11:48 ERROR  connect ECONNREFUSED 127.0.0.1:3001
02:11:48 ERROR  connect ECONNREFUSED 127.0.0.1:3001
02:11:49 ERROR  GET /api/v1/flag failed: fetch failed
02:11:54 WARN   api unreachable, retrying (attempt 2/5)
02:11:54 WARN   api unreachable, retrying (attempt 4/5)
02:11:55 ERROR  GET /api/v1/flag failed: fetch failed
02:11:56 WARN   api unreachable, retrying (attempt 5/5)
02:11:57 ERROR  GET /api/v1/flag failed: fetch failed
02:11:57 WARN   api unreachable, retrying (attempt 2/5)
02:11:59 ERROR  GET /api/v1/flag failed: fetch failed
02:12:00 ERROR  GET /api/v1/flag failed: fetch failed
02:12:01 WARN   api unreachable, retrying (attempt 3/5)
02:12:02 ERROR  GET /api/v1/flag failed: fetch failed
02:12:05 ERROR  connect ECONNREFUSED 127.0.0.1:3001
02:12:08 WARN   api unreachable, retrying (attempt 2/5)
02:12:09 WARN   api unreachable, retrying (attempt 1/5)
02:12:09 WARN   api unreachable, retrying (attempt 4/5)
02:12:10 WARN   api unreachable, retrying (attempt 3/5)
02:12:11 WARN   api unreachable, retrying (attempt 3/5)
02:12:12 WARN   api unreachable, retrying (attempt 2/5)
02:12:14 WARN   api unreachable, retrying (attempt 1/5)
02:12:14 ERROR  connect ECONNREFUSED 127.0.0.1:3001
02:12:15 ERROR  GET /api/v1/flag failed: fetch failed
02:12:16 ERROR  GET /api/v1/flag failed: fetch failed
02:12:20 WARN   api unreachable, retrying (attempt 5/5)
02:12:20 ERROR  GET /api/v1/flag failed: fetch failed
02:12:21 ERROR  connect ECONNREFUSED 127.0.0.1:3001
02:12:21 WARN   api unreachable, retrying (attempt 3/5)
02:12:22 ERROR  connect ECONNREFUSED 127.0.0.1:3001
02:12:26 ERROR  GET /api/v1/flag failed: fetch failed
02:12:27 ERROR  connect ECONNREFUSED 127.0.0.1:3001
02:12:30 ERROR  connect ECONNREFUSED 127.0.0.1:3001
02:12:30 ERROR  GET /api/v1/flag failed: fetch failed
02:12:30 ERROR  connect ECONNREFUSED 127.0.0.1:3001
02:12:32 ERROR  connect ECONNREFUSED 127.0.0.1:3001
02:12:32 ERROR  connect ECONNREFUSED 127.0.0.1:3001
02:12:34 ERROR  GET /api/v1/flag failed: fetch failed
02:12:35 WARN   api unreachable, retrying (attempt 4/5)
02:12:36 ERROR  connect ECONNREFUSED 127.0.0.1:3001
02:12:38 ERROR  connect ECONNREFUSED 127.0.0.1:3001
02:12:42 ERROR  GET /api/v1/flag failed: fetch failed
02:12:45 WARN   api unreachable, retrying (attempt 4/5)
02:12:45 ERROR  GET /api/v1/flag failed: fetch failed
02:12:46 ERROR  connect ECONNREFUSED 127.0.0.1:3001
02:12:54 ERROR  GET /api/v1/flag failed: fetch failed
02:12:57 ERROR  GET /api/v1/flag failed: fetch failed
02:12:59 ERROR  GET /api/v1/flag failed: fetch failed
02:13:00 WARN   api unreachable, retrying (attempt 5/5)
02:13:00 ERROR  connect ECONNREFUSED 127.0.0.1:3001
02:13:01 WARN   api unreachable, retrying (attempt 1/5)
02:13:01 WARN   api unreachable, retrying (attempt 2/5)
02:13:04 ERROR  connect ECONNREFUSED 127.0.0.1:3001
02:13:05 ERROR  connect ECONNREFUSED 127.0.0.1:3001
02:13:08 ERROR  connect ECONNREFUSED 127.0.0.1:3001
02:13:09 WARN   api unreachable, retrying (attempt 1/5)
02:13:12 ERROR  GET /api/v1/flag failed: fetch failed
02:13:12 ERROR  connect ECONNREFUSED 127.0.0.1:3001
02:13:16 ERROR  GET /api/v1/flag failed: fetch failed
02:13:17 ERROR  connect ECONNREFUSED 127.0.0.1:3001
02:13:21 ERROR  GET /api/v1/flag failed: fetch failed
02:13:23 WARN   api unreachable, retrying (attempt 1/5)
02:13:25 ERROR  GET /api/v1/flag failed: fetch failed
02:13:28 ERROR  GET /api/v1/flag failed: fetch failed
02:13:28 ERROR  GET /api/v1/flag failed: fetch failed
02:13:29 ERROR  connect ECONNREFUSED 127.0.0.1:3001
02:13:29 ERROR  connect ECONNREFUSED 127.0.0.1:3001
02:13:32 ERROR  GET /api/v1/flag failed: fetch failed
02:13:35 ERROR  connect ECONNREFUSED 127.0.0.1:3001
02:13:35 WARN   api unreachable, retrying (attempt 1/5)
02:13:36 ERROR  GET /api/v1/flag failed: fetch failed
02:13:38 ERROR  GET /api/v1/flag failed: fetch failed
02:13:38 ERROR  connect ECONNREFUSED 127.0.0.1:3001
02:13:40 ERROR  GET /api/v1/flag failed: fetch failed
02:13:41 WARN   api unreachable, retrying (attempt 5/5)
02:13:46 ERROR  GET /api/v1/flag failed: fetch failed
02:13:48 WARN   api unreachable, retrying (attempt 4/5)
02:13:55 WARN   api unreachable, retrying (attempt 1/5)
02:13:56 ERROR  GET /api/v1/flag failed: fetch failed
02:13:57 WARN   api unreachable, retrying (attempt 5/5)
02:13:57 ERROR  connect ECONNREFUSED 127.0.0.1:3001
02:13:58 ERROR  GET /api/v1/flag failed: fetch failed
02:13:59 ERROR  connect ECONNREFUSED 127.0.0.1:3001
02:14:02 ERROR  connect ECONNREFUSED 127.0.0.1:3001
02:14:03 ERROR  GET /api/v1/flag failed: fetch failed
02:14:09 ERROR  GET /api/v1/flag failed: fetch failed
02:14:13 ERROR  GET /api/v1/flag failed: fetch failed
02:14:16 ERROR  GET /api/v1/flag failed: fetch failed
02:14:21 WARN   api unreachable, retrying (attempt 4/5)
02:14:22 ERROR  connect ECONNREFUSED 127.0.0.1:3001
02:14:22 WARN   api unreachable, retrying (attempt 1/5)
02:14:22 ERROR  GET /api/v1/flag failed: fetch failed
02:14:27 WARN   api unreachable, retrying (attempt 1/5)
02:14:28 ERROR  connect ECONNREFUSED 127.0.0.1:3001
02:14:33 ERROR  GET /api/v1/flag failed: fetch failed
02:14:33 ERROR  connect ECONNREFUSED 127.0.0.1:3001
02:14:35 ERROR  connect ECONNREFUSED 127.0.0.1:3001
02:14:37 ERROR  connect ECONNREFUSED 127.0.0.1:3001
02:14:38 WARN   api unreachable, retrying (attempt 4/5)
02:14:39 ERROR  connect ECONNREFUSED 127.0.0.1:3001
02:14:39 ERROR  GET /api/v1/flag failed: fetch failed
02:14:43 WARN   api unreachable, retrying (attempt 3/5)
02:14:44 WARN   api unreachable, retrying (attempt 4/5)
02:14:45 ERROR  connect ECONNREFUSED 127.0.0.1:3001
02:14:45 ERROR  GET /api/v1/flag failed: fetch failed
02:14:48 ERROR  GET /api/v1/flag failed: fetch failed
02:14:49 ERROR  GET /api/v1/flag failed: fetch failed
02:14:50 ERROR  connect ECONNREFUSED 127.0.0.1:3001
02:14:50 WARN   api unreachable, retrying (attempt 2/5)
02:14:51 WARN   api unreachable, retrying (attempt 4/5)
02:14:52 WARN   api unreachable, retrying (attempt 5/5)
02:14:52 ERROR  connect ECONNREFUSED 127.0.0.1:3001
02:14:53 WARN   api unreachable, retrying (attempt 3/5)
02:14:53 ERROR  GET /api/v1/flag failed: fetch failed
02:14:55 WARN   api unreachable, retrying (attempt 4/5)
02:14:57 ERROR  connect ECONNREFUSED 127.0.0.1:3001
02:14:59 WARN   api unreachable, retrying (attempt 5/5)
02:15:03 WARN   api unreachable, retrying (attempt 2/5)
02:15:05 WARN   api unreachable, retrying (attempt 5/5)
02:15:06 WARN   api unreachable, retrying (attempt 1/5)
02:15:07 ERROR  GET /api/v1/flag failed: fetch failed
02:15:11 ERROR  connect ECONNREFUSED 127.0.0.1:3001
02:15:12 ERROR  GET /api/v1/flag failed: fetch failed
02:15:15 ERROR  GET /api/v1/flag failed: fetch failed
02:15:16 WARN   api unreachable, retrying (attempt 5/5)
02:15:22 ERROR  GET /api/v1/flag failed: fetch failed
02:15:22 ERROR  GET /api/v1/flag failed: fetch failed
02:15:25 ERROR  connect ECONNREFUSED 127.0.0.1:3001
02:15:26 ERROR  GET /api/v1/flag failed: fetch failed
02:15:27 ERROR  GET /api/v1/flag failed: fetch failed
02:15:28 ERROR  connect ECONNREFUSED 127.0.0.1:3001
02:15:29 WARN   api unreachable, retrying (attempt 1/5)
02:15:33 ERROR  GET /api/v1/flag failed: fetch failed
02:15:35 ERROR  GET /api/v1/flag failed: fetch failed
02:15:36 ERROR  connect ECONNREFUSED 127.0.0.1:3001
02:15:36 ERROR  connect ECONNREFUSED 127.0.0.1:3001
02:15:37 WARN   api unreachable, retrying (attempt 2/5)
02:15:38 ERROR  connect ECONNREFUSED 127.0.0.1:3001
02:15:40 ERROR  connect ECONNREFUSED 127.0.0.1:3001
02:15:41 WARN   api unreachable, retrying (attempt 1/5)
02:15:44 ERROR  GET /api/v1/flag failed: fetch failed
02:15:44 ERROR  GET /api/v1/flag failed: fetch failed
02:15:45 WARN   api unreachable, retrying (attempt 3/5)
02:15:47 ERROR  GET /api/v1/flag failed: fetch failed
02:15:47 WARN   api unreachable, retrying (attempt 5/5)
02:15:49 ERROR  connect ECONNREFUSED 127.0.0.1:3001
02:15:49 ERROR  GET /api/v1/flag failed: fetch failed
02:15:51 ERROR  GET /api/v1/flag failed: fetch failed
02:15:53 ERROR  GET /api/v1/flag failed: fetch failed
02:15:54 WARN   api unreachable, retrying (attempt 4/5)
02:15:56 WARN   api unreachable, retrying (attempt 2/5)
02:15:59 ERROR  GET /api/v1/flag failed: fetch failed
02:16:01 ERROR  connect ECONNREFUSED 127.0.0.1:3001
02:16:02 ERROR  connect ECONNREFUSED 127.0.0.1:3001
02:16:04 ERROR  connect ECONNREFUSED 127.0.0.1:3001
02:16:05 WARN   api unreachable, retrying (attempt 3/5)
02:16:08 ERROR  GET /api/v1/flag failed: fetch failed
02:16:11 ERROR  connect ECONNREFUSED 127.0.0.1:3001
02:16:13 ERROR  connect ECONNREFUSED 127.0.0.1:3001
02:16:14 ERROR  connect ECONNREFUSED 127.0.0.1:3001
02:16:15 ERROR  connect ECONNREFUSED 127.0.0.1:3001
02:16:21 ERROR  connect ECONNREFUSED 127.0.0.1:3001
02:16:23 WARN   api unreachable, retrying (attempt 2/5)
02:16:25 ERROR  GET /api/v1/flag failed: fetch failed
02:16:25 ERROR  connect ECONNREFUSED 127.0.0.1:3001
02:16:28 ERROR  GET /api/v1/flag failed: fetch failed
02:16:34 WARN   api unreachable, retrying (attempt 4/5)
02:16:36 ERROR  GET /api/v1/flag failed: fetch failed
02:16:40 ERROR  GET /api/v1/flag failed: fetch failed
02:16:43 WARN   api unreachable, retrying (attempt 5/5)
02:16:47 ERROR  connect ECONNREFUSED 127.0.0.1:3001
02:16:49 ERROR  GET /api/v1/flag failed: fetch failed
02:16:49 ERROR  connect ECONNREFUSED 127.0.0.1:3001
02:16:53 ERROR  GET /api/v1/flag failed: fetch failed
02:16:54 ERROR  connect ECONNREFUSED 127.0.0.1:3001
02:16:55 WARN   api unreachable, retrying (attempt 4/5)
02:16:55 WARN   api unreachable, retrying (attempt 5/5)
02:16:57 ERROR  GET /api/v1/flag failed: fetch failed
02:17:01 ERROR  connect ECONNREFUSED 127.0.0.1:3001
02:17:01 WARN   api unreachable, retrying (attempt 2/5)
02:17:03 ERROR  GET /api/v1/flag failed: fetch failed
02:17:03 WARN   api unreachable, retrying (attempt 1/5)
02:17:03 ERROR  connect ECONNREFUSED 127.0.0.1:3001
02:17:05 ERROR  GET /api/v1/flag failed: fetch failed
02:17:06 ERROR  connect ECONNREFUSED 127.0.0.1:3001
02:17:07 ERROR  GET /api/v1/flag failed: fetch failed
02:17:10 WARN   api unreachable, retrying (attempt 4/5)
02:17:10 ERROR  GET /api/v1/flag failed: fetch failed
02:17:11 WARN   api unreachable, retrying (attempt 4/5)
02:17:14 WARN   api unreachable, retrying (attempt 1/5)
02:17:17 WARN   api unreachable, retrying (attempt 4/5)
02:17:20 ERROR  GET /api/v1/flag failed: fetch failed
02:17:22 WARN   api unreachable, retrying (attempt 3/5)
02:17:25 ERROR  GET /api/v1/flag failed: fetch failed
02:17:25 ERROR  GET /api/v1/flag failed: fetch failed
02:17:25 WARN   api unreachable, retrying (attempt 3/5)
02:17:25 WARN   api unreachable, retrying (attempt 5/5)
02:17:25 ERROR  GET /api/v1/flag failed: fetch failed
02:17:26 ERROR  connect ECONNREFUSED 127.0.0.1:3001
02:17:28 ERROR  GET /api/v1/flag failed: fetch failed
02:17:28 WARN   api unreachable, retrying (attempt 1/5)
02:17:29 ERROR  GET /api/v1/flag failed: fetch failed
02:17:29 ERROR  GET /api/v1/flag failed: fetch failed
02:17:32 ERROR  GET /api/v1/flag failed: fetch failed
02:17:34 ERROR  GET /api/v1/flag failed: fetch failed
02:17:40 ERROR  GET /api/v1/flag failed: fetch failed
02:17:41 ERROR  GET /api/v1/flag failed: fetch failed
02:17:43 ERROR  connect ECONNREFUSED 127.0.0.1:3001
02:17:44 ERROR  GET /api/v1/flag failed: fetch failed
02:17:44 ERROR  GET /api/v1/flag failed: fetch failed
02:17:45 WARN   api unreachable, retrying (attempt 2/5)
02:17:46 ERROR  connect ECONNREFUSED 127.0.0.1:3001
02:17:49 ERROR  connect ECONNREFUSED 127.0.0.1:3001
02:17:51 WARN   api unreachable, retrying (attempt 1/5)
02:17:53 ERROR  GET /api/v1/flag failed: fetch failed
02:17:53 WARN   api unreachable, retrying (attempt 5/5)
02:17:53 WARN   api unreachable, retrying (attempt 3/5)
02:17:54 ERROR  GET /api/v1/flag failed: fetch failed
02:17:57 ERROR  connect ECONNREFUSED 127.0.0.1:3001
02:17:59 WARN   api unreachable, retrying (attempt 5/5)
02:17:59 ERROR  GET /api/v1/flag failed: fetch failed
02:17:59 WARN   api unreachable, retrying (attempt 2/5)
02:18:00 ERROR  GET /api/v1/flag failed: fetch failed
02:18:01 ERROR  GET /api/v1/flag failed: fetch failed
02:18:04 ERROR  GET /api/v1/flag failed: fetch failed
02:18:04 ERROR  GET /api/v1/flag failed: fetch failed
02:18:04 WARN   api unreachable, retrying (attempt 1/5)
02:18:07 ERROR  connect ECONNREFUSED 127.0.0.1:3001
02:18:10 ERROR  GET /api/v1/flag failed: fetch failed
02:18:14 ERROR  GET /api/v1/flag failed: fetch failed
02:18:14 WARN   api unreachable, retrying (attempt 4/5)
02:18:17 WARN   api unreachable, retrying (attempt 5/5)
02:18:20 WARN   api unreachable, retrying (attempt 1/5)
02:18:21 ERROR  connect ECONNREFUSED 127.0.0.1:3001
02:18:26 ERROR  connect ECONNREFUSED 127.0.0.1:3001
02:18:26 ERROR  connect ECONNREFUSED 127.0.0.1:3001
02:18:27 WARN   api unreachable, retrying (attempt 2/5)
02:18:28 ERROR  connect ECONNREFUSED 127.0.0.1:3001
02:18:30 WARN   api unreachable, retrying (attempt 5/5)
02:18:31 WARN   api unreachable, retrying (attempt 3/5)
02:18:32 ERROR  GET /api/v1/flag failed: fetch failed
02:18:32 ERROR  GET /api/v1/flag failed: fetch failed
02:18:37 WARN   api unreachable, retrying (attempt 3/5)
02:18:38 ERROR  connect ECONNREFUSED 127.0.0.1:3001
02:18:38 ERROR  connect ECONNREFUSED 127.0.0.1:3001
02:18:40 ERROR  connect ECONNREFUSED 127.0.0.1:3001
02:18:43 WARN   api unreachable, retrying (attempt 3/5)
02:18:45 ERROR  GET /api/v1/flag failed: fetch failed
02:18:45 ERROR  connect ECONNREFUSED 127.0.0.1:3001
02:18:47 WARN   api unreachable, retrying (attempt 4/5)
02:18:48 ERROR  GET /api/v1/flag failed: fetch failed
02:18:52 ERROR  GET /api/v1/flag failed: fetch failed
02:18:53 ERROR  connect ECONNREFUSED 127.0.0.1:3001
02:18:54 ERROR  GET /api/v1/flag failed: fetch failed
02:18:54 ERROR  connect ECONNREFUSED 127.0.0.1:3001
02:18:55 ERROR  GET /api/v1/flag failed: fetch failed
02:18:55 WARN   api unreachable, retrying (attempt 5/5)
02:18:57 ERROR  GET /api/v1/flag failed: fetch failed
02:18:57 WARN   api unreachable, retrying (attempt 4/5)
02:18:58 ERROR  connect ECONNREFUSED 127.0.0.1:3001
02:18:59 WARN   api unreachable, retrying (attempt 5/5)
02:19:00 WARN   api unreachable, retrying (attempt 5/5)
02:19:04 ERROR  connect ECONNREFUSED 127.0.0.1:3001
02:19:04 ERROR  GET /api/v1/flag failed: fetch failed
02:19:06 WARN   api unreachable, retrying (attempt 3/5)
02:19:09 WARN   api unreachable, retrying (attempt 1/5)
02:19:09 ERROR  connect ECONNREFUSED 127.0.0.1:3001
02:19:10 ERROR  connect ECONNREFUSED 127.0.0.1:3001
02:19:13 ERROR  GET /api/v1/flag failed: fetch failed
02:19:15 ERROR  GET /api/v1/flag failed: fetch failed
02:19:16 ERROR  GET /api/v1/flag failed: fetch failed
02:19:16 ERROR  GET /api/v1/flag failed: fetch failed
02:19:17 ERROR  connect ECONNREFUSED 127.0.0.1:3001
02:19:18 WARN   api unreachable, retrying (attempt 5/5)
02:19:19 ERROR  connect ECONNREFUSED 127.0.0.1:3001
02:19:21 WARN   api unreachable, retrying (attempt 5/5)
02:19:22 ERROR  connect ECONNREFUSED 127.0.0.1:3001
02:19:23 WARN   api unreachable, retrying (attempt 1/5)
02:19:28 ERROR  GET /api/v1/flag failed: fetch failed
02:19:30 ERROR  GET /api/v1/flag failed: fetch failed
02:19:30 WARN   api unreachable, retrying (attempt 3/5)
02:19:32 WARN   api unreachable, retrying (attempt 2/5)
02:19:33 ERROR  GET /api/v1/flag failed: fetch failed
02:19:37 ERROR  connect ECONNREFUSED 127.0.0.1:3001
02:19:43 ERROR  connect ECONNREFUSED 127.0.0.1:3001
02:19:46 ERROR  GET /api/v1/flag failed: fetch failed
02:19:47 ERROR  connect ECONNREFUSED 127.0.0.1:3001
02:19:47 ERROR  GET /api/v1/flag failed: fetch failed
02:19:48 ERROR  GET /api/v1/flag failed: fetch failed
02:19:52 ERROR  GET /api/v1/flag failed: fetch failed
02:19:54 ERROR  connect ECONNREFUSED 127.0.0.1:3001
02:19:54 ERROR  GET /api/v1/flag failed: fetch failed
02:19:57 ERROR  GET /api/v1/flag failed: fetch failed
02:19:58 ERROR  GET /api/v1/flag failed: fetch failed
02:20:04 ERROR  connect ECONNREFUSED 127.0.0.1:3001
02:20:04 ERROR  connect ECONNREFUSED 127.0.0.1:3001
02:20:05 WARN   api unreachable, retrying (attempt 3/5)
02:20:06 WARN   api unreachable, retrying (attempt 4/5)
02:20:07 ERROR  GET /api/v1/flag failed: fetch failed
02:20:08 WARN   api unreachable, retrying (attempt 5/5)
02:20:08 WARN   api unreachable, retrying (attempt 3/5)
02:20:10 ERROR  connect ECONNREFUSED 127.0.0.1:3001
02:20:15 WARN   api unreachable, retrying (attempt 2/5)
02:20:17 ERROR  GET /api/v1/flag failed: fetch failed
02:20:20 ERROR  connect ECONNREFUSED 127.0.0.1:3001
02:20:22 ERROR  GET /api/v1/flag failed: fetch failed
02:20:23 ERROR  GET /api/v1/flag failed: fetch failed
02:20:23 ERROR  connect ECONNREFUSED 127.0.0.1:3001
02:20:24 WARN   api unreachable, retrying (attempt 2/5)
02:20:27 ERROR  GET /api/v1/flag failed: fetch failed
02:20:28 ERROR  connect ECONNREFUSED 127.0.0.1:3001
02:20:29 ERROR  connect ECONNREFUSED 127.0.0.1:3001
02:20:30 WARN   api unreachable, retrying (attempt 4/5)
02:20:32 ERROR  connect ECONNREFUSED 127.0.0.1:3001
02:20:32 ERROR  GET /api/v1/flag failed: fetch failed
02:20:33 ERROR  GET /api/v1/flag failed: fetch failed
02:20:33 ERROR  GET /api/v1/flag failed: fetch failed
02:20:35 ERROR  GET /api/v1/flag failed: fetch failed
02:20:43 ERROR  connect ECONNREFUSED 127.0.0.1:3001
02:20:44 ERROR  GET /api/v1/flag failed: fetch failed
02:20:46 WARN   api unreachable, retrying (attempt 4/5)
02:20:46 ERROR  GET /api/v1/flag failed: fetch failed
02:20:49 ERROR  connect ECONNREFUSED 127.0.0.1:3001
02:20:53 ERROR  connect ECONNREFUSED 127.0.0.1:3001
02:20:54 WARN   api unreachable, retrying (attempt 4/5)
02:20:55 ERROR  GET /api/v1/flag failed: fetch failed
02:20:55 ERROR  GET /api/v1/flag failed: fetch failed
02:20:56 WARN   api unreachable, retrying (attempt 3/5)
02:20:58 ERROR  GET /api/v1/flag failed: fetch failed
02:20:59 ERROR  connect ECONNREFUSED 127.0.0.1:3001
02:21:00 ERROR  GET /api/v1/flag failed: fetch failed
02:21:01 ERROR  connect ECONNREFUSED 127.0.0.1:3001
02:21:04 WARN   api unreachable, retrying (attempt 5/5)
02:21:04 ERROR  GET /api/v1/flag failed: fetch failed
02:21:05 ERROR  GET /api/v1/flag failed: fetch failed
02:21:07 WARN   api unreachable, retrying (attempt 3/5)
02:21:08 ERROR  connect ECONNREFUSED 127.0.0.1:3001
02:21:08 ERROR  connect ECONNREFUSED 127.0.0.1:3001
02:21:09 ERROR  connect ECONNREFUSED 127.0.0.1:3001
02:21:11 ERROR  connect ECONNREFUSED 127.0.0.1:3001
02:21:11 WARN   api unreachable, retrying (attempt 3/5)
02:21:12 WARN   api unreachable, retrying (attempt 2/5)
02:21:16 ERROR  GET /api/v1/flag failed: fetch failed
02:21:17 WARN   api unreachable, retrying (attempt 5/5)
02:21:18 ERROR  GET /api/v1/flag failed: fetch failed
02:21:19 WARN   api unreachable, retrying (attempt 2/5)
02:21:19 ERROR  connect ECONNREFUSED 127.0.0.1:3001
02:21:20 WARN   api unreachable, retrying (attempt 3/5)
02:21:21 WARN   api unreachable, retrying (attempt 5/5)
02:21:25 ERROR  connect ECONNREFUSED 127.0.0.1:3001
02:21:27 WARN   api unreachable, retrying (attempt 3/5)
02:21:27 WARN   api unreachable, retrying (attempt 2/5)
02:21:28 WARN   api unreachable, retrying (attempt 4/5)
02:21:29 ERROR  GET /api/v1/flag failed: fetch failed
02:21:33 WARN   api unreachable, retrying (attempt 5/5)
02:21:35 ERROR  GET /api/v1/flag failed: fetch failed
02:21:36 WARN   api unreachable, retrying (attempt 1/5)
02:21:37 ERROR  connect ECONNREFUSED 127.0.0.1:3001
02:21:38 WARN   api unreachable, retrying (attempt 1/5)
02:21:41 ERROR  connect ECONNREFUSED 127.0.0.1:3001
02:21:41 ERROR  GET /api/v1/flag failed: fetch failed
02:21:43 ERROR  GET /api/v1/flag failed: fetch failed
02:21:44 WARN   api unreachable, retrying (attempt 4/5)
02:21:45 ERROR  GET /api/v1/flag failed: fetch failed
02:21:46 ERROR  connect ECONNREFUSED 127.0.0.1:3001
02:21:46 ERROR  connect ECONNREFUSED 127.0.0.1:3001
02:21:47 ERROR  GET /api/v1/flag failed: fetch failed
02:21:48 WARN   api unreachable, retrying (attempt 5/5)
02:21:50 ERROR  GET /api/v1/flag failed: fetch failed
02:21:51 ERROR  GET /api/v1/flag failed: fetch failed
02:21:51 ERROR  connect ECONNREFUSED 127.0.0.1:3001
02:21:52 ERROR  connect ECONNREFUSED 127.0.0.1:3001
02:21:53 ERROR  GET /api/v1/flag failed: fetch failed
02:21:54 ERROR  GET /api/v1/flag failed: fetch failed
02:21:55 WARN   api unreachable, retrying (attempt 1/5)
02:21:55 ERROR  connect ECONNREFUSED 127.0.0.1:3001
02:22:01 ERROR  connect ECONNREFUSED 127.0.0.1:3001
02:22:02 ERROR  connect ECONNREFUSED 127.0.0.1:3001
02:22:03 WARN   api unreachable, retrying (attempt 2/5)
02:22:04 ERROR  connect ECONNREFUSED 127.0.0.1:3001
02:22:05 WARN   api unreachable, retrying (attempt 4/5)
02:22:06 ERROR  GET /api/v1/flag failed: fetch failed
02:22:09 WARN   api unreachable, retrying (attempt 4/5)
02:22:11 WARN   api unreachable, retrying (attempt 3/5)
02:22:14 WARN   api unreachable, retrying (attempt 3/5)
02:22:22 WARN   api unreachable, retrying (attempt 2/5)
02:22:23 WARN   api unreachable, retrying (attempt 2/5)
02:22:25 WARN   api unreachable, retrying (attempt 4/5)
02:22:25 WARN   api unreachable, retrying (attempt 1/5)
02:22:26 ERROR  GET /api/v1/flag failed: fetch failed
02:22:34 WARN   api unreachable, retrying (attempt 3/5)
02:22:39 ERROR  connect ECONNREFUSED 127.0.0.1:3001
02:22:41 ERROR  connect ECONNREFUSED 127.0.0.1:3001
02:22:43 ERROR  GET /api/v1/flag failed: fetch failed
02:22:43 ERROR  GET /api/v1/flag failed: fetch failed
02:22:45 WARN   api unreachable, retrying (attempt 1/5)
02:22:49 ERROR  GET /api/v1/flag failed: fetch failed
02:22:50 WARN   api unreachable, retrying (attempt 5/5)
02:22:51 WARN   api unreachable, retrying (attempt 4/5)
02:22:55 ERROR  connect ECONNREFUSED 127.0.0.1:3001
02:22:57 WARN   api unreachable, retrying (attempt 3/5)
02:22:57 ERROR  connect ECONNREFUSED 127.0.0.1:3001
02:22:58 ERROR  GET /api/v1/flag failed: fetch failed
02:22:58 ERROR  connect ECONNREFUSED 127.0.0.1:3001
02:22:59 ERROR  GET /api/v1/flag failed: fetch failed
02:22:59 ERROR  connect ECONNREFUSED 127.0.0.1:3001
02:22:59 ERROR  GET /api/v1/flag failed: fetch failed
02:23:02 ERROR  connect ECONNREFUSED 127.0.0.1:3001
02:23:02 WARN   api unreachable, retrying (attempt 1/5)
02:23:02 ERROR  connect ECONNREFUSED 127.0.0.1:3001
02:23:02 ERROR  GET /api/v1/flag failed: fetch failed
02:23:04 WARN   api unreachable, retrying (attempt 4/5)
02:23:06 WARN   api unreachable, retrying (attempt 1/5)
02:23:10 ERROR  GET /api/v1/flag failed: fetch failed
02:23:16 ERROR  GET /api/v1/flag failed: fetch failed
02:23:16 ERROR  GET /api/v1/flag failed: fetch failed
02:23:20 WARN   api unreachable, retrying (attempt 2/5)
02:23:22 ERROR  GET /api/v1/flag failed: fetch failed
02:23:22 ERROR  connect ECONNREFUSED 127.0.0.1:3001
02:23:27 ERROR  GET /api/v1/flag failed: fetch failed
02:23:28 ERROR  GET /api/v1/flag failed: fetch failed
02:23:31 WARN   api unreachable, retrying (attempt 1/5)
02:23:32 ERROR  connect ECONNREFUSED 127.0.0.1:3001
02:23:33 ERROR  connect ECONNREFUSED 127.0.0.1:3001
02:23:35 WARN   api unreachable, retrying (attempt 5/5)
02:23:35 WARN   api unreachable, retrying (attempt 3/5)
02:23:35 ERROR  connect ECONNREFUSED 127.0.0.1:3001
02:23:37 WARN   api unreachable, retrying (attempt 4/5)
02:23:38 WARN   api unreachable, retrying (attempt 5/5)
02:23:38 WARN   api unreachable, retrying (attempt 2/5)
02:23:39 ERROR  GET /api/v1/flag failed: fetch failed
02:23:41 ERROR  connect ECONNREFUSED 127.0.0.1:3001
02:23:41 WARN   api unreachable, retrying (attempt 3/5)
02:23:41 ERROR  GET /api/v1/flag failed: fetch failed
02:23:41 WARN   api unreachable, retrying (attempt 2/5)
02:23:42 ERROR  GET /api/v1/flag failed: fetch failed
02:23:46 ERROR  connect ECONNREFUSED 127.0.0.1:3001
02:23:46 ERROR  connect ECONNREFUSED 127.0.0.1:3001
02:23:46 ERROR  connect ECONNREFUSED 127.0.0.1:3001
02:23:47 ERROR  connect ECONNREFUSED 127.0.0.1:3001
02:23:48 ERROR  connect ECONNREFUSED 127.0.0.1:3001
02:23:51 WARN   api unreachable, retrying (attempt 2/5)
02:23:51 ERROR  GET /api/v1/flag failed: fetch failed
02:23:51 WARN   api unreachable, retrying (attempt 5/5)
02:23:52 WARN   api unreachable, retrying (attempt 4/5)
02:23:52 ERROR  connect ECONNREFUSED 127.0.0.1:3001
02:23:54 ERROR  GET /api/v1/flag failed: fetch failed
02:23:54 WARN   api unreachable, retrying (attempt 2/5)
02:23:56 WARN   api unreachable, retrying (attempt 2/5)
02:23:57 ERROR  GET /api/v1/flag failed: fetch failed
02:23:57 ERROR  connect ECONNREFUSED 127.0.0.1:3001
02:23:58 ERROR  GET /api/v1/flag failed: fetch failed
02:24:00 ERROR  connect ECONNREFUSED 127.0.0.1:3001
02:24:00 ERROR  connect ECONNREFUSED 127.0.0.1:3001
02:24:04 ERROR  GET /api/v1/flag failed: fetch failed
02:24:08 ERROR  GET /api/v1/flag failed: fetch failed
02:24:09 ERROR  connect ECONNREFUSED 127.0.0.1:3001
02:24:10 ERROR  connect ECONNREFUSED 127.0.0.1:3001
02:24:13 ERROR  GET /api/v1/flag failed: fetch failed
02:24:17 WARN   api unreachable, retrying (attempt 3/5)
02:24:18 ERROR  GET /api/v1/flag failed: fetch failed
02:24:20 ERROR  GET /api/v1/flag failed: fetch failed
02:24:20 WARN   api unreachable, retrying (attempt 1/5)
02:24:21 WARN   api unreachable, retrying (attempt 5/5)
02:24:23 WARN   api unreachable, retrying (attempt 1/5)
02:24:27 ERROR  connect ECONNREFUSED 127.0.0.1:3001
02:24:27 ERROR  GET /api/v1/flag failed: fetch failed
02:24:28 ERROR  GET /api/v1/flag failed: fetch failed
02:24:29 WARN   api unreachable, retrying (attempt 3/5)
02:24:30 ERROR  GET /api/v1/flag failed: fetch failed
02:24:32 ERROR  connect ECONNREFUSED 127.0.0.1:3001
02:24:33 ERROR  GET /api/v1/flag failed: fetch failed
02:24:35 ERROR  GET /api/v1/flag failed: fetch failed
02:24:42 ERROR  connect ECONNREFUSED 127.0.0.1:3001
02:24:47 ERROR  connect ECONNREFUSED 127.0.0.1:3001
02:24:47 ERROR  connect ECONNREFUSED 127.0.0.1:3001
02:24:48 ERROR  GET /api/v1/flag failed: fetch failed
02:24:48 ERROR  connect ECONNREFUSED 127.0.0.1:3001
02:24:49 ERROR  GET /api/v1/flag failed: fetch failed
02:24:50 WARN   api unreachable, retrying (attempt 2/5)
02:24:52 WARN   api unreachable, retrying (attempt 3/5)
02:24:53 ERROR  GET /api/v1/flag failed: fetch failed
02:24:57 ERROR  connect ECONNREFUSED 127.0.0.1:3001
02:24:58 WARN   api unreachable, retrying (attempt 3/5)
02:24:58 ERROR  connect ECONNREFUSED 127.0.0.1:3001
02:25:00 ERROR  GET /api/v1/flag failed: fetch failed
02:25:00 ERROR  connect ECONNREFUSED 127.0.0.1:3001
02:25:00 ERROR  GET /api/v1/flag failed: fetch failed
02:25:01 ERROR  GET /api/v1/flag failed: fetch failed
02:25:08 WARN   api unreachable, retrying (attempt 4/5)
02:25:08 WARN   api unreachable, retrying (attempt 4/5)
02:25:11 ERROR  connect ECONNREFUSED 127.0.0.1:3001
02:25:12 ERROR  connect ECONNREFUSED 127.0.0.1:3001
02:25:16 WARN   api unreachable, retrying (attempt 1/5)
02:25:19 WARN   api unreachable, retrying (attempt 1/5)
02:25:19 WARN   api unreachable, retrying (attempt 5/5)
02:25:20 ERROR  GET /api/v1/flag failed: fetch failed
02:25:21 ERROR  GET /api/v1/flag failed: fetch failed
02:25:25 ERROR  connect ECONNREFUSED 127.0.0.1:3001
02:25:28 ERROR  GET /api/v1/flag failed: fetch failed
02:25:29 ERROR  connect ECONNREFUSED 127.0.0.1:3001
02:25:30 WARN   api unreachable, retrying (attempt 4/5)
02:25:31 ERROR  connect ECONNREFUSED 127.0.0.1:3001
02:25:31 ERROR  connect ECONNREFUSED 127.0.0.1:3001
02:25:31 ERROR  GET /api/v1/flag failed: fetch failed
02:25:32 ERROR  GET /api/v1/flag failed: fetch failed
02:25:33 ERROR  GET /api/v1/flag failed: fetch failed
02:25:35 ERROR  GET /api/v1/flag failed: fetch failed
02:25:37 WARN   api unreachable, retrying (attempt 5/5)
02:25:37 ERROR  connect ECONNREFUSED 127.0.0.1:3001
02:25:38 ERROR  connect ECONNREFUSED 127.0.0.1:3001
02:25:42 ERROR  GET /api/v1/flag failed: fetch failed
02:25:43 WARN   api unreachable, retrying (attempt 5/5)
02:25:46 WARN   api unreachable, retrying (attempt 1/5)
02:25:46 ERROR  connect ECONNREFUSED 127.0.0.1:3001
02:25:49 ERROR  GET /api/v1/flag failed: fetch failed
02:25:50 ERROR  GET /api/v1/flag failed: fetch failed
02:25:51 ERROR  connect ECONNREFUSED 127.0.0.1:3001
02:25:53 ERROR  GET /api/v1/flag failed: fetch failed
02:25:56 ERROR  GET /api/v1/flag failed: fetch failed
02:25:56 ERROR  GET /api/v1/flag failed: fetch failed
02:26:06 WARN   api unreachable, retrying (attempt 2/5)
02:26:07 WARN   api unreachable, retrying (attempt 1/5)
02:26:07 WARN   api unreachable, retrying (attempt 3/5)
02:26:07 ERROR  GET /api/v1/flag failed: fetch failed
02:26:10 WARN   api unreachable, retrying (attempt 3/5)
02:26:10 ERROR  connect ECONNREFUSED 127.0.0.1:3001
02:26:12 ERROR  GET /api/v1/flag failed: fetch failed
02:26:13 ERROR  connect ECONNREFUSED 127.0.0.1:3001
02:26:16 ERROR  GET /api/v1/flag failed: fetch failed
02:26:16 WARN   api unreachable, retrying (attempt 5/5)
02:26:22 ERROR  connect ECONNREFUSED 127.0.0.1:3001
02:26:22 ERROR  connect ECONNREFUSED 127.0.0.1:3001
02:26:23 WARN   api unreachable, retrying (attempt 1/5)
02:26:27 WARN   api unreachable, retrying (attempt 2/5)
02:26:27 WARN   api unreachable, retrying (attempt 4/5)
02:26:27 WARN   api unreachable, retrying (attempt 5/5)
02:26:27 WARN   api unreachable, retrying (attempt 4/5)
02:26:37 ERROR  connect ECONNREFUSED 127.0.0.1:3001
02:26:38 WARN   api unreachable, retrying (attempt 1/5)
02:26:38 WARN   api unreachable, retrying (attempt 2/5)
02:26:39 ERROR  connect ECONNREFUSED 127.0.0.1:3001
02:26:39 WARN   api unreachable, retrying (attempt 4/5)
02:26:40 WARN   api unreachable, retrying (attempt 3/5)
02:26:42 ERROR  GET /api/v1/flag failed: fetch failed
02:26:44 ERROR  GET /api/v1/flag failed: fetch failed
02:26:45 ERROR  GET /api/v1/flag failed: fetch failed
02:26:46 ERROR  connect ECONNREFUSED 127.0.0.1:3001
02:26:47 ERROR  connect ECONNREFUSED 127.0.0.1:3001
02:26:48 WARN   api unreachable, retrying (attempt 3/5)
02:26:48 WARN   api unreachable, retrying (attempt 4/5)
02:26:54 WARN   api unreachable, retrying (attempt 3/5)
02:26:56 ERROR  connect ECONNREFUSED 127.0.0.1:3001
02:27:00 WARN   api unreachable, retrying (attempt 5/5)
02:27:00 WARN   api unreachable, retrying (attempt 5/5)
02:27:01 ERROR  connect ECONNREFUSED 127.0.0.1:3001
02:27:04 WARN   api unreachable, retrying (attempt 4/5)
02:27:09 ERROR  connect ECONNREFUSED 127.0.0.1:3001
02:27:09 ERROR  connect ECONNREFUSED 127.0.0.1:3001
02:27:12 ERROR  connect ECONNREFUSED 127.0.0.1:3001
02:27:14 WARN   api unreachable, retrying (attempt 5/5)
02:27:17 ERROR  connect ECONNREFUSED 127.0.0.1:3001
02:27:18 ERROR  connect ECONNREFUSED 127.0.0.1:3001
02:27:18 ERROR  connect ECONNREFUSED 127.0.0.1:3001
02:27:20 ERROR  connect ECONNREFUSED 127.0.0.1:3001
02:27:24 ERROR  connect ECONNREFUSED 127.0.0.1:3001
02:27:25 ERROR  GET /api/v1/flag failed: fetch failed
02:27:26 WARN   api unreachable, retrying (attempt 5/5)
02:27:26 WARN   api unreachable, retrying (attempt 1/5)
02:27:27 WARN   api unreachable, retrying (attempt 3/5)
02:27:27 ERROR  GET /api/v1/flag failed: fetch failed
02:27:31 WARN   api unreachable, retrying (attempt 2/5)
02:27:32 ERROR  GET /api/v1/flag failed: fetch failed
02:27:33 ERROR  GET /api/v1/flag failed: fetch failed
02:27:33 WARN   api unreachable, retrying (attempt 5/5)
02:27:34 ERROR  connect ECONNREFUSED 127.0.0.1:3001
02:27:35 WARN   api unreachable, retrying (attempt 5/5)
02:27:36 ERROR  GET /api/v1/flag failed: fetch failed
02:27:38 ERROR  GET /api/v1/flag failed: fetch failed
02:27:39 ERROR  connect ECONNREFUSED 127.0.0.1:3001
02:27:46 ERROR  GET /api/v1/flag failed: fetch failed
02:27:46 ERROR  connect ECONNREFUSED 127.0.0.1:3001
02:27:47 ERROR  connect ECONNREFUSED 127.0.0.1:3001
02:27:48 WARN   api unreachable, retrying (attempt 4/5)
02:27:49 ERROR  GET /api/v1/flag failed: fetch failed
02:27:50 WARN   api unreachable, retrying (attempt 5/5)
02:27:53 ERROR  GET /api/v1/flag failed: fetch failed
02:27:53 WARN   api unreachable, retrying (attempt 3/5)
02:27:54 ERROR  connect ECONNREFUSED 127.0.0.1:3001
02:27:56 ERROR  GET /api/v1/flag failed: fetch failed
02:27:56 ERROR  connect ECONNREFUSED 127.0.0.1:3001
02:27:58 ERROR  connect ECONNREFUSED 127.0.0.1:3001
02:27:58 WARN   api unreachable, retrying (attempt 4/5)
02:28:00 WARN   api unreachable, retrying (attempt 3/5)
02:28:00 WARN   api unreachable, retrying (attempt 4/5)
02:28:06 ERROR  connect ECONNREFUSED 127.0.0.1:3001
02:28:08 WARN   api unreachable, retrying (attempt 3/5)
02:28:08 ERROR  GET /api/v1/flag failed: fetch failed
02:28:09 WARN   api unreachable, retrying (attempt 5/5)
02:28:09 ERROR  connect ECONNREFUSED 127.0.0.1:3001
02:28:10 ERROR  GET /api/v1/flag failed: fetch failed
02:28:11 ERROR  GET /api/v1/flag failed: fetch failed
02:28:12 WARN   api unreachable, retrying (attempt 4/5)
02:28:13 WARN   api unreachable, retrying (attempt 5/5)
02:28:13 WARN   api unreachable, retrying (attempt 5/5)
02:28:18 ERROR  connect ECONNREFUSED 127.0.0.1:3001
02:28:21 ERROR  GET /api/v1/flag failed: fetch failed
02:28:21 WARN   api unreachable, retrying (attempt 3/5)
02:28:28 WARN   api unreachable, retrying (attempt 1/5)
02:28:28 ERROR  connect ECONNREFUSED 127.0.0.1:3001
02:28:32 WARN   api unreachable, retrying (attempt 5/5)
02:28:34 ERROR  connect ECONNREFUSED 127.0.0.1:3001
02:28:34 ERROR  connect ECONNREFUSED 127.0.0.1:3001
02:28:35 ERROR  GET /api/v1/flag failed: fetch failed
02:28:35 ERROR  GET /api/v1/flag failed: fetch failed
02:28:36 ERROR  GET /api/v1/flag failed: fetch failed
02:28:38 ERROR  GET /api/v1/flag failed: fetch failed
02:28:38 ERROR  GET /api/v1/flag failed: fetch failed
02:28:38 ERROR  connect ECONNREFUSED 127.0.0.1:3001
02:28:42 ERROR  GET /api/v1/flag failed: fetch failed
02:28:42 ERROR  GET /api/v1/flag failed: fetch failed
02:28:43 WARN   api unreachable, retrying (attempt 3/5)
02:28:44 ERROR  connect ECONNREFUSED 127.0.0.1:3001
02:28:48 ERROR  GET /api/v1/flag failed: fetch failed
02:28:48 WARN   api unreachable, retrying (attempt 4/5)
02:28:50 WARN   api unreachable, retrying (attempt 5/5)
02:28:51 ERROR  GET /api/v1/flag failed: fetch failed
02:28:54 ERROR  GET /api/v1/flag failed: fetch failed
02:28:56 ERROR  connect ECONNREFUSED 127.0.0.1:3001
02:28:57 ERROR  GET /api/v1/flag failed: fetch failed
02:28:57 WARN   api unreachable, retrying (attempt 2/5)
02:28:58 ERROR  GET /api/v1/flag failed: fetch failed
02:28:59 ERROR  GET /api/v1/flag failed: fetch failed
02:29:01 ERROR  GET /api/v1/flag failed: fetch failed
02:29:03 WARN   api unreachable, retrying (attempt 2/5)
02:29:04 WARN   api unreachable, retrying (attempt 1/5)
02:29:05 WARN   api unreachable, retrying (attempt 2/5)
02:29:07 ERROR  connect ECONNREFUSED 127.0.0.1:3001
02:29:08 ERROR  connect ECONNREFUSED 127.0.0.1:3001
02:29:09 ERROR  GET /api/v1/flag failed: fetch failed
02:29:09 ERROR  connect ECONNREFUSED 127.0.0.1:3001
02:29:10 WARN   api unreachable, retrying (attempt 4/5)
02:29:11 WARN   api unreachable, retrying (attempt 5/5)
02:29:12 ERROR  connect ECONNREFUSED 127.0.0.1:3001
02:29:17 WARN   api unreachable, retrying (attempt 4/5)
02:29:17 ERROR  connect ECONNREFUSED 127.0.0.1:3001
02:29:22 ERROR  connect ECONNREFUSED 127.0.0.1:3001
02:29:24 ERROR  connect ECONNREFUSED 127.0.0.1:3001
02:29:28 ERROR  GET /api/v1/flag failed: fetch failed
02:29:29 WARN   api unreachable, retrying (attempt 5/5)
02:29:30 ERROR  GET /api/v1/flag failed: fetch failed
02:29:32 WARN   api unreachable, retrying (attempt 1/5)
02:29:32 WARN   api unreachable, retrying (attempt 3/5)
02:29:32 WARN   api unreachable, retrying (attempt 1/5)
02:29:32 ERROR  GET /api/v1/flag failed: fetch failed
02:29:32 ERROR  GET /api/v1/flag failed: fetch failed
02:29:33 ERROR  connect ECONNREFUSED 127.0.0.1:3001
02:29:35 WARN   api unreachable, retrying (attempt 2/5)
02:29:42 WARN   api unreachable, retrying (attempt 5/5)
02:29:43 WARN   api unreachable, retrying (attempt 4/5)
02:29:44 ERROR  connect ECONNREFUSED 127.0.0.1:3001
02:29:45 WARN   api unreachable, retrying (attempt 4/5)
02:29:54 WARN   api unreachable, retrying (attempt 1/5)
02:29:54 ERROR  connect ECONNREFUSED 127.0.0.1:3001
02:29:58 ERROR  GET /api/v1/flag failed: fetch failed
02:29:59 ERROR  connect ECONNREFUSED 127.0.0.1:3001
02:30:01 ERROR  GET /api/v1/flag failed: fetch failed
02:30:01 ERROR  connect ECONNREFUSED 127.0.0.1:3001
02:30:02 WARN   api unreachable, retrying (attempt 1/5)
02:30:02 ERROR  connect ECONNREFUSED 127.0.0.1:3001
02:30:02 ERROR  connect ECONNREFUSED 127.0.0.1:3001
02:30:04 ERROR  GET /api/v1/flag failed: fetch failed
02:30:05 ERROR  GET /api/v1/flag failed: fetch failed
02:30:05 ERROR  GET /api/v1/flag failed: fetch failed
02:30:07 ERROR  GET /api/v1/flag failed: fetch failed
02:30:10 WARN   api unreachable, retrying (attempt 4/5)
02:30:11 ERROR  connect ECONNREFUSED 127.0.0.1:3001
02:30:12 WARN   api unreachable, retrying (attempt 3/5)
02:30:14 ERROR  GET /api/v1/flag failed: fetch failed
02:30:19 ERROR  GET /api/v1/flag failed: fetch failed
02:30:20 WARN   api unreachable, retrying (attempt 5/5)
02:30:22 WARN   api unreachable, retrying (attempt 1/5)
02:30:23 ERROR  GET /api/v1/flag failed: fetch failed
02:30:26 ERROR  GET /api/v1/flag failed: fetch failed
02:30:28 WARN   api unreachable, retrying (attempt 5/5)
02:30:30 ERROR  connect ECONNREFUSED 127.0.0.1:3001
02:30:32 ERROR  GET /api/v1/flag failed: fetch failed
02:30:32 ERROR  connect ECONNREFUSED 127.0.0.1:3001
02:30:32 ERROR  connect ECONNREFUSED 127.0.0.1:3001
02:30:33 WARN   api unreachable, retrying (attempt 1/5)
02:30:36 ERROR  connect ECONNREFUSED 127.0.0.1:3001
02:30:38 ERROR  GET /api/v1/flag failed: fetch failed
02:30:39 ERROR  GET /api/v1/flag failed: fetch failed
02:30:39 ERROR  GET /api/v1/flag failed: fetch failed
02:30:42 WARN   api unreachable, retrying (attempt 2/5)
02:30:42 ERROR  GET /api/v1/flag failed: fetch failed
02:30:43 ERROR  GET /api/v1/flag failed: fetch failed
02:30:45 ERROR  connect ECONNREFUSED 127.0.0.1:3001
02:30:46 ERROR  GET /api/v1/flag failed: fetch failed
02:30:46 WARN   api unreachable, retrying (attempt 1/5)
02:30:47 ERROR  connect ECONNREFUSED 127.0.0.1:3001
02:30:49 ERROR  GET /api/v1/flag failed: fetch failed
02:30:52 ERROR  GET /api/v1/flag failed: fetch failed
02:30:53 WARN   api unreachable, retrying (attempt 4/5)
02:30:53 ERROR  GET /api/v1/flag failed: fetch failed
02:30:54 ERROR  connect ECONNREFUSED 127.0.0.1:3001
02:30:55 WARN   api unreachable, retrying (attempt 1/5)
02:30:56 ERROR  GET /api/v1/flag failed: fetch failed
02:30:57 ERROR  GET /api/v1/flag failed: fetch failed
02:31:02 ERROR  connect ECONNREFUSED 127.0.0.1:3001
02:31:04 WARN   api unreachable, retrying (attempt 2/5)
02:31:05 ERROR  GET /api/v1/flag failed: fetch failed
02:31:06 ERROR  GET /api/v1/flag failed: fetch failed
02:31:08 ERROR  connect ECONNREFUSED 127.0.0.1:3001
02:31:11 WARN   api unreachable, retrying (attempt 3/5)
02:31:11 ERROR  connect ECONNREFUSED 127.0.0.1:3001
02:31:11 WARN   api unreachable, retrying (attempt 5/5)
02:31:12 ERROR  GET /api/v1/flag failed: fetch failed
02:31:14 ERROR  connect ECONNREFUSED 127.0.0.1:3001
02:31:14 ERROR  GET /api/v1/flag failed: fetch failed
02:31:17 ERROR  connect ECONNREFUSED 127.0.0.1:3001
02:31:19 ERROR  GET /api/v1/flag failed: fetch failed
02:31:21 ERROR  connect ECONNREFUSED 127.0.0.1:3001
02:31:21 ERROR  connect ECONNREFUSED 127.0.0.1:3001
02:31:21 WARN   api unreachable, retrying (attempt 2/5)
02:31:22 ERROR  GET /api/v1/flag failed: fetch failed
02:31:22 WARN   api unreachable, retrying (attempt 1/5)
02:31:23 ERROR  GET /api/v1/flag failed: fetch failed
02:31:27 WARN   api unreachable, retrying (attempt 5/5)
02:31:30 ERROR  connect ECONNREFUSED 127.0.0.1:3001
02:31:30 WARN   api unreachable, retrying (attempt 3/5)
02:31:31 ERROR  GET /api/v1/flag failed: fetch failed
02:31:34 ERROR  connect ECONNREFUSED 127.0.0.1:3001
02:31:34 ERROR  GET /api/v1/flag failed: fetch failed
02:31:37 WARN   api unreachable, retrying (attempt 1/5)
02:31:41 ERROR  GET /api/v1/flag failed: fetch failed
02:31:43 WARN   api unreachable, retrying (attempt 1/5)
02:31:47 WARN   api unreachable, retrying (attempt 4/5)
02:31:47 ERROR  GET /api/v1/flag failed: fetch failed
02:31:48 ERROR  connect ECONNREFUSED 127.0.0.1:3001
02:31:48 ERROR  connect ECONNREFUSED 127.0.0.1:3001
02:31:50 ERROR  connect ECONNREFUSED 127.0.0.1:3001
02:31:51 ERROR  connect ECONNREFUSED 127.0.0.1:3001
02:31:53 ERROR  connect ECONNREFUSED 127.0.0.1:3001
02:31:55 ERROR  GET /api/v1/flag failed: fetch failed
02:31:55 WARN   api unreachable, retrying (attempt 1/5)
02:31:55 ERROR  GET /api/v1/flag failed: fetch failed
02:32:00 WARN   api unreachable, retrying (attempt 2/5)
02:32:01 WARN   api unreachable, retrying (attempt 1/5)
02:32:01 WARN   api unreachable, retrying (attempt 1/5)
02:32:01 ERROR  GET /api/v1/flag failed: fetch failed
02:32:04 WARN   api unreachable, retrying (attempt 5/5)
02:32:04 WARN   api unreachable, retrying (attempt 5/5)
02:32:06 WARN   api unreachable, retrying (attempt 3/5)
02:32:07 ERROR  connect ECONNREFUSED 127.0.0.1:3001
02:32:07 ERROR  GET /api/v1/flag failed: fetch failed
02:32:09 WARN   api unreachable, retrying (attempt 1/5)
02:32:10 WARN   api unreachable, retrying (attempt 5/5)
02:32:10 WARN   api unreachable, retrying (attempt 3/5)
02:32:11 ERROR  connect ECONNREFUSED 127.0.0.1:3001
02:32:14 ERROR  GET /api/v1/flag failed: fetch failed
02:32:16 WARN   api unreachable, retrying (attempt 2/5)
02:32:16 ERROR  connect ECONNREFUSED 127.0.0.1:3001
02:32:16 WARN   api unreachable, retrying (attempt 1/5)
02:32:16 ERROR  connect ECONNREFUSED 127.0.0.1:3001
02:32:18 ERROR  GET /api/v1/flag failed: fetch failed
02:32:23 ERROR  GET /api/v1/flag failed: fetch failed
02:32:24 ERROR  connect ECONNREFUSED 127.0.0.1:3001
02:32:24 ERROR  GET /api/v1/flag failed: fetch failed
02:32:25 ERROR  connect ECONNREFUSED 127.0.0.1:3001
02:32:27 ERROR  connect ECONNREFUSED 127.0.0.1:3001
02:32:27 ERROR  connect ECONNREFUSED 127.0.0.1:3001
02:32:28 ERROR  connect ECONNREFUSED 127.0.0.1:3001
02:32:28 ERROR  GET /api/v1/flag failed: fetch failed
02:32:28 ERROR  connect ECONNREFUSED 127.0.0.1:3001
02:32:29 ERROR  GET /api/v1/flag failed: fetch failed
02:32:30 ERROR  connect ECONNREFUSED 127.0.0.1:3001
02:32:32 WARN   api unreachable, retrying (attempt 4/5)
02:32:35 ERROR  connect ECONNREFUSED 127.0.0.1:3001
02:32:38 WARN   api unreachable, retrying (attempt 1/5)
02:32:39 WARN   api unreachable, retrying (attempt 3/5)
02:32:41 ERROR  GET /api/v1/flag failed: fetch failed
02:32:42 WARN   api unreachable, retrying (attempt 4/5)
02:32:42 WARN   api unreachable, retrying (attempt 2/5)
02:32:43 WARN   api unreachable, retrying (attempt 5/5)
02:32:44 ERROR  connect ECONNREFUSED 127.0.0.1:3001
02:32:46 ERROR  GET /api/v1/flag failed: fetch failed
02:32:47 WARN   api unreachable, retrying (attempt 3/5)
02:32:48 ERROR  GET /api/v1/flag failed: fetch failed
02:32:48 ERROR  connect ECONNREFUSED 127.0.0.1:3001
02:32:49 ERROR  connect ECONNREFUSED 127.0.0.1:3001
02:32:49 WARN   api unreachable, retrying (attempt 1/5)
02:32:49 ERROR  GET /api/v1/flag failed: fetch failed
02:32:53 ERROR  connect ECONNREFUSED 127.0.0.1:3001
02:32:56 WARN   api unreachable, retrying (attempt 5/5)
02:32:58 WARN   api unreachable, retrying (attempt 5/5)
02:33:00 ERROR  GET /api/v1/flag failed: fetch failed
02:33:01 WARN   api unreachable, retrying (attempt 2/5)
02:33:02 ERROR  connect ECONNREFUSED 127.0.0.1:3001
02:33:06 WARN   api unreachable, retrying (attempt 5/5)
02:33:06 ERROR  GET /api/v1/flag failed: fetch failed
02:33:07 WARN   api unreachable, retrying (attempt 1/5)
02:33:07 WARN   api unreachable, retrying (attempt 2/5)
02:33:09 WARN   api unreachable, retrying (attempt 4/5)
02:33:10 ERROR  connect ECONNREFUSED 127.0.0.1:3001
02:33:10 ERROR  connect ECONNREFUSED 127.0.0.1:3001
02:33:12 ERROR  connect ECONNREFUSED 127.0.0.1:3001
02:33:14 ERROR  connect ECONNREFUSED 127.0.0.1:3001
02:33:16 WARN   api unreachable, retrying (attempt 2/5)
02:33:19 ERROR  GET /api/v1/flag failed: fetch failed
02:33:24 WARN   api unreachable, retrying (attempt 3/5)
02:33:26 ERROR  connect ECONNREFUSED 127.0.0.1:3001
02:33:26 ERROR  connect ECONNREFUSED 127.0.0.1:3001
02:33:26 ERROR  connect ECONNREFUSED 127.0.0.1:3001
02:33:29 WARN   api unreachable, retrying (attempt 2/5)
02:33:31 ERROR  GET /api/v1/flag failed: fetch failed
02:33:33 ERROR  GET /api/v1/flag failed: fetch failed
02:33:34 ERROR  GET /api/v1/flag failed: fetch failed
02:33:34 ERROR  connect ECONNREFUSED 127.0.0.1:3001
02:33:35 ERROR  GET /api/v1/flag failed: fetch failed
02:33:39 WARN   api unreachable, retrying (attempt 1/5)
02:33:41 WARN   api unreachable, retrying (attempt 5/5)
02:33:45 WARN   api unreachable, retrying (attempt 4/5)
02:33:47 ERROR  connect ECONNREFUSED 127.0.0.1:3001
02:33:49 WARN   api unreachable, retrying (attempt 3/5)
02:33:53 WARN   api unreachable, retrying (attempt 2/5)
02:33:54 WARN   api unreachable, retrying (attempt 5/5)
02:33:55 WARN   api unreachable, retrying (attempt 3/5)
02:33:58 WARN   api unreachable, retrying (attempt 4/5)
02:34:00 WARN   api unreachable, retrying (attempt 4/5)
02:34:00 ERROR  GET /api/v1/flag failed: fetch failed
02:34:01 ERROR  GET /api/v1/flag failed: fetch failed
02:34:01 ERROR  GET /api/v1/flag failed: fetch failed
02:34:02 WARN   api unreachable, retrying (attempt 4/5)
02:34:03 ERROR  connect ECONNREFUSED 127.0.0.1:3001
02:34:04 WARN   api unreachable, retrying (attempt 4/5)
02:34:05 ERROR  connect ECONNREFUSED 127.0.0.1:3001
02:34:05 WARN   api unreachable, retrying (attempt 5/5)
02:34:05 ERROR  GET /api/v1/flag failed: fetch failed
02:34:11 ERROR  connect ECONNREFUSED 127.0.0.1:3001
02:34:11 WARN   api unreachable, retrying (attempt 4/5)
02:34:12 ERROR  connect ECONNREFUSED 127.0.0.1:3001
02:34:16 WARN   api unreachable, retrying (attempt 4/5)
02:34:18 WARN   api unreachable, retrying (attempt 1/5)
02:34:19 ERROR  connect ECONNREFUSED 127.0.0.1:3001
02:34:20 ERROR  GET /api/v1/flag failed: fetch failed
02:34:21 WARN   api unreachable, retrying (attempt 2/5)
02:34:23 ERROR  connect ECONNREFUSED 127.0.0.1:3001
02:34:26 ERROR  connect ECONNREFUSED 127.0.0.1:3001
02:34:26 ERROR  GET /api/v1/flag failed: fetch failed
02:34:27 ERROR  connect ECONNREFUSED 127.0.0.1:3001
02:34:31 WARN   api unreachable, retrying (attempt 3/5)
02:34:33 ERROR  GET /api/v1/flag failed: fetch failed
02:34:35 ERROR  connect ECONNREFUSED 127.0.0.1:3001
02:34:36 ERROR  GET /api/v1/flag failed: fetch failed
02:34:36 ERROR  GET /api/v1/flag failed: fetch failed
02:34:37 WARN   api unreachable, retrying (attempt 3/5)
02:34:37 WARN   api unreachable, retrying (attempt 2/5)
02:34:38 WARN   api unreachable, retrying (attempt 2/5)
02:34:39 WARN   api unreachable, retrying (attempt 3/5)
02:34:40 ERROR  connect ECONNREFUSED 127.0.0.1:3001
02:34:40 ERROR  connect ECONNREFUSED 127.0.0.1:3001
02:34:42 ERROR  GET /api/v1/flag failed: fetch failed
02:34:43 ERROR  connect ECONNREFUSED 127.0.0.1:3001
02:34:43 ERROR  GET /api/v1/flag failed: fetch failed
02:34:45 ERROR  GET /api/v1/flag failed: fetch failed
02:34:47 WARN   api unreachable, retrying (attempt 1/5)
02:34:56 ERROR  GET /api/v1/flag failed: fetch failed
02:34:56 ERROR  GET /api/v1/flag failed: fetch failed
02:34:59 ERROR  GET /api/v1/flag failed: fetch failed
02:35:00 WARN   api unreachable, retrying (attempt 2/5)
02:35:06 ERROR  connect ECONNREFUSED 127.0.0.1:3001
02:35:07 WARN   api unreachable, retrying (attempt 5/5)
02:35:10 WARN   api unreachable, retrying (attempt 5/5)
02:35:13 WARN   api unreachable, retrying (attempt 1/5)
02:35:14 WARN   api unreachable, retrying (attempt 3/5)
02:35:16 WARN   api unreachable, retrying (attempt 5/5)
02:35:17 ERROR  connect ECONNREFUSED 127.0.0.1:3001
02:35:18 WARN   api unreachable, retrying (attempt 2/5)
02:35:18 ERROR  connect ECONNREFUSED 127.0.0.1:3001
02:35:19 WARN   api unreachable, retrying (attempt 5/5)
02:35:20 ERROR  GET /api/v1/flag failed: fetch failed
02:35:21 ERROR  GET /api/v1/flag failed: fetch failed
02:35:21 ERROR  GET /api/v1/flag failed: fetch failed
02:35:23 ERROR  connect ECONNREFUSED 127.0.0.1:3001
02:35:24 ERROR  GET /api/v1/flag failed: fetch failed
02:35:25 WARN   api unreachable, retrying (attempt 1/5)
02:35:25 ERROR  GET /api/v1/flag failed: fetch failed
02:35:26 WARN   api unreachable, retrying (attempt 4/5)
02:35:32 WARN   api unreachable, retrying (attempt 3/5)
02:35:33 ERROR  GET /api/v1/flag failed: fetch failed
02:35:34 ERROR  connect ECONNREFUSED 127.0.0.1:3001
02:35:34 WARN   api unreachable, retrying (attempt 1/5)
02:35:34 ERROR  GET /api/v1/flag failed: fetch failed
02:35:36 WARN   api unreachable, retrying (attempt 2/5)
02:35:41 ERROR  connect ECONNREFUSED 127.0.0.1:3001
02:35:42 ERROR  connect ECONNREFUSED 127.0.0.1:3001
02:35:45 WARN   api unreachable, retrying (attempt 4/5)
02:35:50 ERROR  GET /api/v1/flag failed: fetch failed
02:35:50 WARN   api unreachable, retrying (attempt 5/5)
02:35:53 ERROR  GET /api/v1/flag failed: fetch failed
02:35:53 WARN   api unreachable, retrying (attempt 2/5)
02:35:54 ERROR  connect ECONNREFUSED 127.0.0.1:3001
02:35:56 WARN   api unreachable, retrying (attempt 2/5)
02:35:58 ERROR  GET /api/v1/flag failed: fetch failed
02:36:03 ERROR  GET /api/v1/flag failed: fetch failed
02:36:03 ERROR  GET /api/v1/flag failed: fetch failed
02:36:04 ERROR  connect ECONNREFUSED 127.0.0.1:3001
02:36:09 ERROR  connect ECONNREFUSED 127.0.0.1:3001
02:36:10 ERROR  GET /api/v1/flag failed: fetch failed
02:36:10 ERROR  connect ECONNREFUSED 127.0.0.1:3001
02:36:13 WARN   api unreachable, retrying (attempt 2/5)
02:36:15 ERROR  GET /api/v1/flag failed: fetch failed
02:36:17 ERROR  connect ECONNREFUSED 127.0.0.1:3001
02:36:18 WARN   api unreachable, retrying (attempt 3/5)
02:36:20 ERROR  GET /api/v1/flag failed: fetch failed
02:36:23 WARN   api unreachable, retrying (attempt 2/5)
02:36:30 ERROR  connect ECONNREFUSED 127.0.0.1:3001
02:36:32 WARN   api unreachable, retrying (attempt 1/5)
02:36:33 ERROR  GET /api/v1/flag failed: fetch failed
02:36:34 WARN   api unreachable, retrying (attempt 4/5)
02:36:39 ERROR  connect ECONNREFUSED 127.0.0.1:3001
02:36:39 ERROR  connect ECONNREFUSED 127.0.0.1:3001
02:36:40 ERROR  connect ECONNREFUSED 127.0.0.1:3001
02:36:41 WARN   api unreachable, retrying (attempt 1/5)
02:36:41 ERROR  GET /api/v1/flag failed: fetch failed
02:36:41 WARN   api unreachable, retrying (attempt 3/5)
02:36:41 ERROR  connect ECONNREFUSED 127.0.0.1:3001
02:36:42 WARN   api unreachable, retrying (attempt 2/5)
02:36:43 WARN   api unreachable, retrying (attempt 2/5)
02:36:44 ERROR  connect ECONNREFUSED 127.0.0.1:3001
02:36:45 ERROR  connect ECONNREFUSED 127.0.0.1:3001
02:36:52 ERROR  GET /api/v1/flag failed: fetch failed
02:36:54 WARN   api unreachable, retrying (attempt 1/5)
02:36:56 WARN   api unreachable, retrying (attempt 5/5)
02:36:56 WARN   api unreachable, retrying (attempt 1/5)
02:36:56 WARN   api unreachable, retrying (attempt 3/5)
02:36:57 ERROR  connect ECONNREFUSED 127.0.0.1:3001
02:36:58 ERROR  GET /api/v1/flag failed: fetch failed
02:37:00 ERROR  GET /api/v1/flag failed: fetch failed
02:37:01 WARN   api unreachable, retrying (attempt 3/5)
02:37:01 WARN   api unreachable, retrying (attempt 4/5)
02:37:04 ERROR  connect ECONNREFUSED 127.0.0.1:3001
02:37:05 WARN   api unreachable, retrying (attempt 5/5)
02:37:06 WARN   api unreachable, retrying (attempt 2/5)
02:37:07 ERROR  connect ECONNREFUSED 127.0.0.1:3001
02:37:08 ERROR  connect ECONNREFUSED 127.0.0.1:3001
02:37:08 WARN   api unreachable, retrying (attempt 4/5)
02:37:10 ERROR  GET /api/v1/flag failed: fetch failed
02:37:11 ERROR  GET /api/v1/flag failed: fetch failed
02:37:11 ERROR  connect ECONNREFUSED 127.0.0.1:3001
02:37:12 ERROR  GET /api/v1/flag failed: fetch failed
02:37:13 WARN   api unreachable, retrying (attempt 2/5)
02:37:13 ERROR  GET /api/v1/flag failed: fetch failed
02:37:17 ERROR  connect ECONNREFUSED 127.0.0.1:3001
02:37:18 ERROR  connect ECONNREFUSED 127.0.0.1:3001
02:37:19 ERROR  GET /api/v1/flag failed: fetch failed
02:37:20 WARN   api unreachable, retrying (attempt 3/5)
02:37:23 WARN   api unreachable, retrying (attempt 5/5)
02:37:23 ERROR  connect ECONNREFUSED 127.0.0.1:3001
02:37:24 ERROR  GET /api/v1/flag failed: fetch failed
02:37:24 ERROR  connect ECONNREFUSED 127.0.0.1:3001
02:37:24 ERROR  connect ECONNREFUSED 127.0.0.1:3001
02:37:27 ERROR  connect ECONNREFUSED 127.0.0.1:3001
02:37:28 WARN   api unreachable, retrying (attempt 3/5)
02:37:28 ERROR  connect ECONNREFUSED 127.0.0.1:3001
02:37:30 ERROR  GET /api/v1/flag failed: fetch failed
02:37:31 WARN   api unreachable, retrying (attempt 3/5)
02:37:33 WARN   api unreachable, retrying (attempt 4/5)
02:37:36 ERROR  connect ECONNREFUSED 127.0.0.1:3001
02:37:38 WARN   api unreachable, retrying (attempt 3/5)
02:37:41 WARN   api unreachable, retrying (attempt 4/5)
02:37:43 WARN   api unreachable, retrying (attempt 5/5)
02:37:43 WARN   api unreachable, retrying (attempt 4/5)
02:37:46 ERROR  GET /api/v1/flag failed: fetch failed
02:37:47 WARN   api unreachable, retrying (attempt 4/5)
02:37:48 ERROR  connect ECONNREFUSED 127.0.0.1:3001
02:37:51 ERROR  GET /api/v1/flag failed: fetch failed
02:37:52 WARN   api unreachable, retrying (attempt 5/5)
02:37:53 WARN   api unreachable, retrying (attempt 5/5)
02:37:54 ERROR  GET /api/v1/flag failed: fetch failed
02:37:55 ERROR  connect ECONNREFUSED 127.0.0.1:3001
02:37:56 ERROR  GET /api/v1/flag failed: fetch failed
02:37:57 ERROR  GET /api/v1/flag failed: fetch failed
02:38:00 ERROR  GET /api/v1/flag failed: fetch failed
02:38:03 WARN   api unreachable, retrying (attempt 1/5)
02:38:04 ERROR  connect ECONNREFUSED 127.0.0.1:3001
02:38:05 ERROR  GET /api/v1/flag failed: fetch failed
02:38:05 ERROR  connect ECONNREFUSED 127.0.0.1:3001
02:38:05 ERROR  GET /api/v1/flag failed: fetch failed
02:38:06 ERROR  connect ECONNREFUSED 127.0.0.1:3001
02:38:07 WARN   api unreachable, retrying (attempt 5/5)
02:38:08 ERROR  GET /api/v1/flag failed: fetch failed
02:38:08 ERROR  GET /api/v1/flag failed: fetch failed
02:38:08 ERROR  connect ECONNREFUSED 127.0.0.1:3001
02:38:09 ERROR  GET /api/v1/flag failed: fetch failed
02:38:11 WARN   api unreachable, retrying (attempt 1/5)
02:38:12 WARN   api unreachable, retrying (attempt 1/5)
02:38:13 WARN   api unreachable, retrying (attempt 4/5)
02:38:13 ERROR  connect ECONNREFUSED 127.0.0.1:3001
02:38:13 ERROR  connect ECONNREFUSED 127.0.0.1:3001
02:38:13 ERROR  GET /api/v1/flag failed: fetch failed
02:38:16 ERROR  GET /api/v1/flag failed: fetch failed
02:38:17 ERROR  GET /api/v1/flag failed: fetch failed
02:38:19 WARN   api unreachable, retrying (attempt 4/5)
02:38:22 ERROR  connect ECONNREFUSED 127.0.0.1:3001
02:38:23 ERROR  connect ECONNREFUSED 127.0.0.1:3001
02:38:25 ERROR  GET /api/v1/flag failed: fetch failed
02:38:29 ERROR  GET /api/v1/flag failed: fetch failed
02:38:30 WARN   api unreachable, retrying (attempt 5/5)
02:38:31 ERROR  GET /api/v1/flag failed: fetch failed
02:38:31 ERROR  GET /api/v1/flag failed: fetch failed
02:38:32 ERROR  GET /api/v1/flag failed: fetch failed
02:38:35 ERROR  GET /api/v1/flag failed: fetch failed
02:38:40 ERROR  connect ECONNREFUSED 127.0.0.1:3001
02:38:40 ERROR  connect ECONNREFUSED 127.0.0.1:3001
02:38:41 ERROR  connect ECONNREFUSED 127.0.0.1:3001
02:38:41 WARN   api unreachable, retrying (attempt 1/5)
02:38:43 ERROR  connect ECONNREFUSED 127.0.0.1:3001
02:38:45 ERROR  GET /api/v1/flag failed: fetch failed
02:38:47 WARN   api unreachable, retrying (attempt 5/5)
02:38:50 ERROR  connect ECONNREFUSED 127.0.0.1:3001
02:38:50 ERROR  connect ECONNREFUSED 127.0.0.1:3001
02:38:51 ERROR  connect ECONNREFUSED 127.0.0.1:3001
02:38:52 ERROR  connect ECONNREFUSED 127.0.0.1:3001
02:38:52 WARN   api unreachable, retrying (attempt 5/5)
02:38:52 WARN   api unreachable, retrying (attempt 5/5)
02:38:56 ERROR  GET /api/v1/flag failed: fetch failed
02:38:56 WARN   api unreachable, retrying (attempt 3/5)
02:38:57 ERROR  GET /api/v1/flag failed: fetch failed
02:39:03 WARN   api unreachable, retrying (attempt 4/5)
02:39:03 WARN   api unreachable, retrying (attempt 4/5)
02:39:07 WARN   api unreachable, retrying (attempt 4/5)
02:39:08 ERROR  GET /api/v1/flag failed: fetch failed
02:39:09 ERROR  GET /api/v1/flag failed: fetch failed
02:39:10 ERROR  GET /api/v1/flag failed: fetch failed
02:39:11 WARN   api unreachable, retrying (attempt 3/5)
02:39:13 WARN   api unreachable, retrying (attempt 1/5)
02:39:13 ERROR  connect ECONNREFUSED 127.0.0.1:3001
02:39:14 ERROR  connect ECONNREFUSED 127.0.0.1:3001
02:39:14 WARN   api unreachable, retrying (attempt 3/5)
02:39:17 ERROR  connect ECONNREFUSED 127.0.0.1:3001
02:39:18 ERROR  GET /api/v1/flag failed: fetch failed
02:39:25 ERROR  connect ECONNREFUSED 127.0.0.1:3001
02:39:28 ERROR  connect ECONNREFUSED 127.0.0.1:3001
02:39:30 ERROR  connect ECONNREFUSED 127.0.0.1:3001
02:39:31 ERROR  GET /api/v1/flag failed: fetch failed
02:39:32 WARN   api unreachable, retrying (attempt 2/5)
02:39:32 ERROR  connect ECONNREFUSED 127.0.0.1:3001
02:39:33 WARN   api unreachable, retrying (attempt 4/5)
02:39:35 ERROR  GET /api/v1/flag failed: fetch failed
02:39:35 ERROR  GET /api/v1/flag failed: fetch failed
02:39:37 ERROR  GET /api/v1/flag failed: fetch failed
02:39:40 WARN   api unreachable, retrying (attempt 4/5)
02:39:40 ERROR  connect ECONNREFUSED 127.0.0.1:3001
02:39:42 ERROR  connect ECONNREFUSED 127.0.0.1:3001
02:39:44 ERROR  GET /api/v1/flag failed: fetch failed
02:39:50 ERROR  GET /api/v1/flag failed: fetch failed
02:39:50 WARN   api unreachable, retrying (attempt 2/5)
02:39:51 WARN   api unreachable, retrying (attempt 4/5)
02:39:55 ERROR  GET /api/v1/flag failed: fetch failed
02:39:59 ERROR  GET /api/v1/flag failed: fetch failed
02:40:00 ERROR  GET /api/v1/flag failed: fetch failed
02:40:06 ERROR  connect ECONNREFUSED 127.0.0.1:3001
02:40:07 ERROR  connect ECONNREFUSED 127.0.0.1:3001
02:40:10 ERROR  GET /api/v1/flag failed: fetch failed
02:40:13 WARN   api unreachable, retrying (attempt 4/5)
02:40:13 WARN   api unreachable, retrying (attempt 4/5)
02:40:15 ERROR  GET /api/v1/flag failed: fetch failed
02:40:18 ERROR  connect ECONNREFUSED 127.0.0.1:3001
02:40:19 ERROR  GET /api/v1/flag failed: fetch failed
02:40:19 WARN   api unreachable, retrying (attempt 2/5)
02:40:20 ERROR  GET /api/v1/flag failed: fetch failed
02:40:21 ERROR  connect ECONNREFUSED 127.0.0.1:3001
02:40:21 WARN   api unreachable, retrying (attempt 3/5)
02:40:23 WARN   api unreachable, retrying (attempt 1/5)
02:40:25 ERROR  connect ECONNREFUSED 127.0.0.1:3001
02:40:25 ERROR  GET /api/v1/flag failed: fetch failed
02:40:31 ERROR  connect ECONNREFUSED 127.0.0.1:3001
02:40:31 ERROR  GET /api/v1/flag failed: fetch failed
02:40:35 ERROR  connect ECONNREFUSED 127.0.0.1:3001
02:40:37 ERROR  connect ECONNREFUSED 127.0.0.1:3001
02:40:38 ERROR  connect ECONNREFUSED 127.0.0.1:3001
02:40:45 ERROR  connect ECONNREFUSED 127.0.0.1:3001
02:40:45 ERROR  connect ECONNREFUSED 127.0.0.1:3001
02:40:49 WARN   api unreachable, retrying (attempt 3/5)
02:40:50 ERROR  connect ECONNREFUSED 127.0.0.1:3001
02:40:52 ERROR  GET /api/v1/flag failed: fetch failed
02:40:53 WARN   api unreachable, retrying (attempt 1/5)
02:40:54 WARN   api unreachable, retrying (attempt 4/5)
02:40:54 ERROR  GET /api/v1/flag failed: fetch failed
02:40:55 ERROR  GET /api/v1/flag failed: fetch failed
02:41:05 ERROR  GET /api/v1/flag failed: fetch failed
02:41:09 WARN   api unreachable, retrying (attempt 3/5)
02:41:12 ERROR  connect ECONNREFUSED 127.0.0.1:3001
02:41:12 ERROR  connect ECONNREFUSED 127.0.0.1:3001
02:41:12 ERROR  connect ECONNREFUSED 127.0.0.1:3001
02:41:16 WARN   api unreachable, retrying (attempt 5/5)
02:41:17 WARN   api unreachable, retrying (attempt 1/5)
02:41:23 ERROR  connect ECONNREFUSED 127.0.0.1:3001
02:41:26 WARN   api unreachable, retrying (attempt 2/5)
02:41:26 ERROR  connect ECONNREFUSED 127.0.0.1:3001
02:41:26 ERROR  connect ECONNREFUSED 127.0.0.1:3001
02:41:27 ERROR  connect ECONNREFUSED 127.0.0.1:3001
02:41:27 ERROR  GET /api/v1/flag failed: fetch failed
02:41:28 WARN   api unreachable, retrying (attempt 5/5)
02:41:29 ERROR  connect ECONNREFUSED 127.0.0.1:3001
02:41:30 ERROR  GET /api/v1/flag failed: fetch failed
02:41:32 ERROR  connect ECONNREFUSED 127.0.0.1:3001
02:41:35 WARN   api unreachable, retrying (attempt 2/5)
02:41:36 ERROR  GET /api/v1/flag failed: fetch failed
02:41:36 ERROR  GET /api/v1/flag failed: fetch failed
02:41:37 ERROR  connect ECONNREFUSED 127.0.0.1:3001
02:41:39 WARN   api unreachable, retrying (attempt 5/5)
02:41:40 ERROR  GET /api/v1/flag failed: fetch failed
02:41:40 WARN   api unreachable, retrying (attempt 4/5)
02:41:41 WARN   api unreachable, retrying (attempt 3/5)
02:41:44 ERROR  GET /api/v1/flag failed: fetch failed
02:41:44 WARN   api unreachable, retrying (attempt 3/5)
02:41:44 ERROR  GET /api/v1/flag failed: fetch failed
02:41:46 ERROR  GET /api/v1/flag failed: fetch failed
02:41:47 WARN   api unreachable, retrying (attempt 3/5)
02:41:47 WARN   api unreachable, retrying (attempt 4/5)
02:41:48 ERROR  connect ECONNREFUSED 127.0.0.1:3001
02:41:49 WARN   api unreachable, retrying (attempt 3/5)
02:41:51 WARN   api unreachable, retrying (attempt 4/5)
02:41:55 WARN   api unreachable, retrying (attempt 3/5)
02:41:57 ERROR  GET /api/v1/flag failed: fetch failed
02:41:58 ERROR  connect ECONNREFUSED 127.0.0.1:3001
02:42:00 ERROR  connect ECONNREFUSED 127.0.0.1:3001
02:42:01 WARN   api unreachable, retrying (attempt 5/5)
02:42:03 WARN   api unreachable, retrying (attempt 3/5)
02:42:03 WARN   api unreachable, retrying (attempt 4/5)
02:42:05 ERROR  connect ECONNREFUSED 127.0.0.1:3001
02:42:07 ERROR  GET /api/v1/flag failed: fetch failed
02:42:08 ERROR  connect ECONNREFUSED 127.0.0.1:3001
02:42:08 WARN   api unreachable, retrying (attempt 4/5)
02:42:11 ERROR  connect ECONNREFUSED 127.0.0.1:3001
02:42:11 ERROR  connect ECONNREFUSED 127.0.0.1:3001
02:42:12 ERROR  GET /api/v1/flag failed: fetch failed
02:42:16 WARN   api unreachable, retrying (attempt 3/5)
02:42:16 ERROR  GET /api/v1/flag failed: fetch failed
02:42:16 ERROR  connect ECONNREFUSED 127.0.0.1:3001
02:42:18 ERROR  connect ECONNREFUSED 127.0.0.1:3001
02:42:21 ERROR  GET /api/v1/flag failed: fetch failed
02:42:21 ERROR  connect ECONNREFUSED 127.0.0.1:3001
02:42:24 ERROR  connect ECONNREFUSED 127.0.0.1:3001
02:42:25 WARN   api unreachable, retrying (attempt 2/5)
02:42:28 ERROR  GET /api/v1/flag failed: fetch failed
02:42:32 ERROR  GET /api/v1/flag failed: fetch failed
02:42:33 ERROR  connect ECONNREFUSED 127.0.0.1:3001
02:42:33 WARN   api unreachable, retrying (attempt 2/5)
02:42:35 WARN   api unreachable, retrying (attempt 2/5)
02:42:36 WARN   api unreachable, retrying (attempt 3/5)
02:42:38 ERROR  GET /api/v1/flag failed: fetch failed
02:42:39 WARN   api unreachable, retrying (attempt 4/5)
02:42:39 ERROR  GET /api/v1/flag failed: fetch failed
02:42:43 WARN   api unreachable, retrying (attempt 5/5)
02:42:45 WARN   api unreachable, retrying (attempt 4/5)
02:42:46 ERROR  connect ECONNREFUSED 127.0.0.1:3001
02:42:46 WARN   api unreachable, retrying (attempt 3/5)
02:42:47 ERROR  connect ECONNREFUSED 127.0.0.1:3001
02:42:48 ERROR  connect ECONNREFUSED 127.0.0.1:3001
02:42:52 ERROR  connect ECONNREFUSED 127.0.0.1:3001
02:42:52 WARN   api unreachable, retrying (attempt 2/5)
02:42:52 ERROR  GET /api/v1/flag failed: fetch failed
02:42:53 ERROR  connect ECONNREFUSED 127.0.0.1:3001
02:42:56 WARN   api unreachable, retrying (attempt 5/5)
02:42:58 ERROR  GET /api/v1/flag failed: fetch failed
02:42:59 ERROR  connect ECONNREFUSED 127.0.0.1:3001
02:43:01 ERROR  connect ECONNREFUSED 127.0.0.1:3001
02:43:07 WARN   api unreachable, retrying (attempt 2/5)
02:43:12 ERROR  GET /api/v1/flag failed: fetch failed
02:43:14 ERROR  GET /api/v1/flag failed: fetch failed
02:43:18 ERROR  GET /api/v1/flag failed: fetch failed
02:43:20 ERROR  connect ECONNREFUSED 127.0.0.1:3001
02:43:21 ERROR  GET /api/v1/flag failed: fetch failed
02:43:22 ERROR  GET /api/v1/flag failed: fetch failed
02:43:26 ERROR  connect ECONNREFUSED 127.0.0.1:3001
02:43:26 ERROR  GET /api/v1/flag failed: fetch failed
02:43:28 ERROR  connect ECONNREFUSED 127.0.0.1:3001
02:43:30 ERROR  GET /api/v1/flag failed: fetch failed
02:43:30 ERROR  connect ECONNREFUSED 127.0.0.1:3001
02:43:31 ERROR  GET /api/v1/flag failed: fetch failed
02:43:37 WARN   api unreachable, retrying (attempt 4/5)
02:43:37 ERROR  GET /api/v1/flag failed: fetch failed
02:43:38 WARN   api unreachable, retrying (attempt 3/5)
02:43:39 ERROR  GET /api/v1/flag failed: fetch failed
02:43:42 WARN   api unreachable, retrying (attempt 2/5)
02:43:42 ERROR  GET /api/v1/flag failed: fetch failed
02:43:43 WARN   api unreachable, retrying (attempt 3/5)
02:43:43 WARN   api unreachable, retrying (attempt 4/5)
02:43:44 WARN   api unreachable, retrying (attempt 4/5)
02:43:44 ERROR  GET /api/v1/flag failed: fetch failed
02:43:44 WARN   api unreachable, retrying (attempt 5/5)
02:43:45 ERROR  connect ECONNREFUSED 127.0.0.1:3001
02:43:45 WARN   api unreachable, retrying (attempt 1/5)
02:43:46 ERROR  connect ECONNREFUSED 127.0.0.1:3001
02:43:47 ERROR  GET /api/v1/flag failed: fetch failed
02:43:49 WARN   api unreachable, retrying (attempt 3/5)
02:43:50 ERROR  connect ECONNREFUSED 127.0.0.1:3001
02:43:52 ERROR  GET /api/v1/flag failed: fetch failed
02:43:53 ERROR  GET /api/v1/flag failed: fetch failed
02:43:54 WARN   api unreachable, retrying (attempt 5/5)
02:43:58 ERROR  connect ECONNREFUSED 127.0.0.1:3001
02:44:00 WARN   api unreachable, retrying (attempt 4/5)
02:44:04 WARN   api unreachable, retrying (attempt 5/5)
02:44:04 ERROR  connect ECONNREFUSED 127.0.0.1:3001
02:44:05 WARN   api unreachable, retrying (attempt 3/5)
02:44:06 ERROR  GET /api/v1/flag failed: fetch failed
02:44:06 ERROR  GET /api/v1/flag failed: fetch failed
02:44:07 WARN   api unreachable, retrying (attempt 2/5)
02:44:07 ERROR  GET /api/v1/flag failed: fetch failed
02:44:07 ERROR  GET /api/v1/flag failed: fetch failed
02:44:10 ERROR  GET /api/v1/flag failed: fetch failed
02:44:10 ERROR  connect ECONNREFUSED 127.0.0.1:3001
02:44:10 WARN   api unreachable, retrying (attempt 2/5)
02:44:11 ERROR  GET /api/v1/flag failed: fetch failed
02:44:12 ERROR  GET /api/v1/flag failed: fetch failed
02:44:14 ERROR  connect ECONNREFUSED 127.0.0.1:3001
02:44:15 ERROR  GET /api/v1/flag failed: fetch failed
02:44:17 ERROR  connect ECONNREFUSED 127.0.0.1:3001
02:44:19 ERROR  connect ECONNREFUSED 127.0.0.1:3001
02:44:21 ERROR  GET /api/v1/flag failed: fetch failed
02:44:22 WARN   api unreachable, retrying (attempt 4/5)
02:44:24 ERROR  connect ECONNREFUSED 127.0.0.1:3001
02:44:25 ERROR  connect ECONNREFUSED 127.0.0.1:3001
02:44:26 ERROR  connect ECONNREFUSED 127.0.0.1:3001
02:44:27 ERROR  GET /api/v1/flag failed: fetch failed
02:44:28 WARN   api unreachable, retrying (attempt 2/5)
02:44:29 ERROR  connect ECONNREFUSED 127.0.0.1:3001
02:44:30 ERROR  connect ECONNREFUSED 127.0.0.1:3001
02:44:32 ERROR  connect ECONNREFUSED 127.0.0.1:3001
02:44:32 ERROR  connect ECONNREFUSED 127.0.0.1:3001
02:44:33 WARN   api unreachable, retrying (attempt 4/5)
02:44:33 ERROR  connect ECONNREFUSED 127.0.0.1:3001
02:44:34 ERROR  GET /api/v1/flag failed: fetch failed
02:44:36 WARN   api unreachable, retrying (attempt 5/5)
02:44:37 WARN   api unreachable, retrying (attempt 4/5)
02:44:39 ERROR  connect ECONNREFUSED 127.0.0.1:3001
02:44:39 ERROR  connect ECONNREFUSED 127.0.0.1:3001
02:44:40 WARN   api unreachable, retrying (attempt 5/5)
02:44:40 ERROR  GET /api/v1/flag failed: fetch failed
02:44:40 ERROR  GET /api/v1/flag failed: fetch failed
02:44:45 WARN   api unreachable, retrying (attempt 2/5)
02:44:47 ERROR  connect ECONNREFUSED 127.0.0.1:3001
02:44:47 ERROR  GET /api/v1/flag failed: fetch failed
02:44:47 ERROR  GET /api/v1/flag failed: fetch failed
02:44:48 ERROR  connect ECONNREFUSED 127.0.0.1:3001
02:44:48 ERROR  connect ECONNREFUSED 127.0.0.1:3001
02:44:53 WARN   api unreachable, retrying (attempt 1/5)
02:44:54 WARN   api unreachable, retrying (attempt 1/5)
02:44:55 ERROR  connect ECONNREFUSED 127.0.0.1:3001
02:44:56 ERROR  connect ECONNREFUSED 127.0.0.1:3001
02:45:01 ERROR  connect ECONNREFUSED 127.0.0.1:3001
02:45:03 ERROR  GET /api/v1/flag failed: fetch failed
02:45:03 ERROR  GET /api/v1/flag failed: fetch failed
02:45:03 ERROR  connect ECONNREFUSED 127.0.0.1:3001
02:45:05 WARN   api unreachable, retrying (attempt 3/5)
02:45:06 ERROR  GET /api/v1/flag failed: fetch failed
02:45:09 ERROR  connect ECONNREFUSED 127.0.0.1:3001
02:45:10 ERROR  GET /api/v1/flag failed: fetch failed
02:45:10 ERROR  connect ECONNREFUSED 127.0.0.1:3001
02:45:13 ERROR  connect ECONNREFUSED 127.0.0.1:3001
02:45:14 ERROR  GET /api/v1/flag failed: fetch failed
02:45:17 ERROR  GET /api/v1/flag failed: fetch failed
02:45:18 WARN   api unreachable, retrying (attempt 5/5)
02:45:19 ERROR  connect ECONNREFUSED 127.0.0.1:3001
02:45:20 ERROR  connect ECONNREFUSED 127.0.0.1:3001
02:45:20 ERROR  GET /api/v1/flag failed: fetch failed
02:45:25 WARN   api unreachable, retrying (attempt 1/5)
02:45:25 ERROR  connect ECONNREFUSED 127.0.0.1:3001
02:45:26 ERROR  GET /api/v1/flag failed: fetch failed
02:45:27 WARN   api unreachable, retrying (attempt 3/5)
02:45:30 WARN   api unreachable, retrying (attempt 3/5)
02:45:32 ERROR  GET /api/v1/flag failed: fetch failed
02:45:33 ERROR  GET /api/v1/flag failed: fetch failed
02:45:35 WARN   api unreachable, retrying (attempt 2/5)
02:45:38 WARN   api unreachable, retrying (attempt 3/5)
02:45:38 ERROR  connect ECONNREFUSED 127.0.0.1:3001
02:45:41 WARN   api unreachable, retrying (attempt 5/5)
02:45:43 ERROR  connect ECONNREFUSED 127.0.0.1:3001
02:45:44 ERROR  connect ECONNREFUSED 127.0.0.1:3001
02:45:44 ERROR  connect ECONNREFUSED 127.0.0.1:3001
02:45:46 ERROR  connect ECONNREFUSED 127.0.0.1:3001
02:45:46 ERROR  connect ECONNREFUSED 127.0.0.1:3001
02:45:48 ERROR  connect ECONNREFUSED 127.0.0.1:3001
02:45:51 ERROR  connect ECONNREFUSED 127.0.0.1:3001
02:45:53 WARN   api unreachable, retrying (attempt 4/5)
02:45:56 ERROR  GET /api/v1/flag failed: fetch failed
02:45:56 WARN   api unreachable, retrying (attempt 2/5)
02:46:01 ERROR  connect ECONNREFUSED 127.0.0.1:3001
02:46:03 ERROR  connect ECONNREFUSED 127.0.0.1:3001
02:46:08 WARN   api unreachable, retrying (attempt 1/5)
02:46:11 ERROR  connect ECONNREFUSED 127.0.0.1:3001
02:46:13 ERROR  GET /api/v1/flag failed: fetch failed
02:46:14 ERROR  connect ECONNREFUSED 127.0.0.1:3001
02:46:15 WARN   api unreachable, retrying (attempt 3/5)
02:46:17 ERROR  GET /api/v1/flag failed: fetch failed
02:46:18 ERROR  GET /api/v1/flag failed: fetch failed
02:46:24 WARN   api unreachable, retrying (attempt 1/5)
02:46:26 WARN   api unreachable, retrying (attempt 2/5)
02:46:29 ERROR  connect ECONNREFUSED 127.0.0.1:3001
02:46:29 WARN   api unreachable, retrying (attempt 1/5)
02:46:30 WARN   api unreachable, retrying (attempt 1/5)
02:46:33 ERROR  connect ECONNREFUSED 127.0.0.1:3001
02:46:36 ERROR  GET /api/v1/flag failed: fetch failed
02:46:38 ERROR  GET /api/v1/flag failed: fetch failed
02:46:39 WARN   api unreachable, retrying (attempt 4/5)
02:46:39 ERROR  GET /api/v1/flag failed: fetch failed
02:46:43 ERROR  connect ECONNREFUSED 127.0.0.1:3001
02:46:48 ERROR  GET /api/v1/flag failed: fetch failed
02:46:48 ERROR  connect ECONNREFUSED 127.0.0.1:3001
02:46:49 ERROR  GET /api/v1/flag failed: fetch failed
02:46:51 WARN   api unreachable, retrying (attempt 4/5)
02:46:52 WARN   api unreachable, retrying (attempt 2/5)
02:46:55 WARN   api unreachable, retrying (attempt 1/5)
02:46:58 WARN   api unreachable, retrying (attempt 5/5)
02:46:59 WARN   api unreachable, retrying (attempt 5/5)
02:46:59 ERROR  GET /api/v1/flag failed: fetch failed
02:47:03 ERROR  GET /api/v1/flag failed: fetch failed
02:47:05 WARN   api unreachable, retrying (attempt 5/5)
02:47:05 ERROR  GET /api/v1/flag failed: fetch failed
02:47:06 WARN   api unreachable, retrying (attempt 3/5)
02:47:08 ERROR  connect ECONNREFUSED 127.0.0.1:3001
02:47:10 ERROR  GET /api/v1/flag failed: fetch failed
02:47:11 ERROR  GET /api/v1/flag failed: fetch failed
02:47:11 ERROR  GET /api/v1/flag failed: fetch failed
02:47:13 ERROR  connect ECONNREFUSED 127.0.0.1:3001
02:47:14 ERROR  GET /api/v1/flag failed: fetch failed
02:47:16 ERROR  GET /api/v1/flag failed: fetch failed
02:47:17 ERROR  GET /api/v1/flag failed: fetch failed
02:47:17 ERROR  connect ECONNREFUSED 127.0.0.1:3001
02:47:22 ERROR  connect ECONNREFUSED 127.0.0.1:3001
02:47:24 ERROR  connect ECONNREFUSED 127.0.0.1:3001
02:47:26 WARN   api unreachable, retrying (attempt 3/5)
02:47:27 ERROR  GET /api/v1/flag failed: fetch failed
02:47:29 WARN   api unreachable, retrying (attempt 5/5)
02:47:30 WARN   api unreachable, retrying (attempt 3/5)
02:47:30 ERROR  connect ECONNREFUSED 127.0.0.1:3001
02:47:31 ERROR  connect ECONNREFUSED 127.0.0.1:3001
02:47:31 ERROR  GET /api/v1/flag failed: fetch failed
02:47:37 ERROR  GET /api/v1/flag failed: fetch failed
02:47:37 ERROR  connect ECONNREFUSED 127.0.0.1:3001
02:47:37 WARN   api unreachable, retrying (attempt 1/5)
02:47:40 ERROR  GET /api/v1/flag failed: fetch failed
02:47:41 ERROR  GET /api/v1/flag failed: fetch failed
02:47:41 ERROR  connect ECONNREFUSED 127.0.0.1:3001
02:47:42 WARN   api unreachable, retrying (attempt 3/5)
02:47:45 ERROR  connect ECONNREFUSED 127.0.0.1:3001
02:47:45 WARN   api unreachable, retrying (attempt 5/5)
02:47:47 ERROR  connect ECONNREFUSED 127.0.0.1:3001
02:47:47 ERROR  GET /api/v1/flag failed: fetch failed
02:47:48 ERROR  GET /api/v1/flag failed: fetch failed
02:47:53 ERROR  GET /api/v1/flag failed: fetch failed
02:47:57 WARN   api unreachable, retrying (attempt 4/5)
02:47:58 WARN   api unreachable, retrying (attempt 3/5)
02:47:59 WARN   api unreachable, retrying (attempt 3/5)
02:48:01 ERROR  connect ECONNREFUSED 127.0.0.1:3001
02:48:04 ERROR  GET /api/v1/flag failed: fetch failed
02:48:10 ERROR  GET /api/v1/flag failed: fetch failed
02:48:11 ERROR  GET /api/v1/flag failed: fetch failed
02:48:13 ERROR  connect ECONNREFUSED 127.0.0.1:3001
02:48:14 WARN   api unreachable, retrying (attempt 3/5)
02:48:14 WARN   api unreachable, retrying (attempt 3/5)
02:48:15 ERROR  connect ECONNREFUSED 127.0.0.1:3001
02:48:15 ERROR  connect ECONNREFUSED 127.0.0.1:3001
02:48:17 ERROR  GET /api/v1/flag failed: fetch failed
02:48:20 WARN   api unreachable, retrying (attempt 2/5)
02:48:21 ERROR  connect ECONNREFUSED 127.0.0.1:3001
02:48:21 ERROR  connect ECONNREFUSED 127.0.0.1:3001
02:48:22 ERROR  connect ECONNREFUSED 127.0.0.1:3001
02:48:22 WARN   api unreachable, retrying (attempt 2/5)
02:48:23 WARN   api unreachable, retrying (attempt 4/5)
02:48:24 ERROR  connect ECONNREFUSED 127.0.0.1:3001
02:48:24 ERROR  GET /api/v1/flag failed: fetch failed
02:48:25 ERROR  connect ECONNREFUSED 127.0.0.1:3001
02:48:26 WARN   api unreachable, retrying (attempt 5/5)
02:48:27 WARN   api unreachable, retrying (attempt 2/5)
02:48:29 WARN   api unreachable, retrying (attempt 1/5)
02:48:29 WARN   api unreachable, retrying (attempt 4/5)
02:48:29 ERROR  connect ECONNREFUSED 127.0.0.1:3001
02:48:30 ERROR  connect ECONNREFUSED 127.0.0.1:3001
02:48:30 ERROR  GET /api/v1/flag failed: fetch failed
02:48:37 ERROR  connect ECONNREFUSED 127.0.0.1:3001
02:48:39 ERROR  GET /api/v1/flag failed: fetch failed
02:48:39 WARN   api unreachable, retrying (attempt 2/5)
02:48:40 WARN   api unreachable, retrying (attempt 3/5)
02:48:41 ERROR  GET /api/v1/flag failed: fetch failed
02:48:41 ERROR  connect ECONNREFUSED 127.0.0.1:3001
02:48:41 ERROR  connect ECONNREFUSED 127.0.0.1:3001
02:48:42 WARN   api unreachable, retrying (attempt 3/5)
02:48:44 ERROR  GET /api/v1/flag failed: fetch failed
02:48:45 ERROR  connect ECONNREFUSED 127.0.0.1:3001
02:48:47 ERROR  GET /api/v1/flag failed: fetch failed
02:48:47 ERROR  connect ECONNREFUSED 127.0.0.1:3001
02:48:47 ERROR  connect ECONNREFUSED 127.0.0.1:3001
02:48:50 WARN   api unreachable, retrying (attempt 5/5)
02:48:50 WARN   api unreachable, retrying (attempt 5/5)
02:48:54 ERROR  GET /api/v1/flag failed: fetch failed
02:48:55 ERROR  GET /api/v1/flag failed: fetch failed
02:48:57 ERROR  connect ECONNREFUSED 127.0.0.1:3001
02:48:57 WARN   api unreachable, retrying (attempt 4/5)
02:48:57 ERROR  GET /api/v1/flag failed: fetch failed
02:48:58 WARN   api unreachable, retrying (attempt 2/5)
02:48:59 WARN   api unreachable, retrying (attempt 3/5)
02:49:00 ERROR  connect ECONNREFUSED 127.0.0.1:3001
02:49:02 WARN   api unreachable, retrying (attempt 3/5)
02:49:02 ERROR  connect ECONNREFUSED 127.0.0.1:3001
02:49:02 WARN   api unreachable, retrying (attempt 5/5)
02:49:02 ERROR  connect ECONNREFUSED 127.0.0.1:3001
02:49:02 ERROR  GET /api/v1/flag failed: fetch failed
02:49:05 ERROR  connect ECONNREFUSED 127.0.0.1:3001
02:49:08 ERROR  GET /api/v1/flag failed: fetch failed
02:49:10 ERROR  connect ECONNREFUSED 127.0.0.1:3001
02:49:10 WARN   api unreachable, retrying (attempt 4/5)
02:49:12 ERROR  GET /api/v1/flag failed: fetch failed
02:49:12 ERROR  connect ECONNREFUSED 127.0.0.1:3001
02:49:12 ERROR  GET /api/v1/flag failed: fetch failed
02:49:13 ERROR  connect ECONNREFUSED 127.0.0.1:3001
02:49:15 ERROR  connect ECONNREFUSED 127.0.0.1:3001
02:49:16 ERROR  GET /api/v1/flag failed: fetch failed
02:49:16 WARN   api unreachable, retrying (attempt 1/5)
02:49:17 WARN   api unreachable, retrying (attempt 1/5)
02:49:18 ERROR  GET /api/v1/flag failed: fetch failed
02:49:19 WARN   api unreachable, retrying (attempt 2/5)
02:49:22 ERROR  GET /api/v1/flag failed: fetch failed
02:49:23 ERROR  GET /api/v1/flag failed: fetch failed
02:49:24 ERROR  connect ECONNREFUSED 127.0.0.1:3001
02:49:24 ERROR  GET /api/v1/flag failed: fetch failed
02:49:25 ERROR  connect ECONNREFUSED 127.0.0.1:3001
02:49:26 ERROR  GET /api/v1/flag failed: fetch failed
02:49:27 ERROR  GET /api/v1/flag failed: fetch failed
02:49:28 ERROR  connect ECONNREFUSED 127.0.0.1:3001
02:49:28 ERROR  GET /api/v1/flag failed: fetch failed
02:49:30 ERROR  GET /api/v1/flag failed: fetch failed
02:49:30 ERROR  GET /api/v1/flag failed: fetch failed
02:49:30 WARN   api unreachable, retrying (attempt 3/5)
02:49:31 ERROR  connect ECONNREFUSED 127.0.0.1:3001
02:49:31 WARN   api unreachable, retrying (attempt 2/5)
02:49:32 WARN   api unreachable, retrying (attempt 2/5)
02:49:32 ERROR  GET /api/v1/flag failed: fetch failed
02:49:33 WARN   api unreachable, retrying (attempt 1/5)
02:49:35 WARN   api unreachable, retrying (attempt 5/5)
02:49:35 ERROR  GET /api/v1/flag failed: fetch failed
02:49:36 ERROR  connect ECONNREFUSED 127.0.0.1:3001
02:49:37 WARN   api unreachable, retrying (attempt 4/5)
02:49:38 ERROR  connect ECONNREFUSED 127.0.0.1:3001
02:49:46 ERROR  connect ECONNREFUSED 127.0.0.1:3001
02:49:49 ERROR  connect ECONNREFUSED 127.0.0.1:3001
02:49:50 ERROR  GET /api/v1/flag failed: fetch failed
02:49:51 ERROR  GET /api/v1/flag failed: fetch failed
02:49:52 WARN   api unreachable, retrying (attempt 5/5)
02:49:53 WARN   api unreachable, retrying (attempt 4/5)
02:49:53 ERROR  connect ECONNREFUSED 127.0.0.1:3001
02:49:54 ERROR  GET /api/v1/flag failed: fetch failed
02:49:54 WARN   api unreachable, retrying (attempt 4/5)
02:49:57 ERROR  connect ECONNREFUSED 127.0.0.1:3001
02:49:58 ERROR  GET /api/v1/flag failed: fetch failed
02:49:58 ERROR  GET /api/v1/flag failed: fetch failed
02:49:59 WARN   api unreachable, retrying (attempt 3/5)
02:50:01 WARN   api unreachable, retrying (attempt 1/5)
02:50:03 ERROR  connect ECONNREFUSED 127.0.0.1:3001
02:50:05 ERROR  connect ECONNREFUSED 127.0.0.1:3001
02:50:05 ERROR  connect ECONNREFUSED 127.0.0.1:3001
02:50:06 WARN   api unreachable, retrying (attempt 3/5)
02:50:06 WARN   api unreachable, retrying (attempt 1/5)
02:50:10 ERROR  GET /api/v1/flag failed: fetch failed
02:50:13 WARN   api unreachable, retrying (attempt 4/5)
02:50:14 ERROR  connect ECONNREFUSED 127.0.0.1:3001
02:50:14 ERROR  GET /api/v1/flag failed: fetch failed
02:50:16 ERROR  connect ECONNREFUSED 127.0.0.1:3001
02:50:20 ERROR  GET /api/v1/flag failed: fetch failed
02:50:21 WARN   api unreachable, retrying (attempt 5/5)
02:50:25 WARN   api unreachable, retrying (attempt 3/5)
02:50:26 ERROR  GET /api/v1/flag failed: fetch failed
02:50:28 ERROR  connect ECONNREFUSED 127.0.0.1:3001
02:50:29 ERROR  GET /api/v1/flag failed: fetch failed
02:50:29 ERROR  connect ECONNREFUSED 127.0.0.1:3001
02:50:29 ERROR  connect ECONNREFUSED 127.0.0.1:3001
02:50:30 WARN   api unreachable, retrying (attempt 4/5)
02:50:30 ERROR  GET /api/v1/flag failed: fetch failed
02:50:32 WARN   api unreachable, retrying (attempt 1/5)
02:50:34 ERROR  GET /api/v1/flag failed: fetch failed
02:50:37 WARN   api unreachable, retrying (attempt 2/5)
02:50:42 ERROR  connect ECONNREFUSED 127.0.0.1:3001
02:50:42 ERROR  connect ECONNREFUSED 127.0.0.1:3001
02:50:45 ERROR  connect ECONNREFUSED 127.0.0.1:3001
02:50:45 ERROR  connect ECONNREFUSED 127.0.0.1:3001
02:50:45 WARN   api unreachable, retrying (attempt 5/5)
02:50:47 ERROR  GET /api/v1/flag failed: fetch failed
02:50:49 ERROR  GET /api/v1/flag failed: fetch failed
02:50:50 WARN   api unreachable, retrying (attempt 1/5)
02:50:52 ERROR  connect ECONNREFUSED 127.0.0.1:3001
02:50:55 ERROR  connect ECONNREFUSED 127.0.0.1:3001
02:50:56 ERROR  GET /api/v1/flag failed: fetch failed
02:50:57 ERROR  connect ECONNREFUSED 127.0.0.1:3001
02:51:00 ERROR  GET /api/v1/flag failed: fetch failed
02:51:03 WARN   api unreachable, retrying (attempt 5/5)
02:51:03 ERROR  connect ECONNREFUSED 127.0.0.1:3001
02:51:03 ERROR  GET /api/v1/flag failed: fetch failed
02:51:04 ERROR  GET /api/v1/flag failed: fetch failed
02:51:11 ERROR  GET /api/v1/flag failed: fetch failed
02:51:11 ERROR  connect ECONNREFUSED 127.0.0.1:3001
02:51:12 ERROR  connect ECONNREFUSED 127.0.0.1:3001
02:51:13 ERROR  GET /api/v1/flag failed: fetch failed
02:51:15 ERROR  GET /api/v1/flag failed: fetch failed
02:51:16 WARN   api unreachable, retrying (attempt 3/5)
02:51:18 WARN   api unreachable, retrying (attempt 1/5)
02:51:19 WARN   api unreachable, retrying (attempt 4/5)
02:51:22 ERROR  connect ECONNREFUSED 127.0.0.1:3001
02:51:22 WARN   api unreachable, retrying (attempt 3/5)
02:51:23 ERROR  connect ECONNREFUSED 127.0.0.1:3001
02:51:23 ERROR  GET /api/v1/flag failed: fetch failed
02:51:24 ERROR  connect ECONNREFUSED 127.0.0.1:3001
02:51:24 WARN   api unreachable, retrying (attempt 1/5)
02:51:27 ERROR  connect ECONNREFUSED 127.0.0.1:3001
02:51:29 ERROR  GET /api/v1/flag failed: fetch failed
02:51:30 ERROR  connect ECONNREFUSED 127.0.0.1:3001
02:51:30 ERROR  GET /api/v1/flag failed: fetch failed
02:51:32 ERROR  connect ECONNREFUSED 127.0.0.1:3001
02:51:32 WARN   api unreachable, retrying (attempt 3/5)
02:51:34 WARN   api unreachable, retrying (attempt 1/5)
02:51:36 ERROR  connect ECONNREFUSED 127.0.0.1:3001
02:51:37 WARN   api unreachable, retrying (attempt 5/5)
02:51:39 WARN   api unreachable, retrying (attempt 3/5)
02:51:39 ERROR  GET /api/v1/flag failed: fetch failed
02:51:39 ERROR  GET /api/v1/flag failed: fetch failed
02:51:40 ERROR  connect ECONNREFUSED 127.0.0.1:3001
02:51:41 WARN   api unreachable, retrying (attempt 5/5)
02:51:41 ERROR  connect ECONNREFUSED 127.0.0.1:3001
02:51:44 ERROR  connect ECONNREFUSED 127.0.0.1:3001
02:51:45 WARN   api unreachable, retrying (attempt 2/5)
02:51:46 ERROR  GET /api/v1/flag failed: fetch failed
02:51:46 ERROR  connect ECONNREFUSED 127.0.0.1:3001
02:51:47 WARN   api unreachable, retrying (attempt 2/5)
02:51:47 WARN   api unreachable, retrying (attempt 1/5)
02:51:49 ERROR  connect ECONNREFUSED 127.0.0.1:3001
02:51:50 ERROR  connect ECONNREFUSED 127.0.0.1:3001
02:51:50 ERROR  connect ECONNREFUSED 127.0.0.1:3001
02:51:51 WARN   api unreachable, retrying (attempt 3/5)
02:51:55 WARN   api unreachable, retrying (attempt 3/5)
02:51:55 ERROR  connect ECONNREFUSED 127.0.0.1:3001
02:51:56 WARN   api unreachable, retrying (attempt 5/5)
02:52:00 WARN   api unreachable, retrying (attempt 3/5)
02:52:01 ERROR  GET /api/v1/flag failed: fetch failed
02:52:02 ERROR  connect ECONNREFUSED 127.0.0.1:3001
02:52:04 ERROR  connect ECONNREFUSED 127.0.0.1:3001
02:52:05 WARN   api unreachable, retrying (attempt 1/5)
02:52:08 ERROR  GET /api/v1/flag failed: fetch failed
02:52:08 ERROR  GET /api/v1/flag failed: fetch failed
02:52:08 WARN   api unreachable, retrying (attempt 5/5)
02:52:08 ERROR  GET /api/v1/flag failed: fetch failed
02:52:09 ERROR  GET /api/v1/flag failed: fetch failed
02:52:09 ERROR  connect ECONNREFUSED 127.0.0.1:3001
02:52:11 ERROR  GET /api/v1/flag failed: fetch failed
02:52:11 ERROR  GET /api/v1/flag failed: fetch failed
02:52:11 WARN   api unreachable, retrying (attempt 4/5)
02:52:11 ERROR  GET /api/v1/flag failed: fetch failed
02:52:11 ERROR  connect ECONNREFUSED 127.0.0.1:3001
02:52:13 ERROR  GET /api/v1/flag failed: fetch failed
02:52:13 ERROR  connect ECONNREFUSED 127.0.0.1:3001
02:52:14 WARN   api unreachable, retrying (attempt 3/5)
02:52:17 WARN   api unreachable, retrying (attempt 1/5)
02:52:18 ERROR  connect ECONNREFUSED 127.0.0.1:3001
02:52:19 ERROR  connect ECONNREFUSED 127.0.0.1:3001
02:52:20 WARN   api unreachable, retrying (attempt 2/5)
02:52:21 ERROR  connect ECONNREFUSED 127.0.0.1:3001
02:52:21 ERROR  connect ECONNREFUSED 127.0.0.1:3001
02:52:23 ERROR  GET /api/v1/flag failed: fetch failed
02:52:26 WARN   api unreachable, retrying (attempt 2/5)
02:52:29 ERROR  GET /api/v1/flag failed: fetch failed
02:52:30 ERROR  GET /api/v1/flag failed: fetch failed
02:52:31 ERROR  connect ECONNREFUSED 127.0.0.1:3001
02:52:32 ERROR  GET /api/v1/flag failed: fetch failed
02:52:37 ERROR  GET /api/v1/flag failed: fetch failed
02:52:38 WARN   api unreachable, retrying (attempt 1/5)
02:52:38 ERROR  connect ECONNREFUSED 127.0.0.1:3001
02:52:39 ERROR  GET /api/v1/flag failed: fetch failed
02:52:39 WARN   api unreachable, retrying (attempt 3/5)
02:52:41 ERROR  GET /api/v1/flag failed: fetch failed
02:52:42 ERROR  GET /api/v1/flag failed: fetch failed
02:52:43 ERROR  connect ECONNREFUSED 127.0.0.1:3001
02:52:44 WARN   api unreachable, retrying (attempt 1/5)
02:52:46 WARN   api unreachable, retrying (attempt 1/5)
02:52:46 WARN   api unreachable, retrying (attempt 5/5)
02:52:48 ERROR  connect ECONNREFUSED 127.0.0.1:3001
02:52:49 ERROR  GET /api/v1/flag failed: fetch failed
02:52:51 ERROR  GET /api/v1/flag failed: fetch failed
02:52:52 WARN   api unreachable, retrying (attempt 1/5)
02:52:55 WARN   api unreachable, retrying (attempt 4/5)
02:52:58 ERROR  GET /api/v1/flag failed: fetch failed
02:52:59 WARN   api unreachable, retrying (attempt 3/5)
02:53:04 WARN   api unreachable, retrying (attempt 5/5)
02:53:05 ERROR  GET /api/v1/flag failed: fetch failed
02:53:06 ERROR  connect ECONNREFUSED 127.0.0.1:3001
02:53:07 ERROR  GET /api/v1/flag failed: fetch failed
02:53:08 WARN   api unreachable, retrying (attempt 5/5)
02:53:08 ERROR  connect ECONNREFUSED 127.0.0.1:3001
02:53:08 ERROR  connect ECONNREFUSED 127.0.0.1:3001
02:53:08 ERROR  GET /api/v1/flag failed: fetch failed
02:53:09 ERROR  GET /api/v1/flag failed: fetch failed
02:53:10 ERROR  connect ECONNREFUSED 127.0.0.1:3001
02:53:13 WARN   api unreachable, retrying (attempt 3/5)
02:53:16 ERROR  connect ECONNREFUSED 127.0.0.1:3001
02:53:17 ERROR  GET /api/v1/flag failed: fetch failed
02:53:18 ERROR  connect ECONNREFUSED 127.0.0.1:3001
02:53:20 ERROR  connect ECONNREFUSED 127.0.0.1:3001
02:53:23 WARN   api unreachable, retrying (attempt 1/5)
02:53:24 ERROR  GET /api/v1/flag failed: fetch failed
02:53:26 ERROR  connect ECONNREFUSED 127.0.0.1:3001
02:53:27 ERROR  connect ECONNREFUSED 127.0.0.1:3001
02:53:27 WARN   api unreachable, retrying (attempt 3/5)
02:53:30 ERROR  GET /api/v1/flag failed: fetch failed
02:53:30 ERROR  GET /api/v1/flag failed: fetch failed
02:53:32 ERROR  connect ECONNREFUSED 127.0.0.1:3001
02:53:34 ERROR  GET /api/v1/flag failed: fetch failed
02:53:35 ERROR  connect ECONNREFUSED 127.0.0.1:3001
02:53:36 WARN   api unreachable, retrying (attempt 1/5)
02:53:38 ERROR  GET /api/v1/flag failed: fetch failed
02:53:38 WARN   api unreachable, retrying (attempt 3/5)
02:53:41 ERROR  GET /api/v1/flag failed: fetch failed
02:53:42 ERROR  GET /api/v1/flag failed: fetch failed
02:53:46 ERROR  connect ECONNREFUSED 127.0.0.1:3001
02:53:46 ERROR  GET /api/v1/flag failed: fetch failed
02:53:48 ERROR  GET /api/v1/flag failed: fetch failed
02:53:49 ERROR  GET /api/v1/flag failed: fetch failed
02:53:49 ERROR  GET /api/v1/flag failed: fetch failed
02:53:54 WARN   api unreachable, retrying (attempt 3/5)
02:53:55 ERROR  connect ECONNREFUSED 127.0.0.1:3001
02:53:55 ERROR  GET /api/v1/flag failed: fetch failed
02:53:56 ERROR  GET /api/v1/flag failed: fetch failed
02:53:59 WARN   api unreachable, retrying (attempt 4/5)
02:53:59 ERROR  connect ECONNREFUSED 127.0.0.1:3001
02:53:59 ERROR  GET /api/v1/flag failed: fetch failed
02:54:00 ERROR  connect ECONNREFUSED 127.0.0.1:3001
02:54:01 WARN   api unreachable, retrying (attempt 5/5)
02:54:02 WARN   api unreachable, retrying (attempt 2/5)
02:54:04 ERROR  connect ECONNREFUSED 127.0.0.1:3001
02:54:05 WARN   api unreachable, retrying (attempt 4/5)
02:54:09 ERROR  GET /api/v1/flag failed: fetch failed
02:54:10 ERROR  connect ECONNREFUSED 127.0.0.1:3001
02:54:11 ERROR  connect ECONNREFUSED 127.0.0.1:3001
02:54:11 ERROR  GET /api/v1/flag failed: fetch failed
02:54:17 ERROR  GET /api/v1/flag failed: fetch failed
02:54:19 ERROR  GET /api/v1/flag failed: fetch failed
02:54:19 WARN   api unreachable, retrying (attempt 2/5)
02:54:20 ERROR  connect ECONNREFUSED 127.0.0.1:3001
02:54:20 ERROR  GET /api/v1/flag failed: fetch failed
02:54:28 ERROR  connect ECONNREFUSED 127.0.0.1:3001
02:54:30 WARN   api unreachable, retrying (attempt 4/5)
02:54:31 ERROR  connect ECONNREFUSED 127.0.0.1:3001
02:54:32 ERROR  GET /api/v1/flag failed: fetch failed
02:54:33 WARN   api unreachable, retrying (attempt 5/5)
02:54:34 ERROR  connect ECONNREFUSED 127.0.0.1:3001
02:54:35 ERROR  GET /api/v1/flag failed: fetch failed
02:54:38 ERROR  connect ECONNREFUSED 127.0.0.1:3001
02:54:42 ERROR  connect ECONNREFUSED 127.0.0.1:3001
02:54:43 ERROR  connect ECONNREFUSED 127.0.0.1:3001
02:54:44 WARN   api unreachable, retrying (attempt 2/5)
02:54:45 ERROR  GET /api/v1/flag failed: fetch failed
02:54:46 ERROR  GET /api/v1/flag failed: fetch failed
02:54:46 ERROR  GET /api/v1/flag failed: fetch failed
02:54:48 ERROR  connect ECONNREFUSED 127.0.0.1:3001
02:54:49 ERROR  connect ECONNREFUSED 127.0.0.1:3001
02:54:52 ERROR  connect ECONNREFUSED 127.0.0.1:3001
02:54:53 ERROR  GET /api/v1/flag failed: fetch failed
02:54:54 ERROR  GET /api/v1/flag failed: fetch failed
02:54:57 ERROR  connect ECONNREFUSED 127.0.0.1:3001
02:54:57 ERROR  connect ECONNREFUSED 127.0.0.1:3001
02:54:58 ERROR  GET /api/v1/flag failed: fetch failed
02:54:58 ERROR  GET /api/v1/flag failed: fetch failed
02:55:02 WARN   api unreachable, retrying (attempt 3/5)
02:55:02 ERROR  GET /api/v1/flag failed: fetch failed
02:55:03 ERROR  GET /api/v1/flag failed: fetch failed
02:55:05 ERROR  connect ECONNREFUSED 127.0.0.1:3001
02:55:05 ERROR  connect ECONNREFUSED 127.0.0.1:3001
02:55:06 ERROR  connect ECONNREFUSED 127.0.0.1:3001
02:55:14 ERROR  GET /api/v1/flag failed: fetch failed
02:55:15 ERROR  connect ECONNREFUSED 127.0.0.1:3001
02:55:15 WARN   api unreachable, retrying (attempt 1/5)
02:55:16 ERROR  connect ECONNREFUSED 127.0.0.1:3001
02:55:17 ERROR  GET /api/v1/flag failed: fetch failed
02:55:20 ERROR  connect ECONNREFUSED 127.0.0.1:3001
02:55:20 WARN   api unreachable, retrying (attempt 2/5)
02:55:21 WARN   api unreachable, retrying (attempt 3/5)
02:55:21 ERROR  GET /api/v1/flag failed: fetch failed
02:55:22 ERROR  GET /api/v1/flag failed: fetch failed
02:55:25 ERROR  GET /api/v1/flag failed: fetch failed
02:55:26 WARN   api unreachable, retrying (attempt 5/5)
02:55:28 ERROR  GET /api/v1/flag failed: fetch failed
02:55:29 ERROR  GET /api/v1/flag failed: fetch failed
02:55:29 ERROR  connect ECONNREFUSED 127.0.0.1:3001
02:55:31 WARN   api unreachable, retrying (attempt 2/5)
02:55:32 WARN   api unreachable, retrying (attempt 1/5)
02:55:32 ERROR  connect ECONNREFUSED 127.0.0.1:3001
02:55:33 ERROR  GET /api/v1/flag failed: fetch failed
02:55:33 WARN   api unreachable, retrying (attempt 1/5)
02:55:36 ERROR  connect ECONNREFUSED 127.0.0.1:3001
02:55:37 ERROR  GET /api/v1/flag failed: fetch failed
02:55:38 ERROR  connect ECONNREFUSED 127.0.0.1:3001
02:55:40 WARN   api unreachable, retrying (attempt 4/5)
02:55:41 WARN   api unreachable, retrying (attempt 5/5)
02:55:42 ERROR  GET /api/v1/flag failed: fetch failed
02:55:44 ERROR  connect ECONNREFUSED 127.0.0.1:3001
02:55:44 WARN   api unreachable, retrying (attempt 1/5)
02:55:48 ERROR  connect ECONNREFUSED 127.0.0.1:3001
02:55:49 WARN   api unreachable, retrying (attempt 5/5)
02:55:50 ERROR  GET /api/v1/flag failed: fetch failed
02:55:53 ERROR  GET /api/v1/flag failed: fetch failed
02:55:55 WARN   api unreachable, retrying (attempt 2/5)
02:55:55 ERROR  connect ECONNREFUSED 127.0.0.1:3001
02:55:56 ERROR  GET /api/v1/flag failed: fetch failed
02:55:56 ERROR  GET /api/v1/flag failed: fetch failed
02:55:56 ERROR  connect ECONNREFUSED 127.0.0.1:3001
02:55:58 ERROR  GET /api/v1/flag failed: fetch failed
02:55:58 ERROR  GET /api/v1/flag failed: fetch failed
02:55:58 ERROR  connect ECONNREFUSED 127.0.0.1:3001
02:56:00 WARN   api unreachable, retrying (attempt 5/5)
02:56:02 ERROR  GET /api/v1/flag failed: fetch failed
02:56:02 ERROR  GET /api/v1/flag failed: fetch failed
02:56:03 ERROR  GET /api/v1/flag failed: fetch failed
02:56:06 ERROR  connect ECONNREFUSED 127.0.0.1:3001
02:56:10 WARN   api unreachable, retrying (attempt 3/5)
02:56:11 ERROR  GET /api/v1/flag failed: fetch failed
02:56:12 ERROR  connect ECONNREFUSED 127.0.0.1:3001
02:56:16 WARN   api unreachable, retrying (attempt 1/5)
02:56:16 ERROR  connect ECONNREFUSED 127.0.0.1:3001
02:56:17 ERROR  GET /api/v1/flag failed: fetch failed
02:56:21 ERROR  GET /api/v1/flag failed: fetch failed
02:56:22 WARN   api unreachable, retrying (attempt 4/5)
02:56:24 ERROR  connect ECONNREFUSED 127.0.0.1:3001
02:56:31 ERROR  GET /api/v1/flag failed: fetch failed
02:56:31 WARN   api unreachable, retrying (attempt 3/5)
02:56:32 ERROR  connect ECONNREFUSED 127.0.0.1:3001
02:56:33 WARN   api unreachable, retrying (attempt 5/5)
02:56:33 ERROR  connect ECONNREFUSED 127.0.0.1:3001
02:56:34 WARN   api unreachable, retrying (attempt 2/5)
02:56:35 ERROR  connect ECONNREFUSED 127.0.0.1:3001
02:56:36 ERROR  connect ECONNREFUSED 127.0.0.1:3001
02:56:37 ERROR  connect ECONNREFUSED 127.0.0.1:3001
02:56:39 WARN   api unreachable, retrying (attempt 1/5)
02:56:41 ERROR  connect ECONNREFUSED 127.0.0.1:3001
02:56:41 WARN   api unreachable, retrying (attempt 1/5)
02:56:42 WARN   api unreachable, retrying (attempt 1/5)
02:56:43 ERROR  connect ECONNREFUSED 127.0.0.1:3001
02:56:45 ERROR  connect ECONNREFUSED 127.0.0.1:3001
02:56:46 WARN   api unreachable, retrying (attempt 2/5)
02:56:47 WARN   api unreachable, retrying (attempt 4/5)
02:56:49 ERROR  connect ECONNREFUSED 127.0.0.1:3001
02:56:51 ERROR  connect ECONNREFUSED 127.0.0.1:3001
02:56:51 WARN   api unreachable, retrying (attempt 4/5)
02:56:51 WARN   api unreachable, retrying (attempt 4/5)
02:56:53 ERROR  GET /api/v1/flag failed: fetch failed
02:56:55 ERROR  connect ECONNREFUSED 127.0.0.1:3001
02:56:59 ERROR  connect ECONNREFUSED 127.0.0.1:3001
02:57:01 ERROR  connect ECONNREFUSED 127.0.0.1:3001
02:57:02 ERROR  GET /api/v1/flag failed: fetch failed
02:57:03 ERROR  GET /api/v1/flag failed: fetch failed
02:57:05 WARN   api unreachable, retrying (attempt 3/5)
02:57:06 WARN   api unreachable, retrying (attempt 2/5)
02:57:08 WARN   api unreachable, retrying (attempt 2/5)
02:57:11 ERROR  connect ECONNREFUSED 127.0.0.1:3001
02:57:13 WARN   api unreachable, retrying (attempt 1/5)
02:57:13 WARN   api unreachable, retrying (attempt 3/5)
02:57:13 ERROR  GET /api/v1/flag failed: fetch failed
02:57:16 ERROR  connect ECONNREFUSED 127.0.0.1:3001
02:57:18 ERROR  connect ECONNREFUSED 127.0.0.1:3001
02:57:18 ERROR  connect ECONNREFUSED 127.0.0.1:3001
02:57:19 WARN   api unreachable, retrying (attempt 1/5)
02:57:21 ERROR  GET /api/v1/flag failed: fetch failed
02:57:23 WARN   api unreachable, retrying (attempt 5/5)
02:57:26 ERROR  GET /api/v1/flag failed: fetch failed
02:57:27 ERROR  connect ECONNREFUSED 127.0.0.1:3001
02:57:27 WARN   api unreachable, retrying (attempt 2/5)
02:57:28 WARN   api unreachable, retrying (attempt 3/5)
02:57:29 ERROR  GET /api/v1/flag failed: fetch failed
02:57:29 ERROR  connect ECONNREFUSED 127.0.0.1:3001
02:57:29 ERROR  GET /api/v1/flag failed: fetch failed
02:57:34 ERROR  connect ECONNREFUSED 127.0.0.1:3001
02:57:35 WARN   api unreachable, retrying (attempt 2/5)
02:57:38 ERROR  GET /api/v1/flag failed: fetch failed
02:57:40 ERROR  connect ECONNREFUSED 127.0.0.1:3001
02:57:40 ERROR  GET /api/v1/flag failed: fetch failed
02:57:42 WARN   api unreachable, retrying (attempt 3/5)
02:57:44 ERROR  connect ECONNREFUSED 127.0.0.1:3001
02:57:47 WARN   api unreachable, retrying (attempt 3/5)
02:57:49 ERROR  GET /api/v1/flag failed: fetch failed
02:57:52 ERROR  connect ECONNREFUSED 127.0.0.1:3001
02:57:53 ERROR  GET /api/v1/flag failed: fetch failed
02:57:55 ERROR  GET /api/v1/flag failed: fetch failed
02:57:56 WARN   api unreachable, retrying (attempt 1/5)
02:57:57 ERROR  connect ECONNREFUSED 127.0.0.1:3001
02:57:58 ERROR  connect ECONNREFUSED 127.0.0.1:3001
02:58:01 WARN   api unreachable, retrying (attempt 2/5)
02:58:03 ERROR  connect ECONNREFUSED 127.0.0.1:3001
02:58:06 ERROR  GET /api/v1/flag failed: fetch failed
02:58:09 ERROR  connect ECONNREFUSED 127.0.0.1:3001
02:58:09 ERROR  GET /api/v1/flag failed: fetch failed
02:58:11 WARN   api unreachable, retrying (attempt 2/5)
02:58:12 ERROR  connect ECONNREFUSED 127.0.0.1:3001
02:58:13 ERROR  connect ECONNREFUSED 127.0.0.1:3001
02:58:16 ERROR  GET /api/v1/flag failed: fetch failed
02:58:16 ERROR  GET /api/v1/flag failed: fetch failed
02:58:16 ERROR  GET /api/v1/flag failed: fetch failed
02:58:16 ERROR  connect ECONNREFUSED 127.0.0.1:3001
02:58:21 ERROR  connect ECONNREFUSED 127.0.0.1:3001
02:58:22 WARN   api unreachable, retrying (attempt 1/5)
02:58:25 WARN   api unreachable, retrying (attempt 4/5)
02:58:27 WARN   api unreachable, retrying (attempt 1/5)
02:58:27 ERROR  connect ECONNREFUSED 127.0.0.1:3001
02:58:28 ERROR  GET /api/v1/flag failed: fetch failed
02:58:28 ERROR  GET /api/v1/flag failed: fetch failed
02:58:29 ERROR  GET /api/v1/flag failed: fetch failed
02:58:31 ERROR  GET /api/v1/flag failed: fetch failed
02:58:31 ERROR  GET /api/v1/flag failed: fetch failed
02:58:33 ERROR  connect ECONNREFUSED 127.0.0.1:3001
02:58:34 WARN   api unreachable, retrying (attempt 2/5)
02:58:35 ERROR  connect ECONNREFUSED 127.0.0.1:3001
02:58:37 WARN   api unreachable, retrying (attempt 5/5)
02:58:43 ERROR  connect ECONNREFUSED 127.0.0.1:3001
02:58:46 ERROR  connect ECONNREFUSED 127.0.0.1:3001
02:58:47 WARN   api unreachable, retrying (attempt 5/5)
02:58:48 WARN   api unreachable, retrying (attempt 3/5)
02:58:48 WARN   api unreachable, retrying (attempt 2/5)
02:58:48 ERROR  GET /api/v1/flag failed: fetch failed
02:58:48 WARN   api unreachable, retrying (attempt 1/5)
02:58:49 WARN   api unreachable, retrying (attempt 4/5)
02:58:53 ERROR  GET /api/v1/flag failed: fetch failed
02:58:54 ERROR  GET /api/v1/flag failed: fetch failed
02:58:56 WARN   api unreachable, retrying (attempt 3/5)
02:58:58 ERROR  GET /api/v1/flag failed: fetch failed
02:59:02 ERROR  GET /api/v1/flag failed: fetch failed
02:59:06 ERROR  connect ECONNREFUSED 127.0.0.1:3001
02:59:09 ERROR  GET /api/v1/flag failed: fetch failed
02:59:10 ERROR  GET /api/v1/flag failed: fetch failed
02:59:13 ERROR  GET /api/v1/flag failed: fetch failed
02:59:16 WARN   api unreachable, retrying (attempt 1/5)
02:59:21 WARN   api unreachable, retrying (attempt 5/5)
02:59:23 WARN   api unreachable, retrying (attempt 2/5)
02:59:27 WARN   api unreachable, retrying (attempt 2/5)
02:59:28 WARN   api unreachable, retrying (attempt 3/5)
02:59:29 ERROR  GET /api/v1/flag failed: fetch failed
02:59:30 ERROR  connect ECONNREFUSED 127.0.0.1:3001
02:59:32 WARN   api unreachable, retrying (attempt 3/5)
02:59:32 WARN   api unreachable, retrying (attempt 3/5)
02:59:33 ERROR  GET /api/v1/flag failed: fetch failed
02:59:34 ERROR  connect ECONNREFUSED 127.0.0.1:3001
02:59:35 ERROR  connect ECONNREFUSED 127.0.0.1:3001
02:59:36 WARN   api unreachable, retrying (attempt 1/5)
02:59:37 ERROR  connect ECONNREFUSED 127.0.0.1:3001
02:59:39 ERROR  connect ECONNREFUSED 127.0.0.1:3001
02:59:40 ERROR  GET /api/v1/flag failed: fetch failed
02:59:41 WARN   api unreachable, retrying (attempt 2/5)
02:59:43 ERROR  GET /api/v1/flag failed: fetch failed
02:59:45 WARN   api unreachable, retrying (attempt 5/5)
02:59:47 WARN   api unreachable, retrying (attempt 1/5)
02:59:48 ERROR  GET /api/v1/flag failed: fetch failed
02:59:48 WARN   api unreachable, retrying (attempt 3/5)
02:59:48 ERROR  GET /api/v1/flag failed: fetch failed
02:59:49 ERROR  GET /api/v1/flag failed: fetch failed
02:59:50 WARN   api unreachable, retrying (attempt 2/5)
02:59:50 WARN   api unreachable, retrying (attempt 2/5)
02:59:53 ERROR  GET /api/v1/flag failed: fetch failed
02:59:53 ERROR  connect ECONNREFUSED 127.0.0.1:3001
02:59:54 WARN   api unreachable, retrying (attempt 2/5)
02:59:56 WARN   api unreachable, retrying (attempt 2/5)
03:00:00 WARN   api unreachable, retrying (attempt 3/5)
03:00:02 ERROR  connect ECONNREFUSED 127.0.0.1:3001
03:00:03 ERROR  connect ECONNREFUSED 127.0.0.1:3001
03:00:06 WARN   api unreachable, retrying (attempt 4/5)
03:00:06 ERROR  GET /api/v1/flag failed: fetch failed
03:00:06 ERROR  GET /api/v1/flag failed: fetch failed
03:00:10 ERROR  GET /api/v1/flag failed: fetch failed
03:00:11 ERROR  connect ECONNREFUSED 127.0.0.1:3001
03:00:13 WARN   api unreachable, retrying (attempt 5/5)
03:00:14 ERROR  connect ECONNREFUSED 127.0.0.1:3001
03:00:14 WARN   api unreachable, retrying (attempt 3/5)
03:00:15 ERROR  connect ECONNREFUSED 127.0.0.1:3001
03:00:15 ERROR  GET /api/v1/flag failed: fetch failed
03:00:15 WARN   api unreachable, retrying (attempt 1/5)
03:00:17 ERROR  GET /api/v1/flag failed: fetch failed
03:00:17 ERROR  GET /api/v1/flag failed: fetch failed
03:00:17 ERROR  connect ECONNREFUSED 127.0.0.1:3001
03:00:19 ERROR  GET /api/v1/flag failed: fetch failed
03:00:22 WARN   api unreachable, retrying (attempt 5/5)
03:00:22 ERROR  GET /api/v1/flag failed: fetch failed
03:00:27 ERROR  GET /api/v1/flag failed: fetch failed
03:00:31 ERROR  GET /api/v1/flag failed: fetch failed
03:00:31 ERROR  connect ECONNREFUSED 127.0.0.1:3001
03:00:31 WARN   api unreachable, retrying (attempt 2/5)
03:00:31 ERROR  GET /api/v1/flag failed: fetch failed
03:00:32 ERROR  connect ECONNREFUSED 127.0.0.1:3001
03:00:32 WARN   api unreachable, retrying (attempt 3/5)
03:00:33 ERROR  GET /api/v1/flag failed: fetch failed
03:00:34 ERROR  GET /api/v1/flag failed: fetch failed
03:00:34 ERROR  connect ECONNREFUSED 127.0.0.1:3001
03:00:35 ERROR  connect ECONNREFUSED 127.0.0.1:3001
03:00:35 ERROR  GET /api/v1/flag failed: fetch failed
03:00:36 ERROR  connect ECONNREFUSED 127.0.0.1:3001
03:00:37 ERROR  connect ECONNREFUSED 127.0.0.1:3001
03:00:37 ERROR  GET /api/v1/flag failed: fetch failed
03:00:38 WARN   api unreachable, retrying (attempt 1/5)
03:00:38 ERROR  GET /api/v1/flag failed: fetch failed
03:00:41 WARN   api unreachable, retrying (attempt 2/5)
03:00:42 ERROR  connect ECONNREFUSED 127.0.0.1:3001
03:00:46 ERROR  connect ECONNREFUSED 127.0.0.1:3001
03:00:46 ERROR  GET /api/v1/flag failed: fetch failed
03:00:47 ERROR  GET /api/v1/flag failed: fetch failed
03:00:51 WARN   api unreachable, retrying (attempt 4/5)
03:00:55 ERROR  GET /api/v1/flag failed: fetch failed
03:00:58 ERROR  connect ECONNREFUSED 127.0.0.1:3001
03:01:00 ERROR  GET /api/v1/flag failed: fetch failed
03:01:01 ERROR  connect ECONNREFUSED 127.0.0.1:3001
03:01:01 WARN   api unreachable, retrying (attempt 3/5)
03:01:03 WARN   api unreachable, retrying (attempt 3/5)
03:01:04 ERROR  connect ECONNREFUSED 127.0.0.1:3001
03:01:06 WARN   api unreachable, retrying (attempt 5/5)
03:01:08 WARN   api unreachable, retrying (attempt 1/5)
03:01:09 ERROR  GET /api/v1/flag failed: fetch failed
03:01:10 WARN   api unreachable, retrying (attempt 1/5)
03:01:13 ERROR  GET /api/v1/flag failed: fetch failed
03:01:14 ERROR  GET /api/v1/flag failed: fetch failed
03:01:15 ERROR  GET /api/v1/flag failed: fetch failed
03:01:16 ERROR  GET /api/v1/flag failed: fetch failed
03:01:18 ERROR  GET /api/v1/flag failed: fetch failed
03:01:19 ERROR  GET /api/v1/flag failed: fetch failed
03:01:21 ERROR  GET /api/v1/flag failed: fetch failed
03:01:33 ERROR  GET /api/v1/flag failed: fetch failed
03:01:34 WARN   api unreachable, retrying (attempt 4/5)
03:01:35 ERROR  connect ECONNREFUSED 127.0.0.1:3001
03:01:40 WARN   api unreachable, retrying (attempt 4/5)
03:01:45 ERROR  GET /api/v1/flag failed: fetch failed
03:01:45 ERROR  connect ECONNREFUSED 127.0.0.1:3001
03:01:45 ERROR  GET /api/v1/flag failed: fetch failed
03:01:46 ERROR  GET /api/v1/flag failed: fetch failed
03:01:47 ERROR  connect ECONNREFUSED 127.0.0.1:3001
03:01:49 WARN   api unreachable, retrying (attempt 3/5)
03:01:50 ERROR  GET /api/v1/flag failed: fetch failed
03:01:51 WARN   api unreachable, retrying (attempt 3/5)
03:01:51 ERROR  connect ECONNREFUSED 127.0.0.1:3001
03:01:55 WARN   api unreachable, retrying (attempt 3/5)
03:01:55 ERROR  connect ECONNREFUSED 127.0.0.1:3001
03:01:57 WARN   api unreachable, retrying (attempt 5/5)
03:01:58 ERROR  connect ECONNREFUSED 127.0.0.1:3001
03:02:02 ERROR  connect ECONNREFUSED 127.0.0.1:3001
03:02:03 ERROR  GET /api/v1/flag failed: fetch failed
03:02:06 WARN   api unreachable, retrying (attempt 5/5)
03:02:07 WARN   api unreachable, retrying (attempt 4/5)
03:02:08 ERROR  connect ECONNREFUSED 127.0.0.1:3001
03:02:10 ERROR  connect ECONNREFUSED 127.0.0.1:3001
03:02:10 WARN   api unreachable, retrying (attempt 4/5)
03:02:11 WARN   api unreachable, retrying (attempt 5/5)
03:02:12 WARN   api unreachable, retrying (attempt 4/5)
03:02:12 ERROR  connect ECONNREFUSED 127.0.0.1:3001
03:02:14 WARN   api unreachable, retrying (attempt 4/5)
03:02:15 ERROR  GET /api/v1/flag failed: fetch failed
03:02:15 WARN   api unreachable, retrying (attempt 1/5)
03:02:16 ERROR  GET /api/v1/flag failed: fetch failed
03:02:16 WARN   api unreachable, retrying (attempt 4/5)
03:02:17 WARN   api unreachable, retrying (attempt 3/5)
03:02:17 WARN   api unreachable, retrying (attempt 4/5)
03:02:17 ERROR  connect ECONNREFUSED 127.0.0.1:3001
03:02:18 ERROR  GET /api/v1/flag failed: fetch failed
03:02:18 ERROR  GET /api/v1/flag failed: fetch failed
03:02:21 ERROR  connect ECONNREFUSED 127.0.0.1:3001
03:02:24 ERROR  connect ECONNREFUSED 127.0.0.1:3001
03:02:26 WARN   api unreachable, retrying (attempt 2/5)
03:02:32 WARN   api unreachable, retrying (attempt 3/5)
03:02:33 ERROR  connect ECONNREFUSED 127.0.0.1:3001
03:02:33 ERROR  GET /api/v1/flag failed: fetch failed
03:02:34 ERROR  GET /api/v1/flag failed: fetch failed
03:02:34 WARN   api unreachable, retrying (attempt 2/5)
03:02:36 ERROR  GET /api/v1/flag failed: fetch failed
03:02:36 ERROR  connect ECONNREFUSED 127.0.0.1:3001
03:02:39 ERROR  GET /api/v1/flag failed: fetch failed
03:02:41 WARN   api unreachable, retrying (attempt 3/5)
03:02:42 ERROR  connect ECONNREFUSED 127.0.0.1:3001
03:02:42 WARN   api unreachable, retrying (attempt 2/5)
03:02:50 ERROR  connect ECONNREFUSED 127.0.0.1:3001
03:02:51 ERROR  GET /api/v1/flag failed: fetch failed
03:02:51 ERROR  GET /api/v1/flag failed: fetch failed
03:02:54 ERROR  connect ECONNREFUSED 127.0.0.1:3001
03:02:56 WARN   api unreachable, retrying (attempt 5/5)
03:02:56 WARN   api unreachable, retrying (attempt 5/5)
03:02:57 ERROR  GET /api/v1/flag failed: fetch failed
03:02:57 ERROR  GET /api/v1/flag failed: fetch failed
03:03:01 WARN   api unreachable, retrying (attempt 3/5)
03:03:02 WARN   api unreachable, retrying (attempt 4/5)
03:03:05 WARN   api unreachable, retrying (attempt 5/5)
03:03:05 ERROR  GET /api/v1/flag failed: fetch failed
03:03:06 ERROR  GET /api/v1/flag failed: fetch failed
03:03:06 ERROR  GET /api/v1/flag failed: fetch failed
03:03:06 ERROR  GET /api/v1/flag failed: fetch failed
03:03:08 WARN   api unreachable, retrying (attempt 1/5)
03:03:09 ERROR  GET /api/v1/flag failed: fetch failed
03:03:10 ERROR  connect ECONNREFUSED 127.0.0.1:3001
03:03:19 ERROR  GET /api/v1/flag failed: fetch failed
03:03:23 ERROR  GET /api/v1/flag failed: fetch failed
03:03:24 ERROR  GET /api/v1/flag failed: fetch failed
03:03:26 ERROR  connect ECONNREFUSED 127.0.0.1:3001
03:03:26 WARN   api unreachable, retrying (attempt 1/5)
03:03:27 WARN   api unreachable, retrying (attempt 5/5)
03:03:28 ERROR  GET /api/v1/flag failed: fetch failed
03:03:30 WARN   api unreachable, retrying (attempt 1/5)
03:03:31 ERROR  GET /api/v1/flag failed: fetch failed
03:03:32 ERROR  connect ECONNREFUSED 127.0.0.1:3001
03:03:36 ERROR  GET /api/v1/flag failed: fetch failed
03:03:38 WARN   api unreachable, retrying (attempt 1/5)
03:03:39 ERROR  GET /api/v1/flag failed: fetch failed
03:03:41 WARN   api unreachable, retrying (attempt 4/5)
03:03:41 ERROR  GET /api/v1/flag failed: fetch failed
03:03:41 ERROR  connect ECONNREFUSED 127.0.0.1:3001
03:03:46 WARN   api unreachable, retrying (attempt 1/5)
03:03:50 ERROR  connect ECONNREFUSED 127.0.0.1:3001
03:03:51 ERROR  GET /api/v1/flag failed: fetch failed
03:03:56 WARN   api unreachable, retrying (attempt 3/5)
03:03:57 ERROR  connect ECONNREFUSED 127.0.0.1:3001
03:03:58 WARN   api unreachable, retrying (attempt 5/5)
03:03:59 ERROR  GET /api/v1/flag failed: fetch failed
03:04:02 ERROR  GET /api/v1/flag failed: fetch failed
03:04:05 WARN   api unreachable, retrying (attempt 4/5)
03:04:06 WARN   api unreachable, retrying (attempt 2/5)
03:04:07 ERROR  connect ECONNREFUSED 127.0.0.1:3001
03:04:08 WARN   api unreachable, retrying (attempt 2/5)
03:04:08 ERROR  connect ECONNREFUSED 127.0.0.1:3001
03:04:09 ERROR  GET /api/v1/flag failed: fetch failed
03:04:10 ERROR  GET /api/v1/flag failed: fetch failed
03:04:11 ERROR  GET /api/v1/flag failed: fetch failed
03:04:12 ERROR  GET /api/v1/flag failed: fetch failed
03:04:13 ERROR  connect ECONNREFUSED 127.0.0.1:3001
03:04:18 WARN   api unreachable, retrying (attempt 2/5)
03:04:18 WARN   api unreachable, retrying (attempt 4/5)
03:04:19 ERROR  GET /api/v1/flag failed: fetch failed
03:04:19 ERROR  connect ECONNREFUSED 127.0.0.1:3001
03:04:19 ERROR  connect ECONNREFUSED 127.0.0.1:3001
03:04:20 ERROR  connect ECONNREFUSED 127.0.0.1:3001
03:04:21 WARN   api unreachable, retrying (attempt 3/5)
03:04:24 ERROR  GET /api/v1/flag failed: fetch failed
03:04:26 ERROR  connect ECONNREFUSED 127.0.0.1:3001
03:04:26 ERROR  GET /api/v1/flag failed: fetch failed
03:04:27 WARN   api unreachable, retrying (attempt 1/5)
03:04:27 ERROR  connect ECONNREFUSED 127.0.0.1:3001
03:04:28 ERROR  connect ECONNREFUSED 127.0.0.1:3001
03:04:32 ERROR  connect ECONNREFUSED 127.0.0.1:3001
03:04:32 WARN   api unreachable, retrying (attempt 3/5)
03:04:33 ERROR  GET /api/v1/flag failed: fetch failed
03:04:34 ERROR  GET /api/v1/flag failed: fetch failed
03:04:37 ERROR  connect ECONNREFUSED 127.0.0.1:3001
03:04:38 ERROR  GET /api/v1/flag failed: fetch failed
03:04:38 ERROR  connect ECONNREFUSED 127.0.0.1:3001
03:04:44 ERROR  connect ECONNREFUSED 127.0.0.1:3001
03:04:47 WARN   api unreachable, retrying (attempt 2/5)
03:04:48 ERROR  GET /api/v1/flag failed: fetch failed
03:04:49 ERROR  connect ECONNREFUSED 127.0.0.1:3001
03:04:53 ERROR  connect ECONNREFUSED 127.0.0.1:3001
03:04:53 WARN   api unreachable, retrying (attempt 5/5)
03:04:55 WARN   api unreachable, retrying (attempt 5/5)
03:04:59 WARN   api unreachable, retrying (attempt 5/5)
03:05:02 ERROR  connect ECONNREFUSED 127.0.0.1:3001
03:05:06 ERROR  GET /api/v1/flag failed: fetch failed
03:05:08 WARN   api unreachable, retrying (attempt 4/5)
03:05:11 ERROR  connect ECONNREFUSED 127.0.0.1:3001
03:05:11 ERROR  GET /api/v1/flag failed: fetch failed
03:05:11 ERROR  connect ECONNREFUSED 127.0.0.1:3001
03:05:12 WARN   api unreachable, retrying (attempt 1/5)
03:05:15 ERROR  GET /api/v1/flag failed: fetch failed
03:05:16 WARN   api unreachable, retrying (attempt 1/5)
03:05:16 ERROR  GET /api/v1/flag failed: fetch failed
03:05:16 ERROR  GET /api/v1/flag failed: fetch failed
03:05:19 ERROR  GET /api/v1/flag failed: fetch failed
03:05:20 WARN   api unreachable, retrying (attempt 2/5)
03:05:25 WARN   api unreachable, retrying (attempt 4/5)
03:05:27 ERROR  connect ECONNREFUSED 127.0.0.1:3001
03:05:27 ERROR  connect ECONNREFUSED 127.0.0.1:3001
03:05:27 ERROR  GET /api/v1/flag failed: fetch failed
03:05:27 WARN   api unreachable, retrying (attempt 3/5)
03:05:28 WARN   api unreachable, retrying (attempt 1/5)
03:05:30 ERROR  GET /api/v1/flag failed: fetch failed
03:05:31 ERROR  connect ECONNREFUSED 127.0.0.1:3001
03:05:32 ERROR  GET /api/v1/flag failed: fetch failed
03:05:33 ERROR  GET /api/v1/flag failed: fetch failed
03:05:35 ERROR  connect ECONNREFUSED 127.0.0.1:3001
03:05:36 WARN   api unreachable, retrying (attempt 2/5)
03:05:37 WARN   api unreachable, retrying (attempt 1/5)
03:05:38 ERROR  connect ECONNREFUSED 127.0.0.1:3001
03:05:40 ERROR  GET /api/v1/flag failed: fetch failed
03:05:41 ERROR  connect ECONNREFUSED 127.0.0.1:3001
03:05:43 WARN   api unreachable, retrying (attempt 5/5)
03:05:44 WARN   api unreachable, retrying (attempt 3/5)
03:05:45 ERROR  connect ECONNREFUSED 127.0.0.1:3001
03:05:47 ERROR  connect ECONNREFUSED 127.0.0.1:3001
03:05:48 ERROR  GET /api/v1/flag failed: fetch failed
03:05:49 WARN   api unreachable, retrying (attempt 3/5)
03:05:49 WARN   api unreachable, retrying (attempt 4/5)
03:05:49 ERROR  connect ECONNREFUSED 127.0.0.1:3001
03:05:53 WARN   api unreachable, retrying (attempt 2/5)
03:05:55 ERROR  GET /api/v1/flag failed: fetch failed
03:05:56 WARN   api unreachable, retrying (attempt 3/5)
03:05:57 WARN   api unreachable, retrying (attempt 4/5)
03:05:57 ERROR  GET /api/v1/flag failed: fetch failed
03:05:58 ERROR  GET /api/v1/flag failed: fetch failed
03:05:59 ERROR  connect ECONNREFUSED 127.0.0.1:3001
03:06:00 WARN   api unreachable, retrying (attempt 2/5)
03:06:01 ERROR  connect ECONNREFUSED 127.0.0.1:3001
03:06:02 WARN   api unreachable, retrying (attempt 3/5)
03:06:05 ERROR  GET /api/v1/flag failed: fetch failed
03:06:06 WARN   api unreachable, retrying (attempt 5/5)
03:06:06 WARN   api unreachable, retrying (attempt 2/5)
03:06:10 WARN   api unreachable, retrying (attempt 1/5)
03:06:11 ERROR  GET /api/v1/flag failed: fetch failed
03:06:15 WARN   api unreachable, retrying (attempt 3/5)
03:06:22 ERROR  GET /api/v1/flag failed: fetch failed
03:06:24 WARN   api unreachable, retrying (attempt 5/5)
03:06:25 ERROR  connect ECONNREFUSED 127.0.0.1:3001
03:06:26 ERROR  GET /api/v1/flag failed: fetch failed
03:06:28 WARN   api unreachable, retrying (attempt 2/5)
03:06:31 ERROR  GET /api/v1/flag failed: fetch failed
03:06:35 ERROR  connect ECONNREFUSED 127.0.0.1:3001
03:06:35 ERROR  GET /api/v1/flag failed: fetch failed
03:06:36 ERROR  connect ECONNREFUSED 127.0.0.1:3001
03:06:39 WARN   api unreachable, retrying (attempt 5/5)
03:06:42 WARN   api unreachable, retrying (attempt 5/5)
03:06:44 ERROR  connect ECONNREFUSED 127.0.0.1:3001
03:06:44 ERROR  GET /api/v1/flag failed: fetch failed
03:06:44 ERROR  GET /api/v1/flag failed: fetch failed
03:06:45 ERROR  GET /api/v1/flag failed: fetch failed
03:06:45 ERROR  connect ECONNREFUSED 127.0.0.1:3001
03:06:46 WARN   api unreachable, retrying (attempt 2/5)
03:06:48 ERROR  GET /api/v1/flag failed: fetch failed
03:06:48 ERROR  GET /api/v1/flag failed: fetch failed
03:06:48 ERROR  GET /api/v1/flag failed: fetch failed
03:06:50 ERROR  GET /api/v1/flag failed: fetch failed
03:06:51 WARN   api unreachable, retrying (attempt 5/5)
03:06:58 ERROR  GET /api/v1/flag failed: fetch failed
03:06:59 WARN   api unreachable, retrying (attempt 4/5)
03:07:02 ERROR  connect ECONNREFUSED 127.0.0.1:3001
03:07:02 WARN   api unreachable, retrying (attempt 4/5)
03:07:03 ERROR  connect ECONNREFUSED 127.0.0.1:3001
03:07:03 ERROR  connect ECONNREFUSED 127.0.0.1:3001
03:07:04 ERROR  GET /api/v1/flag failed: fetch failed
03:07:05 ERROR  connect ECONNREFUSED 127.0.0.1:3001
03:07:06 WARN   api unreachable, retrying (attempt 4/5)
03:07:07 ERROR  connect ECONNREFUSED 127.0.0.1:3001
03:07:12 ERROR  GET /api/v1/flag failed: fetch failed
03:07:13 WARN   api unreachable, retrying (attempt 3/5)
03:07:14 WARN   api unreachable, retrying (attempt 5/5)
03:07:14 WARN   api unreachable, retrying (attempt 3/5)
03:07:15 ERROR  GET /api/v1/flag failed: fetch failed
03:07:15 ERROR  connect ECONNREFUSED 127.0.0.1:3001
03:07:18 WARN   api unreachable, retrying (attempt 4/5)
03:07:20 WARN   api unreachable, retrying (attempt 1/5)
03:07:20 ERROR  GET /api/v1/flag failed: fetch failed
03:07:20 WARN   api unreachable, retrying (attempt 2/5)
03:07:20 ERROR  GET /api/v1/flag failed: fetch failed
03:07:21 WARN   api unreachable, retrying (attempt 4/5)
03:07:24 ERROR  GET /api/v1/flag failed: fetch failed
03:07:24 ERROR  connect ECONNREFUSED 127.0.0.1:3001
03:07:28 ERROR  GET /api/v1/flag failed: fetch failed
03:07:28 WARN   api unreachable, retrying (attempt 4/5)
03:07:28 ERROR  GET /api/v1/flag failed: fetch failed
03:07:29 WARN   api unreachable, retrying (attempt 4/5)
03:07:30 ERROR  GET /api/v1/flag failed: fetch failed
03:07:30 ERROR  GET /api/v1/flag failed: fetch failed
03:07:31 WARN   api unreachable, retrying (attempt 3/5)
03:07:32 ERROR  GET /api/v1/flag failed: fetch failed
03:07:39 WARN   api unreachable, retrying (attempt 1/5)
03:07:43 ERROR  connect ECONNREFUSED 127.0.0.1:3001
03:07:43 ERROR  connect ECONNREFUSED 127.0.0.1:3001
03:07:45 ERROR  connect ECONNREFUSED 127.0.0.1:3001
03:07:52 ERROR  GET /api/v1/flag failed: fetch failed
03:07:53 ERROR  connect ECONNREFUSED 127.0.0.1:3001
03:07:55 ERROR  GET /api/v1/flag failed: fetch failed
03:07:56 ERROR  connect ECONNREFUSED 127.0.0.1:3001
03:07:58 ERROR  connect ECONNREFUSED 127.0.0.1:3001
03:07:58 WARN   api unreachable, retrying (attempt 3/5)
03:08:01 WARN   api unreachable, retrying (attempt 5/5)
03:08:02 WARN   api unreachable, retrying (attempt 2/5)
03:08:08 WARN   api unreachable, retrying (attempt 2/5)
03:08:10 WARN   api unreachable, retrying (attempt 2/5)
03:08:10 ERROR  connect ECONNREFUSED 127.0.0.1:3001
03:08:11 WARN   api unreachable, retrying (attempt 4/5)
03:08:12 ERROR  connect ECONNREFUSED 127.0.0.1:3001
03:08:13 WARN   api unreachable, retrying (attempt 2/5)
03:08:14 ERROR  connect ECONNREFUSED 127.0.0.1:3001
03:08:15 WARN   api unreachable, retrying (attempt 1/5)
03:08:17 ERROR  connect ECONNREFUSED 127.0.0.1:3001
03:08:17 ERROR  connect ECONNREFUSED 127.0.0.1:3001
03:08:19 WARN   api unreachable, retrying (attempt 3/5)
03:08:20 WARN   api unreachable, retrying (attempt 5/5)
03:08:24 ERROR  GET /api/v1/flag failed: fetch failed
03:08:24 WARN   api unreachable, retrying (attempt 1/5)
03:08:24 WARN   api unreachable, retrying (attempt 4/5)
03:08:25 ERROR  GET /api/v1/flag failed: fetch failed
03:08:26 WARN   api unreachable, retrying (attempt 3/5)
03:08:27 WARN   api unreachable, retrying (attempt 5/5)
03:08:28 ERROR  connect ECONNREFUSED 127.0.0.1:3001
03:08:28 ERROR  GET /api/v1/flag failed: fetch failed
03:08:29 WARN   api unreachable, retrying (attempt 2/5)
03:08:29 ERROR  GET /api/v1/flag failed: fetch failed
03:08:32 ERROR  connect ECONNREFUSED 127.0.0.1:3001
03:08:34 ERROR  connect ECONNREFUSED 127.0.0.1:3001
03:08:34 ERROR  GET /api/v1/flag failed: fetch failed
03:08:35 ERROR  GET /api/v1/flag failed: fetch failed
03:08:38 ERROR  connect ECONNREFUSED 127.0.0.1:3001
03:08:38 ERROR  GET /api/v1/flag failed: fetch failed
03:08:39 ERROR  connect ECONNREFUSED 127.0.0.1:3001
03:08:39 WARN   api unreachable, retrying (attempt 3/5)
03:08:40 ERROR  GET /api/v1/flag failed: fetch failed
03:08:44 WARN   api unreachable, retrying (attempt 1/5)
03:08:45 WARN   api unreachable, retrying (attempt 2/5)
03:08:45 ERROR  GET /api/v1/flag failed: fetch failed
03:08:47 WARN   api unreachable, retrying (attempt 4/5)
03:08:48 ERROR  GET /api/v1/flag failed: fetch failed
03:08:51 ERROR  connect ECONNREFUSED 127.0.0.1:3001
03:08:53 ERROR  connect ECONNREFUSED 127.0.0.1:3001
03:08:56 ERROR  GET /api/v1/flag failed: fetch failed
03:09:00 WARN   api unreachable, retrying (attempt 1/5)
03:09:00 ERROR  GET /api/v1/flag failed: fetch failed
03:09:00 WARN   api unreachable, retrying (attempt 4/5)
03:09:02 ERROR  connect ECONNREFUSED 127.0.0.1:3001
03:09:06 WARN   api unreachable, retrying (attempt 1/5)
03:09:08 WARN   api unreachable, retrying (attempt 4/5)
03:09:09 ERROR  GET /api/v1/flag failed: fetch failed
03:09:12 ERROR  connect ECONNREFUSED 127.0.0.1:3001
03:09:15 ERROR  connect ECONNREFUSED 127.0.0.1:3001
03:09:16 WARN   api unreachable, retrying (attempt 2/5)
03:09:16 ERROR  GET /api/v1/flag failed: fetch failed
03:09:17 WARN   api unreachable, retrying (attempt 4/5)
03:09:19 WARN   api unreachable, retrying (attempt 1/5)
03:09:21 ERROR  connect ECONNREFUSED 127.0.0.1:3001
03:09:21 ERROR  connect ECONNREFUSED 127.0.0.1:3001
03:09:22 ERROR  connect ECONNREFUSED 127.0.0.1:3001
03:09:24 ERROR  connect ECONNREFUSED 127.0.0.1:3001
03:09:25 ERROR  connect ECONNREFUSED 127.0.0.1:3001
03:09:26 ERROR  GET /api/v1/flag failed: fetch failed
03:09:27 WARN   api unreachable, retrying (attempt 5/5)
03:09:27 ERROR  GET /api/v1/flag failed: fetch failed
03:09:29 WARN   api unreachable, retrying (attempt 5/5)
03:09:31 ERROR  connect ECONNREFUSED 127.0.0.1:3001
03:09:33 ERROR  connect ECONNREFUSED 127.0.0.1:3001
03:09:33 WARN   api unreachable, retrying (attempt 1/5)
03:09:33 ERROR  connect ECONNREFUSED 127.0.0.1:3001
03:09:33 WARN   api unreachable, retrying (attempt 1/5)
03:09:38 WARN   api unreachable, retrying (attempt 1/5)
03:09:39 ERROR  connect ECONNREFUSED 127.0.0.1:3001
03:09:39 ERROR  connect ECONNREFUSED 127.0.0.1:3001
03:09:39 WARN   api unreachable, retrying (attempt 1/5)
03:09:40 ERROR  GET /api/v1/flag failed: fetch failed
03:09:40 ERROR  connect ECONNREFUSED 127.0.0.1:3001
03:09:41 ERROR  connect ECONNREFUSED 127.0.0.1:3001
03:09:43 WARN   api unreachable, retrying (attempt 3/5)
03:09:47 WARN   api unreachable, retrying (attempt 2/5)
03:09:48 WARN   api unreachable, retrying (attempt 3/5)
03:09:50 ERROR  GET /api/v1/flag failed: fetch failed
03:09:51 WARN   api unreachable, retrying (attempt 1/5)
03:09:56 ERROR  GET /api/v1/flag failed: fetch failed
03:10:02 ERROR  GET /api/v1/flag failed: fetch failed
03:10:02 ERROR  GET /api/v1/flag failed: fetch failed
03:10:03 ERROR  connect ECONNREFUSED 127.0.0.1:3001
03:10:04 ERROR  GET /api/v1/flag failed: fetch failed
03:10:06 WARN   api unreachable, retrying (attempt 3/5)
03:10:09 ERROR  GET /api/v1/flag failed: fetch failed
03:10:11 ERROR  GET /api/v1/flag failed: fetch failed
03:10:12 ERROR  GET /api/v1/flag failed: fetch failed
03:10:12 ERROR  connect ECONNREFUSED 127.0.0.1:3001
03:10:13 ERROR  connect ECONNREFUSED 127.0.0.1:3001
03:10:15 ERROR  GET /api/v1/flag failed: fetch failed
03:10:15 WARN   api unreachable, retrying (attempt 2/5)
03:10:17 ERROR  GET /api/v1/flag failed: fetch failed
03:10:17 ERROR  connect ECONNREFUSED 127.0.0.1:3001
03:10:18 ERROR  GET /api/v1/flag failed: fetch failed
03:10:23 ERROR  GET /api/v1/flag failed: fetch failed
03:10:25 ERROR  connect ECONNREFUSED 127.0.0.1:3001
03:10:27 ERROR  connect ECONNREFUSED 127.0.0.1:3001
03:10:30 ERROR  connect ECONNREFUSED 127.0.0.1:3001
03:10:33 ERROR  GET /api/v1/flag failed: fetch failed
03:10:35 ERROR  connect ECONNREFUSED 127.0.0.1:3001
03:10:36 WARN   api unreachable, retrying (attempt 2/5)
03:10:37 ERROR  GET /api/v1/flag failed: fetch failed
03:10:39 ERROR  GET /api/v1/flag failed: fetch failed
03:10:42 ERROR  connect ECONNREFUSED 127.0.0.1:3001
03:10:43 ERROR  connect ECONNREFUSED 127.0.0.1:3001
03:10:47 ERROR  connect ECONNREFUSED 127.0.0.1:3001
03:10:47 WARN   api unreachable, retrying (attempt 2/5)
03:10:48 ERROR  GET /api/v1/flag failed: fetch failed
03:10:48 ERROR  connect ECONNREFUSED 127.0.0.1:3001
03:10:51 WARN   api unreachable, retrying (attempt 5/5)
03:10:52 WARN   api unreachable, retrying (attempt 3/5)
03:10:53 ERROR  GET /api/v1/flag failed: fetch failed
03:10:54 ERROR  connect ECONNREFUSED 127.0.0.1:3001
03:10:56 ERROR  GET /api/v1/flag failed: fetch failed
03:10:56 WARN   api unreachable, retrying (attempt 5/5)
03:10:58 ERROR  connect ECONNREFUSED 127.0.0.1:3001
03:11:04 WARN   api unreachable, retrying (attempt 2/5)
03:11:05 ERROR  connect ECONNREFUSED 127.0.0.1:3001
03:11:07 ERROR  connect ECONNREFUSED 127.0.0.1:3001
03:11:09 ERROR  connect ECONNREFUSED 127.0.0.1:3001
03:11:09 ERROR  connect ECONNREFUSED 127.0.0.1:3001
03:11:09 WARN   api unreachable, retrying (attempt 2/5)
03:11:10 ERROR  GET /api/v1/flag failed: fetch failed
03:11:11 ERROR  connect ECONNREFUSED 127.0.0.1:3001
03:11:11 ERROR  connect ECONNREFUSED 127.0.0.1:3001
03:11:11 ERROR  connect ECONNREFUSED 127.0.0.1:3001
03:11:12 WARN   api unreachable, retrying (attempt 1/5)
03:11:13 ERROR  GET /api/v1/flag failed: fetch failed
03:11:13 WARN   api unreachable, retrying (attempt 3/5)
03:11:15 ERROR  connect ECONNREFUSED 127.0.0.1:3001
03:11:20 ERROR  GET /api/v1/flag failed: fetch failed
03:11:23 ERROR  connect ECONNREFUSED 127.0.0.1:3001
03:11:23 ERROR  connect ECONNREFUSED 127.0.0.1:3001
03:11:25 WARN   api unreachable, retrying (attempt 3/5)
03:11:27 ERROR  connect ECONNREFUSED 127.0.0.1:3001
03:11:29 WARN   api unreachable, retrying (attempt 4/5)
03:11:30 ERROR  GET /api/v1/flag failed: fetch failed
03:11:32 ERROR  connect ECONNREFUSED 127.0.0.1:3001
03:11:32 ERROR  GET /api/v1/flag failed: fetch failed
03:11:33 WARN   api unreachable, retrying (attempt 2/5)
03:11:34 ERROR  GET /api/v1/flag failed: fetch failed
03:11:37 ERROR  connect ECONNREFUSED 127.0.0.1:3001
03:11:38 WARN   api unreachable, retrying (attempt 3/5)
03:11:44 ERROR  connect ECONNREFUSED 127.0.0.1:3001
03:11:44 ERROR  connect ECONNREFUSED 127.0.0.1:3001
03:11:44 ERROR  GET /api/v1/flag failed: fetch failed
03:11:44 ERROR  connect ECONNREFUSED 127.0.0.1:3001
03:11:46 ERROR  connect ECONNREFUSED 127.0.0.1:3001
03:11:46 WARN   api unreachable, retrying (attempt 4/5)
03:11:47 WARN   api unreachable, retrying (attempt 3/5)
03:11:47 ERROR  GET /api/v1/flag failed: fetch failed
03:11:47 WARN   api unreachable, retrying (attempt 1/5)
03:11:48 ERROR  connect ECONNREFUSED 127.0.0.1:3001
03:11:49 ERROR  GET /api/v1/flag failed: fetch failed
03:11:50 ERROR  GET /api/v1/flag failed: fetch failed
03:11:53 WARN   api unreachable, retrying (attempt 1/5)
03:11:53 WARN   api unreachable, retrying (attempt 1/5)
03:11:54 WARN   api unreachable, retrying (attempt 4/5)
03:11:54 ERROR  connect ECONNREFUSED 127.0.0.1:3001
03:11:55 ERROR  GET /api/v1/flag failed: fetch failed
03:11:56 ERROR  GET /api/v1/flag failed: fetch failed
03:11:57 ERROR  GET /api/v1/flag failed: fetch failed
03:11:58 ERROR  connect ECONNREFUSED 127.0.0.1:3001
03:11:59 ERROR  GET /api/v1/flag failed: fetch failed
03:12:01 ERROR  GET /api/v1/flag failed: fetch failed
03:12:01 ERROR  GET /api/v1/flag failed: fetch failed
03:12:02 ERROR  connect ECONNREFUSED 127.0.0.1:3001
03:12:03 ERROR  connect ECONNREFUSED 127.0.0.1:3001
03:12:05 ERROR  GET /api/v1/flag failed: fetch failed
03:12:10 ERROR  GET /api/v1/flag failed: fetch failed
03:12:10 ERROR  GET /api/v1/flag failed: fetch failed
03:12:10 ERROR  connect ECONNREFUSED 127.0.0.1:3001
03:12:13 WARN   api unreachable, retrying (attempt 3/5)
03:12:16 WARN   api unreachable, retrying (attempt 2/5)
03:12:16 WARN   api unreachable, retrying (attempt 4/5)
03:12:20 ERROR  connect ECONNREFUSED 127.0.0.1:3001
03:12:21 WARN   api unreachable, retrying (attempt 1/5)
03:12:23 ERROR  GET /api/v1/flag failed: fetch failed
03:12:23 WARN   api unreachable, retrying (attempt 2/5)
03:12:28 WARN   api unreachable, retrying (attempt 4/5)
03:12:29 ERROR  GET /api/v1/flag failed: fetch failed
03:12:36 ERROR  GET /api/v1/flag failed: fetch failed
03:12:36 ERROR  connect ECONNREFUSED 127.0.0.1:3001
03:12:39 WARN   api unreachable, retrying (attempt 3/5)
03:12:39 ERROR  GET /api/v1/flag failed: fetch failed
03:12:42 ERROR  connect ECONNREFUSED 127.0.0.1:3001
03:12:43 ERROR  connect ECONNREFUSED 127.0.0.1:3001
03:12:43 ERROR  connect ECONNREFUSED 127.0.0.1:3001
03:12:44 ERROR  connect ECONNREFUSED 127.0.0.1:3001
03:12:46 WARN   api unreachable, retrying (attempt 1/5)
03:12:46 WARN   api unreachable, retrying (attempt 3/5)
03:12:49 ERROR  GET /api/v1/flag failed: fetch failed
03:12:49 ERROR  GET /api/v1/flag failed: fetch failed
03:12:51 ERROR  GET /api/v1/flag failed: fetch failed
03:12:51 ERROR  connect ECONNREFUSED 127.0.0.1:3001
03:12:52 WARN   api unreachable, retrying (attempt 5/5)
03:12:52 ERROR  connect ECONNREFUSED 127.0.0.1:3001
03:12:54 ERROR  GET /api/v1/flag failed: fetch failed
03:12:54 ERROR  GET /api/v1/flag failed: fetch failed
03:12:56 ERROR  connect ECONNREFUSED 127.0.0.1:3001
03:12:56 WARN   api unreachable, retrying (attempt 3/5)
03:12:56 WARN   api unreachable, retrying (attempt 4/5)
03:12:57 ERROR  GET /api/v1/flag failed: fetch failed
03:12:57 ERROR  GET /api/v1/flag failed: fetch failed
03:12:58 ERROR  connect ECONNREFUSED 127.0.0.1:3001
03:13:00 ERROR  GET /api/v1/flag failed: fetch failed
03:13:01 WARN   api unreachable, retrying (attempt 2/5)
03:13:03 ERROR  connect ECONNREFUSED 127.0.0.1:3001
03:13:03 WARN   api unreachable, retrying (attempt 1/5)
03:13:03 WARN   api unreachable, retrying (attempt 1/5)
03:13:06 ERROR  GET /api/v1/flag failed: fetch failed
03:13:08 ERROR  GET /api/v1/flag failed: fetch failed
03:13:08 ERROR  connect ECONNREFUSED 127.0.0.1:3001
03:13:12 ERROR  GET /api/v1/flag failed: fetch failed
03:13:12 WARN   api unreachable, retrying (attempt 3/5)
03:13:14 ERROR  connect ECONNREFUSED 127.0.0.1:3001
03:13:19 WARN   api unreachable, retrying (attempt 1/5)
03:13:23 WARN   api unreachable, retrying (attempt 4/5)
03:13:23 WARN   api unreachable, retrying (attempt 4/5)
03:13:24 ERROR  connect ECONNREFUSED 127.0.0.1:3001
03:13:29 ERROR  connect ECONNREFUSED 127.0.0.1:3001
03:13:30 ERROR  GET /api/v1/flag failed: fetch failed
03:13:30 ERROR  connect ECONNREFUSED 127.0.0.1:3001
03:13:34 ERROR  connect ECONNREFUSED 127.0.0.1:3001
03:13:34 ERROR  connect ECONNREFUSED 127.0.0.1:3001
03:13:40 ERROR  GET /api/v1/flag failed: fetch failed
03:13:41 WARN   api unreachable, retrying (attempt 3/5)
03:13:41 ERROR  GET /api/v1/flag failed: fetch failed
03:13:42 ERROR  GET /api/v1/flag failed: fetch failed
03:13:45 WARN   api unreachable, retrying (attempt 2/5)
03:13:51 ERROR  connect ECONNREFUSED 127.0.0.1:3001
03:13:51 WARN   api unreachable, retrying (attempt 1/5)
03:13:53 WARN   api unreachable, retrying (attempt 2/5)
03:13:53 ERROR  GET /api/v1/flag failed: fetch failed
03:13:53 ERROR  GET /api/v1/flag failed: fetch failed
03:13:55 ERROR  connect ECONNREFUSED 127.0.0.1:3001
03:13:57 ERROR  GET /api/v1/flag failed: fetch failed
03:13:57 ERROR  GET /api/v1/flag failed: fetch failed
03:13:58 WARN   api unreachable, retrying (attempt 2/5)
03:13:58 WARN   api unreachable, retrying (attempt 1/5)
03:14:00 WARN   api unreachable, retrying (attempt 2/5)
03:14:00 ERROR  connect ECONNREFUSED 127.0.0.1:3001
03:14:01 ERROR  GET /api/v1/flag failed: fetch failed
03:14:01 WARN   api unreachable, retrying (attempt 4/5)
03:14:02 ERROR  GET /api/v1/flag failed: fetch failed
03:14:03 ERROR  connect ECONNREFUSED 127.0.0.1:3001
03:14:03 ERROR  connect ECONNREFUSED 127.0.0.1:3001
03:14:03 ERROR  GET /api/v1/flag failed: fetch failed
03:14:03 WARN   api unreachable, retrying (attempt 4/5)
03:14:03 WARN   api unreachable, retrying (attempt 2/5)
03:14:04 WARN   api unreachable, retrying (attempt 3/5)
03:14:05 WARN   api unreachable, retrying (attempt 4/5)
03:14:06 WARN   api unreachable, retrying (attempt 2/5)
03:14:08 ERROR  connect ECONNREFUSED 127.0.0.1:3001
03:14:08 ERROR  connect ECONNREFUSED 127.0.0.1:3001
03:14:13 ERROR  GET /api/v1/flag failed: fetch failed
03:14:14 WARN   api unreachable, retrying (attempt 4/5)
03:14:15 ERROR  GET /api/v1/flag failed: fetch failed
03:14:15 ERROR  GET /api/v1/flag failed: fetch failed
03:14:16 WARN   api unreachable, retrying (attempt 5/5)
03:14:17 ERROR  GET /api/v1/flag failed: fetch failed
03:14:18 ERROR  GET /api/v1/flag failed: fetch failed
03:14:18 ERROR  connect ECONNREFUSED 127.0.0.1:3001
03:14:19 WARN   api unreachable, retrying (attempt 4/5)
03:14:19 ERROR  connect ECONNREFUSED 127.0.0.1:3001
03:14:21 WARN   api unreachable, retrying (attempt 3/5)
03:14:35 WARN   api unreachable, retrying (attempt 1/5)
03:14:35 ERROR  connect ECONNREFUSED 127.0.0.1:3001
03:14:35 ERROR  connect ECONNREFUSED 127.0.0.1:3001
03:14:35 ERROR  connect ECONNREFUSED 127.0.0.1:3001
03:14:36 WARN   api unreachable, retrying (attempt 3/5)
03:14:39 WARN   api unreachable, retrying (attempt 4/5)
03:14:43 ERROR  GET /api/v1/flag failed: fetch failed
03:14:49 ERROR  connect ECONNREFUSED 127.0.0.1:3001
03:14:51 ERROR  GET /api/v1/flag failed: fetch failed
03:14:53 ERROR  connect ECONNREFUSED 127.0.0.1:3001
03:14:53 WARN   api unreachable, retrying (attempt 1/5)
03:14:53 ERROR  connect ECONNREFUSED 127.0.0.1:3001
03:14:53 ERROR  GET /api/v1/flag failed: fetch failed
03:14:55 WARN   api unreachable, retrying (attempt 4/5)
03:14:59 WARN   api unreachable, retrying (attempt 1/5)
03:15:01 ERROR  connect ECONNREFUSED 127.0.0.1:3001
03:15:01 ERROR  GET /api/v1/flag failed: fetch failed
03:15:03 ERROR  connect ECONNREFUSED 127.0.0.1:3001
03:15:07 WARN   api unreachable, retrying (attempt 1/5)
03:15:09 WARN   api unreachable, retrying (attempt 4/5)
03:15:10 ERROR  connect ECONNREFUSED 127.0.0.1:3001
03:15:10 WARN   api unreachable, retrying (attempt 3/5)
03:15:10 ERROR  connect ECONNREFUSED 127.0.0.1:3001
03:15:11 WARN   api unreachable, retrying (attempt 3/5)
03:15:14 ERROR  GET /api/v1/flag failed: fetch failed
03:15:15 ERROR  GET /api/v1/flag failed: fetch failed
03:15:18 ERROR  GET /api/v1/flag failed: fetch failed
03:15:21 ERROR  GET /api/v1/flag failed: fetch failed
03:15:21 ERROR  GET /api/v1/flag failed: fetch failed
03:15:23 ERROR  connect ECONNREFUSED 127.0.0.1:3001
03:15:23 WARN   api unreachable, retrying (attempt 4/5)
03:15:23 ERROR  connect ECONNREFUSED 127.0.0.1:3001
03:15:25 ERROR  connect ECONNREFUSED 127.0.0.1:3001
03:15:26 WARN   api unreachable, retrying (attempt 1/5)
03:15:28 ERROR  connect ECONNREFUSED 127.0.0.1:3001
03:15:31 ERROR  GET /api/v1/flag failed: fetch failed
03:15:32 ERROR  connect ECONNREFUSED 127.0.0.1:3001
03:15:32 ERROR  connect ECONNREFUSED 127.0.0.1:3001
03:15:35 ERROR  connect ECONNREFUSED 127.0.0.1:3001
03:15:35 ERROR  GET /api/v1/flag failed: fetch failed
03:15:36 WARN   api unreachable, retrying (attempt 1/5)
03:15:36 WARN   api unreachable, retrying (attempt 2/5)
03:15:38 ERROR  GET /api/v1/flag failed: fetch failed
03:15:38 WARN   api unreachable, retrying (attempt 3/5)
03:15:41 ERROR  GET /api/v1/flag failed: fetch failed
03:15:43 ERROR  connect ECONNREFUSED 127.0.0.1:3001
03:15:43 ERROR  connect ECONNREFUSED 127.0.0.1:3001
03:15:49 ERROR  GET /api/v1/flag failed: fetch failed
03:15:51 ERROR  connect ECONNREFUSED 127.0.0.1:3001
03:15:52 WARN   api unreachable, retrying (attempt 1/5)
03:15:52 ERROR  connect ECONNREFUSED 127.0.0.1:3001
03:15:53 ERROR  connect ECONNREFUSED 127.0.0.1:3001
03:15:54 WARN   api unreachable, retrying (attempt 4/5)
03:15:55 WARN   api unreachable, retrying (attempt 3/5)
03:15:56 ERROR  GET /api/v1/flag failed: fetch failed
03:15:57 WARN   api unreachable, retrying (attempt 2/5)
03:15:58 WARN   api unreachable, retrying (attempt 4/5)
03:15:58 ERROR  GET /api/v1/flag failed: fetch failed
03:15:58 ERROR  connect ECONNREFUSED 127.0.0.1:3001
03:15:59 ERROR  connect ECONNREFUSED 127.0.0.1:3001
03:16:01 ERROR  GET /api/v1/flag failed: fetch failed
03:16:07 WARN   api unreachable, retrying (attempt 4/5)
03:16:13 WARN   api unreachable, retrying (attempt 2/5)
03:16:13 ERROR  connect ECONNREFUSED 127.0.0.1:3001
03:16:13 WARN   api unreachable, retrying (attempt 4/5)
03:16:14 WARN   api unreachable, retrying (attempt 4/5)
03:16:15 ERROR  GET /api/v1/flag failed: fetch failed
03:16:16 WARN   api unreachable, retrying (attempt 2/5)
03:16:18 ERROR  GET /api/v1/flag failed: fetch failed
03:16:18 WARN   api unreachable, retrying (attempt 1/5)
03:16:20 ERROR  connect ECONNREFUSED 127.0.0.1:3001
03:16:21 ERROR  GET /api/v1/flag failed: fetch failed
03:16:23 WARN   api unreachable, retrying (attempt 5/5)
03:16:25 ERROR  connect ECONNREFUSED 127.0.0.1:3001
03:16:26 ERROR  connect ECONNREFUSED 127.0.0.1:3001
03:16:27 ERROR  GET /api/v1/flag failed: fetch failed
03:16:29 WARN   api unreachable, retrying (attempt 1/5)
03:16:30 ERROR  connect ECONNREFUSED 127.0.0.1:3001
03:16:31 ERROR  GET /api/v1/flag failed: fetch failed
03:16:34 ERROR  GET /api/v1/flag failed: fetch failed
03:16:34 ERROR  connect ECONNREFUSED 127.0.0.1:3001
03:16:36 ERROR  GET /api/v1/flag failed: fetch failed
03:16:42 ERROR  connect ECONNREFUSED 127.0.0.1:3001
03:16:43 ERROR  GET /api/v1/flag failed: fetch failed
03:16:46 WARN   api unreachable, retrying (attempt 4/5)
03:16:49 WARN   api unreachable, retrying (attempt 5/5)
03:16:50 WARN   api unreachable, retrying (attempt 5/5)
03:16:52 ERROR  GET /api/v1/flag failed: fetch failed
03:16:55 ERROR  GET /api/v1/flag failed: fetch failed
03:16:56 ERROR  GET /api/v1/flag failed: fetch failed
03:16:59 ERROR  GET /api/v1/flag failed: fetch failed
03:17:00 ERROR  GET /api/v1/flag failed: fetch failed
03:17:00 WARN   api unreachable, retrying (attempt 4/5)
03:17:01 WARN   api unreachable, retrying (attempt 4/5)
03:17:04 ERROR  connect ECONNREFUSED 127.0.0.1:3001
03:17:04 ERROR  GET /api/v1/flag failed: fetch failed
03:17:04 ERROR  connect ECONNREFUSED 127.0.0.1:3001
03:17:09 WARN   api unreachable, retrying (attempt 2/5)
03:17:10 ERROR  connect ECONNREFUSED 127.0.0.1:3001
03:17:10 WARN   api unreachable, retrying (attempt 5/5)
03:17:11 ERROR  GET /api/v1/flag failed: fetch failed
03:17:11 WARN   api unreachable, retrying (attempt 1/5)
03:17:13 WARN   api unreachable, retrying (attempt 3/5)
03:17:14 WARN   api unreachable, retrying (attempt 2/5)
03:17:15 WARN   api unreachable, retrying (attempt 1/5)
03:17:17 WARN   api unreachable, retrying (attempt 2/5)
03:17:24 ERROR  connect ECONNREFUSED 127.0.0.1:3001
03:17:26 ERROR  connect ECONNREFUSED 127.0.0.1:3001
03:17:33 WARN   api unreachable, retrying (attempt 2/5)
03:17:35 ERROR  GET /api/v1/flag failed: fetch failed
03:17:36 ERROR  GET /api/v1/flag failed: fetch failed
03:17:40 ERROR  GET /api/v1/flag failed: fetch failed
03:17:41 ERROR  GET /api/v1/flag failed: fetch failed
03:17:42 ERROR  GET /api/v1/flag failed: fetch failed
03:17:43 ERROR  GET /api/v1/flag failed: fetch failed
03:17:44 ERROR  connect ECONNREFUSED 127.0.0.1:3001
03:17:46 ERROR  GET /api/v1/flag failed: fetch failed
03:17:47 WARN   api unreachable, retrying (attempt 3/5)
03:17:47 WARN   api unreachable, retrying (attempt 3/5)
03:17:48 WARN   api unreachable, retrying (attempt 3/5)
03:17:50 WARN   api unreachable, retrying (attempt 1/5)
03:17:53 ERROR  GET /api/v1/flag failed: fetch failed
03:17:56 ERROR  GET /api/v1/flag failed: fetch failed
03:17:57 ERROR  GET /api/v1/flag failed: fetch failed
03:18:00 WARN   api unreachable, retrying (attempt 5/5)
03:18:00 ERROR  GET /api/v1/flag failed: fetch failed
03:18:03 ERROR  connect ECONNREFUSED 127.0.0.1:3001
03:18:08 ERROR  connect ECONNREFUSED 127.0.0.1:3001
03:18:08 ERROR  GET /api/v1/flag failed: fetch failed
03:18:09 WARN   api unreachable, retrying (attempt 3/5)
03:18:12 ERROR  GET /api/v1/flag failed: fetch failed
03:18:14 WARN   api unreachable, retrying (attempt 1/5)
03:18:16 ERROR  connect ECONNREFUSED 127.0.0.1:3001
03:18:19 ERROR  GET /api/v1/flag failed: fetch failed
03:18:21 ERROR  connect ECONNREFUSED 127.0.0.1:3001
03:18:22 ERROR  connect ECONNREFUSED 127.0.0.1:3001
03:18:24 ERROR  GET /api/v1/flag failed: fetch failed
03:18:29 ERROR  GET /api/v1/flag failed: fetch failed
03:18:29 ERROR  connect ECONNREFUSED 127.0.0.1:3001
03:18:32 WARN   api unreachable, retrying (attempt 2/5)
03:18:32 ERROR  connect ECONNREFUSED 127.0.0.1:3001
03:18:35 ERROR  GET /api/v1/flag failed: fetch failed
03:18:36 ERROR  connect ECONNREFUSED 127.0.0.1:3001
03:18:38 WARN   api unreachable, retrying (attempt 4/5)
03:18:40 WARN   api unreachable, retrying (attempt 5/5)
03:18:43 ERROR  GET /api/v1/flag failed: fetch failed
03:18:44 ERROR  connect ECONNREFUSED 127.0.0.1:3001
03:18:48 WARN   api unreachable, retrying (attempt 2/5)
03:18:50 ERROR  connect ECONNREFUSED 127.0.0.1:3001
03:18:52 ERROR  connect ECONNREFUSED 127.0.0.1:3001
03:18:52 ERROR  connect ECONNREFUSED 127.0.0.1:3001
03:18:53 WARN   api unreachable, retrying (attempt 3/5)
03:18:54 ERROR  GET /api/v1/flag failed: fetch failed
03:18:54 ERROR  GET /api/v1/flag failed: fetch failed
03:18:55 ERROR  connect ECONNREFUSED 127.0.0.1:3001
03:18:58 WARN   api unreachable, retrying (attempt 1/5)
03:18:59 ERROR  connect ECONNREFUSED 127.0.0.1:3001
03:19:02 WARN   api unreachable, retrying (attempt 1/5)
03:19:04 WARN   api unreachable, retrying (attempt 5/5)
03:19:11 WARN   api unreachable, retrying (attempt 2/5)
03:19:14 ERROR  GET /api/v1/flag failed: fetch failed
03:19:14 ERROR  connect ECONNREFUSED 127.0.0.1:3001
03:19:15 ERROR  GET /api/v1/flag failed: fetch failed
03:19:15 WARN   api unreachable, retrying (attempt 3/5)
03:19:17 ERROR  GET /api/v1/flag failed: fetch failed
03:19:18 ERROR  GET /api/v1/flag failed: fetch failed
03:19:18 ERROR  connect ECONNREFUSED 127.0.0.1:3001
03:19:20 ERROR  connect ECONNREFUSED 127.0.0.1:3001
03:19:20 WARN   api unreachable, retrying (attempt 4/5)
03:19:21 ERROR  GET /api/v1/flag failed: fetch failed
03:19:22 ERROR  GET /api/v1/flag failed: fetch failed
03:19:22 WARN   api unreachable, retrying (attempt 4/5)
03:19:23 ERROR  connect ECONNREFUSED 127.0.0.1:3001
03:19:26 WARN   api unreachable, retrying (attempt 1/5)
03:19:27 ERROR  connect ECONNREFUSED 127.0.0.1:3001
03:19:29 ERROR  GET /api/v1/flag failed: fetch failed
03:19:29 ERROR  connect ECONNREFUSED 127.0.0.1:3001
03:19:30 ERROR  GET /api/v1/flag failed: fetch failed
03:19:33 WARN   api unreachable, retrying (attempt 3/5)
03:19:35 ERROR  GET /api/v1/flag failed: fetch failed
03:19:39 ERROR  connect ECONNREFUSED 127.0.0.1:3001
03:19:39 WARN   api unreachable, retrying (attempt 5/5)
03:19:41 ERROR  GET /api/v1/flag failed: fetch failed
03:19:46 WARN   api unreachable, retrying (attempt 1/5)
03:19:47 ERROR  connect ECONNREFUSED 127.0.0.1:3001
03:19:47 WARN   api unreachable, retrying (attempt 1/5)
03:19:47 ERROR  GET /api/v1/flag failed: fetch failed
03:19:47 ERROR  connect ECONNREFUSED 127.0.0.1:3001
03:19:52 ERROR  connect ECONNREFUSED 127.0.0.1:3001
03:19:54 WARN   api unreachable, retrying (attempt 3/5)
03:19:56 ERROR  GET /api/v1/flag failed: fetch failed
03:19:59 WARN   api unreachable, retrying (attempt 1/5)
03:19:59 ERROR  GET /api/v1/flag failed: fetch failed
03:19:59 WARN   api unreachable, retrying (attempt 2/5)
03:20:00 ERROR  GET /api/v1/flag failed: fetch failed
03:20:02 ERROR  connect ECONNREFUSED 127.0.0.1:3001
03:20:04 ERROR  GET /api/v1/flag failed: fetch failed
03:20:06 ERROR  connect ECONNREFUSED 127.0.0.1:3001
03:20:06 WARN   api unreachable, retrying (attempt 4/5)
03:20:07 WARN   api unreachable, retrying (attempt 4/5)
03:20:08 WARN   api unreachable, retrying (attempt 5/5)
03:20:08 ERROR  connect ECONNREFUSED 127.0.0.1:3001
03:20:08 WARN   api unreachable, retrying (attempt 5/5)
03:20:12 WARN   api unreachable, retrying (attempt 3/5)
03:20:12 ERROR  GET /api/v1/flag failed: fetch failed
03:20:16 WARN   api unreachable, retrying (attempt 5/5)
03:20:17 WARN   api unreachable, retrying (attempt 3/5)
03:20:21 WARN   api unreachable, retrying (attempt 2/5)
03:20:22 ERROR  connect ECONNREFUSED 127.0.0.1:3001
03:20:29 WARN   api unreachable, retrying (attempt 1/5)
03:20:30 ERROR  connect ECONNREFUSED 127.0.0.1:3001
03:20:31 ERROR  connect ECONNREFUSED 127.0.0.1:3001
03:20:31 ERROR  GET /api/v1/flag failed: fetch failed
03:20:33 ERROR  GET /api/v1/flag failed: fetch failed
03:20:38 ERROR  connect ECONNREFUSED 127.0.0.1:3001
03:20:42 WARN   api unreachable, retrying (attempt 2/5)
03:20:43 ERROR  connect ECONNREFUSED 127.0.0.1:3001
03:20:44 ERROR  GET /api/v1/flag failed: fetch failed
03:20:48 WARN   api unreachable, retrying (attempt 3/5)
03:20:49 ERROR  connect ECONNREFUSED 127.0.0.1:3001
03:20:50 WARN   api unreachable, retrying (attempt 3/5)
03:20:51 ERROR  connect ECONNREFUSED 127.0.0.1:3001
03:20:51 ERROR  GET /api/v1/flag failed: fetch failed
03:20:51 WARN   api unreachable, retrying (attempt 4/5)
03:20:52 ERROR  GET /api/v1/flag failed: fetch failed
03:20:59 ERROR  connect ECONNREFUSED 127.0.0.1:3001
03:21:02 ERROR  connect ECONNREFUSED 127.0.0.1:3001
03:21:03 ERROR  connect ECONNREFUSED 127.0.0.1:3001
03:21:03 ERROR  connect ECONNREFUSED 127.0.0.1:3001
03:21:06 WARN   api unreachable, retrying (attempt 4/5)
03:21:06 ERROR  GET /api/v1/flag failed: fetch failed
03:21:06 ERROR  connect ECONNREFUSED 127.0.0.1:3001
03:21:07 WARN   api unreachable, retrying (attempt 4/5)
03:21:09 ERROR  connect ECONNREFUSED 127.0.0.1:3001
03:21:09 ERROR  connect ECONNREFUSED 127.0.0.1:3001
03:21:11 WARN   api unreachable, retrying (attempt 3/5)
03:21:13 WARN   api unreachable, retrying (attempt 1/5)
03:21:14 ERROR  connect ECONNREFUSED 127.0.0.1:3001
03:21:14 ERROR  GET /api/v1/flag failed: fetch failed
03:21:16 WARN   api unreachable, retrying (attempt 5/5)
03:21:16 WARN   api unreachable, retrying (attempt 1/5)
03:21:17 ERROR  connect ECONNREFUSED 127.0.0.1:3001
03:21:19 ERROR  GET /api/v1/flag failed: fetch failed
03:21:19 WARN   api unreachable, retrying (attempt 4/5)
03:21:21 WARN   api unreachable, retrying (attempt 5/5)
03:21:21 WARN   api unreachable, retrying (attempt 5/5)
03:21:22 ERROR  connect ECONNREFUSED 127.0.0.1:3001
03:21:22 WARN   api unreachable, retrying (attempt 4/5)
03:21:22 WARN   api unreachable, retrying (attempt 5/5)
03:21:28 ERROR  GET /api/v1/flag failed: fetch failed
03:21:29 ERROR  GET /api/v1/flag failed: fetch failed
03:21:30 WARN   api unreachable, retrying (attempt 4/5)
03:21:30 ERROR  connect ECONNREFUSED 127.0.0.1:3001
03:21:30 ERROR  connect ECONNREFUSED 127.0.0.1:3001
03:21:31 WARN   api unreachable, retrying (attempt 4/5)
03:21:31 ERROR  GET /api/v1/flag failed: fetch failed
03:21:33 ERROR  GET /api/v1/flag failed: fetch failed
03:21:34 ERROR  connect ECONNREFUSED 127.0.0.1:3001
03:21:35 ERROR  connect ECONNREFUSED 127.0.0.1:3001
03:21:35 ERROR  connect ECONNREFUSED 127.0.0.1:3001
03:21:36 ERROR  connect ECONNREFUSED 127.0.0.1:3001
03:21:37 WARN   api unreachable, retrying (attempt 2/5)
03:21:37 ERROR  GET /api/v1/flag failed: fetch failed
03:21:41 ERROR  GET /api/v1/flag failed: fetch failed
03:21:42 WARN   api unreachable, retrying (attempt 3/5)
03:21:42 WARN   api unreachable, retrying (attempt 1/5)
03:21:44 ERROR  connect ECONNREFUSED 127.0.0.1:3001
03:21:44 WARN   api unreachable, retrying (attempt 2/5)
03:21:45 WARN   api unreachable, retrying (attempt 3/5)
03:21:46 WARN   api unreachable, retrying (attempt 3/5)
03:21:46 ERROR  GET /api/v1/flag failed: fetch failed
03:21:48 ERROR  connect ECONNREFUSED 127.0.0.1:3001
03:21:51 ERROR  connect ECONNREFUSED 127.0.0.1:3001
03:21:53 ERROR  connect ECONNREFUSED 127.0.0.1:3001
03:21:56 ERROR  GET /api/v1/flag failed: fetch failed
03:21:56 WARN   api unreachable, retrying (attempt 1/5)
03:21:59 ERROR  connect ECONNREFUSED 127.0.0.1:3001
03:21:59 ERROR  connect ECONNREFUSED 127.0.0.1:3001
03:21:59 ERROR  connect ECONNREFUSED 127.0.0.1:3001
03:21:59 ERROR  connect ECONNREFUSED 127.0.0.1:3001
03:22:00 WARN   api unreachable, retrying (attempt 1/5)
03:22:01 ERROR  GET /api/v1/flag failed: fetch failed
03:22:06 WARN   api unreachable, retrying (attempt 5/5)
03:22:09 WARN   api unreachable, retrying (attempt 3/5)
03:22:13 ERROR  connect ECONNREFUSED 127.0.0.1:3001
03:22:15 ERROR  connect ECONNREFUSED 127.0.0.1:3001
03:22:16 ERROR  GET /api/v1/flag failed: fetch failed
03:22:17 ERROR  GET /api/v1/flag failed: fetch failed
03:22:18 ERROR  connect ECONNREFUSED 127.0.0.1:3001
03:22:18 WARN   api unreachable, retrying (attempt 2/5)
03:22:18 WARN   api unreachable, retrying (attempt 2/5)
03:22:19 WARN   api unreachable, retrying (attempt 2/5)
03:22:22 WARN   api unreachable, retrying (attempt 1/5)
03:22:26 WARN   api unreachable, retrying (attempt 2/5)
03:22:27 ERROR  connect ECONNREFUSED 127.0.0.1:3001
03:22:29 ERROR  connect ECONNREFUSED 127.0.0.1:3001
03:22:31 ERROR  GET /api/v1/flag failed: fetch failed
03:22:33 ERROR  connect ECONNREFUSED 127.0.0.1:3001
03:22:33 ERROR  connect ECONNREFUSED 127.0.0.1:3001
03:22:37 ERROR  GET /api/v1/flag failed: fetch failed
03:22:44 WARN   api unreachable, retrying (attempt 1/5)
03:22:46 ERROR  GET /api/v1/flag failed: fetch failed
03:22:52 ERROR  connect ECONNREFUSED 127.0.0.1:3001
03:22:55 ERROR  GET /api/v1/flag failed: fetch failed
03:22:57 ERROR  GET /api/v1/flag failed: fetch failed
03:22:57 ERROR  GET /api/v1/flag failed: fetch failed
03:23:00 ERROR  connect ECONNREFUSED 127.0.0.1:3001
03:23:00 WARN   api unreachable, retrying (attempt 3/5)
03:23:02 ERROR  GET /api/v1/flag failed: fetch failed
03:23:03 ERROR  GET /api/v1/flag failed: fetch failed
03:23:03 ERROR  connect ECONNREFUSED 127.0.0.1:3001
03:23:03 ERROR  GET /api/v1/flag failed: fetch failed
03:23:05 WARN   api unreachable, retrying (attempt 5/5)
03:23:05 WARN   api unreachable, retrying (attempt 5/5)
03:23:06 WARN   api unreachable, retrying (attempt 3/5)
03:23:08 ERROR  connect ECONNREFUSED 127.0.0.1:3001
03:23:11 WARN   api unreachable, retrying (attempt 5/5)
03:23:12 WARN   api unreachable, retrying (attempt 3/5)
03:23:13 WARN   api unreachable, retrying (attempt 4/5)
03:23:15 WARN   api unreachable, retrying (attempt 3/5)
03:23:18 ERROR  connect ECONNREFUSED 127.0.0.1:3001
03:23:20 WARN   api unreachable, retrying (attempt 2/5)
03:23:21 ERROR  GET /api/v1/flag failed: fetch failed
03:23:21 ERROR  connect ECONNREFUSED 127.0.0.1:3001
03:23:21 ERROR  connect ECONNREFUSED 127.0.0.1:3001
03:23:22 ERROR  GET /api/v1/flag failed: fetch failed
03:23:22 WARN   api unreachable, retrying (attempt 3/5)
03:23:28 ERROR  connect ECONNREFUSED 127.0.0.1:3001
03:23:29 ERROR  GET /api/v1/flag failed: fetch failed
03:23:31 ERROR  connect ECONNREFUSED 127.0.0.1:3001
03:23:33 WARN   api unreachable, retrying (attempt 4/5)
03:23:34 ERROR  GET /api/v1/flag failed: fetch failed
03:23:36 ERROR  GET /api/v1/flag failed: fetch failed
03:23:37 WARN   api unreachable, retrying (attempt 5/5)
03:23:43 ERROR  GET /api/v1/flag failed: fetch failed
03:23:55 WARN   api unreachable, retrying (attempt 2/5)
03:23:55 ERROR  GET /api/v1/flag failed: fetch failed
03:23:56 WARN   api unreachable, retrying (attempt 3/5)
03:23:58 WARN   api unreachable, retrying (attempt 4/5)
03:24:00 ERROR  GET /api/v1/flag failed: fetch failed
03:24:02 ERROR  GET /api/v1/flag failed: fetch failed
03:24:05 WARN   api unreachable, retrying (attempt 3/5)
03:24:05 ERROR  connect ECONNREFUSED 127.0.0.1:3001
03:24:06 ERROR  connect ECONNREFUSED 127.0.0.1:3001
03:24:06 WARN   api unreachable, retrying (attempt 5/5)
03:24:09 ERROR  connect ECONNREFUSED 127.0.0.1:3001
03:24:12 ERROR  GET /api/v1/flag failed: fetch failed
03:24:12 ERROR  connect ECONNREFUSED 127.0.0.1:3001
03:24:12 ERROR  GET /api/v1/flag failed: fetch failed
03:24:13 ERROR  GET /api/v1/flag failed: fetch failed
03:24:21 ERROR  GET /api/v1/flag failed: fetch failed
03:24:21 ERROR  connect ECONNREFUSED 127.0.0.1:3001
03:24:21 WARN   api unreachable, retrying (attempt 3/5)
03:24:21 ERROR  connect ECONNREFUSED 127.0.0.1:3001
03:24:25 WARN   api unreachable, retrying (attempt 4/5)
03:24:25 WARN   api unreachable, retrying (attempt 5/5)
03:24:31 WARN   api unreachable, retrying (attempt 4/5)
03:24:32 ERROR  connect ECONNREFUSED 127.0.0.1:3001
03:24:32 WARN   api unreachable, retrying (attempt 3/5)
03:24:32 WARN   api unreachable, retrying (attempt 2/5)
03:24:34 ERROR  connect ECONNREFUSED 127.0.0.1:3001
03:24:35 ERROR  connect ECONNREFUSED 127.0.0.1:3001
03:24:36 WARN   api unreachable, retrying (attempt 2/5)
03:24:37 ERROR  GET /api/v1/flag failed: fetch failed
03:24:39 ERROR  GET /api/v1/flag failed: fetch failed
03:24:40 ERROR  connect ECONNREFUSED 127.0.0.1:3001
03:24:43 ERROR  GET /api/v1/flag failed: fetch failed
03:24:44 ERROR  GET /api/v1/flag failed: fetch failed
03:24:45 WARN   api unreachable, retrying (attempt 4/5)
03:24:46 WARN   api unreachable, retrying (attempt 5/5)
03:24:47 ERROR  connect ECONNREFUSED 127.0.0.1:3001
03:24:49 ERROR  GET /api/v1/flag failed: fetch failed
03:24:50 ERROR  connect ECONNREFUSED 127.0.0.1:3001
03:24:52 ERROR  connect ECONNREFUSED 127.0.0.1:3001
03:24:54 WARN   api unreachable, retrying (attempt 3/5)
03:24:54 WARN   api unreachable, retrying (attempt 4/5)
03:24:55 ERROR  connect ECONNREFUSED 127.0.0.1:3001
03:24:57 ERROR  GET /api/v1/flag failed: fetch failed
03:25:00 ERROR  GET /api/v1/flag failed: fetch failed
03:25:01 ERROR  GET /api/v1/flag failed: fetch failed
03:25:05 ERROR  GET /api/v1/flag failed: fetch failed
03:25:06 ERROR  GET /api/v1/flag failed: fetch failed
03:25:06 WARN   api unreachable, retrying (attempt 4/5)
03:25:09 ERROR  GET /api/v1/flag failed: fetch failed
03:25:10 ERROR  GET /api/v1/flag failed: fetch failed
03:25:10 ERROR  connect ECONNREFUSED 127.0.0.1:3001
03:25:13 ERROR  GET /api/v1/flag failed: fetch failed
03:25:14 ERROR  connect ECONNREFUSED 127.0.0.1:3001
03:25:19 ERROR  connect ECONNREFUSED 127.0.0.1:3001
03:25:19 ERROR  connect ECONNREFUSED 127.0.0.1:3001
03:25:19 WARN   api unreachable, retrying (attempt 4/5)
03:25:20 WARN   api unreachable, retrying (attempt 4/5)
03:25:22 ERROR  GET /api/v1/flag failed: fetch failed
03:25:23 ERROR  connect ECONNREFUSED 127.0.0.1:3001
03:25:24 WARN   api unreachable, retrying (attempt 2/5)
03:25:26 ERROR  GET /api/v1/flag failed: fetch failed
03:25:26 ERROR  connect ECONNREFUSED 127.0.0.1:3001
03:25:29 WARN   api unreachable, retrying (attempt 3/5)
03:25:30 ERROR  connect ECONNREFUSED 127.0.0.1:3001
03:25:31 ERROR  GET /api/v1/flag failed: fetch failed
03:25:31 ERROR  GET /api/v1/flag failed: fetch failed
03:25:33 ERROR  connect ECONNREFUSED 127.0.0.1:3001
03:25:38 WARN   api unreachable, retrying (attempt 5/5)
03:25:38 ERROR  GET /api/v1/flag failed: fetch failed
03:25:39 WARN   api unreachable, retrying (attempt 2/5)
03:25:39 WARN   api unreachable, retrying (attempt 2/5)
03:25:41 WARN   api unreachable, retrying (attempt 4/5)
03:25:43 WARN   api unreachable, retrying (attempt 1/5)
03:25:44 WARN   api unreachable, retrying (attempt 3/5)
03:25:50 ERROR  connect ECONNREFUSED 127.0.0.1:3001
03:25:51 ERROR  connect ECONNREFUSED 127.0.0.1:3001
03:25:51 ERROR  connect ECONNREFUSED 127.0.0.1:3001
03:25:52 ERROR  GET /api/v1/flag failed: fetch failed
03:25:53 ERROR  connect ECONNREFUSED 127.0.0.1:3001
03:25:57 ERROR  GET /api/v1/flag failed: fetch failed
03:25:59 ERROR  connect ECONNREFUSED 127.0.0.1:3001
03:26:04 ERROR  connect ECONNREFUSED 127.0.0.1:3001
03:26:07 ERROR  GET /api/v1/flag failed: fetch failed
03:26:08 WARN   api unreachable, retrying (attempt 1/5)
03:26:09 WARN   api unreachable, retrying (attempt 3/5)
03:26:11 ERROR  GET /api/v1/flag failed: fetch failed
03:26:11 ERROR  GET /api/v1/flag failed: fetch failed
03:26:12 ERROR  connect ECONNREFUSED 127.0.0.1:3001
03:26:13 ERROR  GET /api/v1/flag failed: fetch failed
03:26:16 WARN   api unreachable, retrying (attempt 5/5)
03:26:16 ERROR  GET /api/v1/flag failed: fetch failed
03:26:16 ERROR  GET /api/v1/flag failed: fetch failed
03:26:18 ERROR  connect ECONNREFUSED 127.0.0.1:3001
03:26:25 ERROR  connect ECONNREFUSED 127.0.0.1:3001
03:26:25 ERROR  GET /api/v1/flag failed: fetch failed
03:26:26 WARN   api unreachable, retrying (attempt 1/5)
03:26:26 ERROR  GET /api/v1/flag failed: fetch failed
03:26:32 ERROR  GET /api/v1/flag failed: fetch failed
03:26:32 ERROR  connect ECONNREFUSED 127.0.0.1:3001
03:26:35 ERROR  connect ECONNREFUSED 127.0.0.1:3001
03:26:38 ERROR  connect ECONNREFUSED 127.0.0.1:3001
03:26:38 ERROR  connect ECONNREFUSED 127.0.0.1:3001
03:26:41 WARN   api unreachable, retrying (attempt 4/5)
03:26:45 ERROR  connect ECONNREFUSED 127.0.0.1:3001
03:26:45 WARN   api unreachable, retrying (attempt 1/5)
03:26:47 ERROR  GET /api/v1/flag failed: fetch failed
03:26:48 ERROR  connect ECONNREFUSED 127.0.0.1:3001
03:26:48 WARN   api unreachable, retrying (attempt 1/5)
03:26:51 ERROR  connect ECONNREFUSED 127.0.0.1:3001
03:26:53 ERROR  connect ECONNREFUSED 127.0.0.1:3001
03:26:55 WARN   api unreachable, retrying (attempt 1/5)
03:26:55 WARN   api unreachable, retrying (attempt 5/5)
03:26:56 ERROR  connect ECONNREFUSED 127.0.0.1:3001
03:26:56 ERROR  GET /api/v1/flag failed: fetch failed
03:26:57 WARN   api unreachable, retrying (attempt 5/5)
03:26:57 WARN   api unreachable, retrying (attempt 5/5)
03:26:59 WARN   api unreachable, retrying (attempt 1/5)
03:26:59 ERROR  GET /api/v1/flag failed: fetch failed
03:27:02 WARN   api unreachable, retrying (attempt 2/5)
03:27:03 ERROR  connect ECONNREFUSED 127.0.0.1:3001
03:27:03 WARN   api unreachable, retrying (attempt 4/5)
03:27:06 WARN   api unreachable, retrying (attempt 5/5)
03:27:09 ERROR  GET /api/v1/flag failed: fetch failed
03:27:10 WARN   api unreachable, retrying (attempt 3/5)
03:27:11 WARN   api unreachable, retrying (attempt 4/5)
03:27:19 WARN   api unreachable, retrying (attempt 3/5)
03:27:19 ERROR  connect ECONNREFUSED 127.0.0.1:3001
03:27:20 ERROR  connect ECONNREFUSED 127.0.0.1:3001
03:27:25 ERROR  GET /api/v1/flag failed: fetch failed
03:27:28 ERROR  connect ECONNREFUSED 127.0.0.1:3001
03:27:29 ERROR  GET /api/v1/flag failed: fetch failed
03:27:31 ERROR  connect ECONNREFUSED 127.0.0.1:3001
03:27:33 ERROR  connect ECONNREFUSED 127.0.0.1:3001
03:27:33 ERROR  connect ECONNREFUSED 127.0.0.1:3001
03:27:35 ERROR  GET /api/v1/flag failed: fetch failed
03:27:39 WARN   api unreachable, retrying (attempt 1/5)
03:27:40 ERROR  connect ECONNREFUSED 127.0.0.1:3001
03:27:44 ERROR  connect ECONNREFUSED 127.0.0.1:3001
03:27:44 ERROR  connect ECONNREFUSED 127.0.0.1:3001
03:27:46 WARN   api unreachable, retrying (attempt 1/5)
03:27:48 ERROR  connect ECONNREFUSED 127.0.0.1:3001
03:27:48 ERROR  GET /api/v1/flag failed: fetch failed
03:27:56 ERROR  connect ECONNREFUSED 127.0.0.1:3001
03:28:00 ERROR  GET /api/v1/flag failed: fetch failed
03:28:03 ERROR  connect ECONNREFUSED 127.0.0.1:3001
03:28:04 WARN   api unreachable, retrying (attempt 3/5)
03:28:07 WARN   api unreachable, retrying (attempt 4/5)
03:28:09 ERROR  connect ECONNREFUSED 127.0.0.1:3001
03:28:10 WARN   api unreachable, retrying (attempt 5/5)
03:28:11 ERROR  GET /api/v1/flag failed: fetch failed
03:28:11 WARN   api unreachable, retrying (attempt 1/5)
03:28:14 ERROR  GET /api/v1/flag failed: fetch failed
03:28:18 ERROR  connect ECONNREFUSED 127.0.0.1:3001
03:28:19 ERROR  GET /api/v1/flag failed: fetch failed
03:28:20 ERROR  GET /api/v1/flag failed: fetch failed
03:28:21 WARN   api unreachable, retrying (attempt 2/5)
03:28:22 ERROR  GET /api/v1/flag failed: fetch failed
03:28:22 ERROR  GET /api/v1/flag failed: fetch failed
03:28:24 ERROR  connect ECONNREFUSED 127.0.0.1:3001
03:28:25 WARN   api unreachable, retrying (attempt 5/5)
03:28:25 WARN   api unreachable, retrying (attempt 4/5)
03:28:30 WARN   api unreachable, retrying (attempt 5/5)
03:28:30 ERROR  GET /api/v1/flag failed: fetch failed
03:28:31 ERROR  GET /api/v1/flag failed: fetch failed
03:28:31 WARN   api unreachable, retrying (attempt 4/5)
03:28:31 WARN   api unreachable, retrying (attempt 5/5)
03:28:32 WARN   api unreachable, retrying (attempt 1/5)
03:28:32 WARN   api unreachable, retrying (attempt 3/5)
03:28:34 WARN   api unreachable, retrying (attempt 5/5)
03:28:41 ERROR  GET /api/v1/flag failed: fetch failed
03:28:46 ERROR  GET /api/v1/flag failed: fetch failed
03:28:50 ERROR  GET /api/v1/flag failed: fetch failed
03:28:54 ERROR  GET /api/v1/flag failed: fetch failed
03:28:54 ERROR  connect ECONNREFUSED 127.0.0.1:3001
03:28:55 WARN   api unreachable, retrying (attempt 1/5)
03:28:55 ERROR  GET /api/v1/flag failed: fetch failed
03:28:57 ERROR  connect ECONNREFUSED 127.0.0.1:3001
03:28:59 WARN   api unreachable, retrying (attempt 4/5)
03:29:02 ERROR  connect ECONNREFUSED 127.0.0.1:3001
03:29:04 WARN   api unreachable, retrying (attempt 3/5)
03:29:05 WARN   api unreachable, retrying (attempt 2/5)
03:29:09 ERROR  GET /api/v1/flag failed: fetch failed
03:29:10 ERROR  connect ECONNREFUSED 127.0.0.1:3001
03:29:12 ERROR  connect ECONNREFUSED 127.0.0.1:3001
03:29:12 ERROR  GET /api/v1/flag failed: fetch failed
03:29:12 WARN   api unreachable, retrying (attempt 4/5)
03:29:15 ERROR  GET /api/v1/flag failed: fetch failed
03:29:16 ERROR  GET /api/v1/flag failed: fetch failed
03:29:17 WARN   api unreachable, retrying (attempt 5/5)
03:29:18 ERROR  connect ECONNREFUSED 127.0.0.1:3001
03:29:19 WARN   api unreachable, retrying (attempt 4/5)
03:29:20 ERROR  GET /api/v1/flag failed: fetch failed
03:29:22 ERROR  GET /api/v1/flag failed: fetch failed
03:29:24 ERROR  connect ECONNREFUSED 127.0.0.1:3001
03:29:24 WARN   api unreachable, retrying (attempt 5/5)
03:29:25 WARN   api unreachable, retrying (attempt 5/5)
03:29:31 ERROR  connect ECONNREFUSED 127.0.0.1:3001
03:29:37 ERROR  connect ECONNREFUSED 127.0.0.1:3001
03:29:38 ERROR  GET /api/v1/flag failed: fetch failed
03:29:39 ERROR  connect ECONNREFUSED 127.0.0.1:3001
03:29:40 WARN   api unreachable, retrying (attempt 4/5)
03:29:41 ERROR  connect ECONNREFUSED 127.0.0.1:3001
03:29:42 ERROR  connect ECONNREFUSED 127.0.0.1:3001
03:29:43 ERROR  GET /api/v1/flag failed: fetch failed
03:29:44 ERROR  connect ECONNREFUSED 127.0.0.1:3001
03:29:47 WARN   api unreachable, retrying (attempt 3/5)
03:29:50 WARN   api unreachable, retrying (attempt 4/5)
03:29:50 WARN   api unreachable, retrying (attempt 5/5)
03:29:50 ERROR  connect ECONNREFUSED 127.0.0.1:3001
03:29:51 WARN   api unreachable, retrying (attempt 5/5)
03:29:52 ERROR  connect ECONNREFUSED 127.0.0.1:3001
03:29:53 WARN   api unreachable, retrying (attempt 3/5)
03:29:54 ERROR  connect ECONNREFUSED 127.0.0.1:3001
03:29:56 WARN   api unreachable, retrying (attempt 3/5)
03:29:57 ERROR  connect ECONNREFUSED 127.0.0.1:3001
03:29:57 ERROR  connect ECONNREFUSED 127.0.0.1:3001
03:29:58 WARN   api unreachable, retrying (attempt 4/5)
03:29:58 ERROR  GET /api/v1/flag failed: fetch failed
03:29:59 ERROR  GET /api/v1/flag failed: fetch failed
03:30:00 ERROR  GET /api/v1/flag failed: fetch failed
03:30:00 ERROR  GET /api/v1/flag failed: fetch failed
03:30:03 ERROR  GET /api/v1/flag failed: fetch failed
03:30:03 WARN   api unreachable, retrying (attempt 2/5)
03:30:03 ERROR  connect ECONNREFUSED 127.0.0.1:3001
03:30:05 ERROR  connect ECONNREFUSED 127.0.0.1:3001
03:30:06 ERROR  GET /api/v1/flag failed: fetch failed
03:30:07 WARN   api unreachable, retrying (attempt 1/5)
03:30:12 ERROR  GET /api/v1/flag failed: fetch failed
03:30:13 WARN   api unreachable, retrying (attempt 4/5)
03:30:14 ERROR  connect ECONNREFUSED 127.0.0.1:3001
03:30:14 WARN   api unreachable, retrying (attempt 2/5)
03:30:14 WARN   api unreachable, retrying (attempt 1/5)
03:30:19 ERROR  connect ECONNREFUSED 127.0.0.1:3001
03:30:19 ERROR  connect ECONNREFUSED 127.0.0.1:3001
03:30:22 WARN   api unreachable, retrying (attempt 5/5)
03:30:23 ERROR  connect ECONNREFUSED 127.0.0.1:3001
03:30:24 ERROR  connect ECONNREFUSED 127.0.0.1:3001
03:30:24 ERROR  GET /api/v1/flag failed: fetch failed
03:30:26 WARN   api unreachable, retrying (attempt 1/5)
03:30:28 WARN   api unreachable, retrying (attempt 1/5)
03:30:29 ERROR  connect ECONNREFUSED 127.0.0.1:3001
03:30:30 WARN   api unreachable, retrying (attempt 5/5)
03:30:32 ERROR  GET /api/v1/flag failed: fetch failed
03:30:35 ERROR  GET /api/v1/flag failed: fetch failed
03:30:36 ERROR  connect ECONNREFUSED 127.0.0.1:3001
03:30:38 ERROR  connect ECONNREFUSED 127.0.0.1:3001
03:30:39 ERROR  connect ECONNREFUSED 127.0.0.1:3001
03:30:41 ERROR  connect ECONNREFUSED 127.0.0.1:3001
03:30:41 ERROR  GET /api/v1/flag failed: fetch failed
03:30:47 ERROR  GET /api/v1/flag failed: fetch failed
03:30:54 WARN   api unreachable, retrying (attempt 5/5)
03:30:55 ERROR  connect ECONNREFUSED 127.0.0.1:3001
03:30:56 ERROR  connect ECONNREFUSED 127.0.0.1:3001
03:30:59 WARN   api unreachable, retrying (attempt 1/5)
03:31:03 WARN   api unreachable, retrying (attempt 2/5)
03:31:07 ERROR  GET /api/v1/flag failed: fetch failed
03:31:08 WARN   api unreachable, retrying (attempt 5/5)
03:31:08 WARN   api unreachable, retrying (attempt 2/5)
03:31:08 ERROR  connect ECONNREFUSED 127.0.0.1:3001
03:31:08 ERROR  GET /api/v1/flag failed: fetch failed
03:31:10 ERROR  connect ECONNREFUSED 127.0.0.1:3001
03:31:13 WARN   api unreachable, retrying (attempt 2/5)
03:31:20 ERROR  GET /api/v1/flag failed: fetch failed
03:31:21 ERROR  connect ECONNREFUSED 127.0.0.1:3001
03:31:28 ERROR  connect ECONNREFUSED 127.0.0.1:3001
03:31:29 ERROR  GET /api/v1/flag failed: fetch failed
03:31:30 ERROR  GET /api/v1/flag failed: fetch failed
03:31:31 WARN   api unreachable, retrying (attempt 4/5)
03:31:31 ERROR  GET /api/v1/flag failed: fetch failed
03:31:34 ERROR  GET /api/v1/flag failed: fetch failed
03:31:37 ERROR  connect ECONNREFUSED 127.0.0.1:3001
03:31:41 ERROR  connect ECONNREFUSED 127.0.0.1:3001
03:31:43 WARN   api unreachable, retrying (attempt 5/5)
03:31:44 ERROR  connect ECONNREFUSED 127.0.0.1:3001
03:31:44 ERROR  connect ECONNREFUSED 127.0.0.1:3001
03:31:45 WARN   api unreachable, retrying (attempt 5/5)
03:31:46 ERROR  connect ECONNREFUSED 127.0.0.1:3001
03:31:47 WARN   api unreachable, retrying (attempt 4/5)
03:31:49 ERROR  GET /api/v1/flag failed: fetch failed
03:31:51 ERROR  connect ECONNREFUSED 127.0.0.1:3001
03:31:56 ERROR  GET /api/v1/flag failed: fetch failed
03:31:57 ERROR  connect ECONNREFUSED 127.0.0.1:3001
03:31:58 ERROR  connect ECONNREFUSED 127.0.0.1:3001
03:32:01 ERROR  connect ECONNREFUSED 127.0.0.1:3001
03:32:03 WARN   api unreachable, retrying (attempt 3/5)
03:32:03 WARN   api unreachable, retrying (attempt 4/5)
03:32:05 ERROR  connect ECONNREFUSED 127.0.0.1:3001
03:32:05 ERROR  GET /api/v1/flag failed: fetch failed
03:32:06 ERROR  GET /api/v1/flag failed: fetch failed
03:32:07 WARN   api unreachable, retrying (attempt 5/5)
03:32:07 ERROR  GET /api/v1/flag failed: fetch failed
03:32:10 ERROR  connect ECONNREFUSED 127.0.0.1:3001
03:32:11 ERROR  connect ECONNREFUSED 127.0.0.1:3001
03:32:12 ERROR  connect ECONNREFUSED 127.0.0.1:3001
03:32:12 ERROR  connect ECONNREFUSED 127.0.0.1:3001
03:32:14 ERROR  connect ECONNREFUSED 127.0.0.1:3001
03:32:16 ERROR  connect ECONNREFUSED 127.0.0.1:3001
03:32:19 ERROR  connect ECONNREFUSED 127.0.0.1:3001
03:32:21 ERROR  GET /api/v1/flag failed: fetch failed
03:32:23 WARN   api unreachable, retrying (attempt 1/5)
03:32:25 WARN   api unreachable, retrying (attempt 5/5)
03:32:28 ERROR  connect ECONNREFUSED 127.0.0.1:3001
03:32:29 ERROR  GET /api/v1/flag failed: fetch failed
03:32:31 ERROR  GET /api/v1/flag failed: fetch failed
03:32:31 ERROR  GET /api/v1/flag failed: fetch failed
03:32:31 WARN   api unreachable, retrying (attempt 1/5)
03:32:32 ERROR  GET /api/v1/flag failed: fetch failed
03:32:34 ERROR  connect ECONNREFUSED 127.0.0.1:3001
03:32:35 WARN   api unreachable, retrying (attempt 3/5)
03:32:36 ERROR  connect ECONNREFUSED 127.0.0.1:3001
03:32:39 ERROR  connect ECONNREFUSED 127.0.0.1:3001
03:32:39 ERROR  connect ECONNREFUSED 127.0.0.1:3001
03:32:44 ERROR  connect ECONNREFUSED 127.0.0.1:3001
03:32:46 WARN   api unreachable, retrying (attempt 1/5)
03:32:47 ERROR  connect ECONNREFUSED 127.0.0.1:3001
03:32:50 ERROR  connect ECONNREFUSED 127.0.0.1:3001
03:32:51 ERROR  connect ECONNREFUSED 127.0.0.1:3001
03:32:54 ERROR  connect ECONNREFUSED 127.0.0.1:3001
03:32:54 WARN   api unreachable, retrying (attempt 5/5)
03:32:59 ERROR  GET /api/v1/flag failed: fetch failed
03:33:02 ERROR  connect ECONNREFUSED 127.0.0.1:3001
03:33:05 ERROR  GET /api/v1/flag failed: fetch failed
03:33:07 ERROR  connect ECONNREFUSED 127.0.0.1:3001
03:33:09 WARN   api unreachable, retrying (attempt 2/5)
03:33:12 ERROR  GET /api/v1/flag failed: fetch failed
03:33:14 WARN   api unreachable, retrying (attempt 3/5)
03:33:14 ERROR  GET /api/v1/flag failed: fetch failed
03:33:17 WARN   api unreachable, retrying (attempt 3/5)
03:33:19 ERROR  GET /api/v1/flag failed: fetch failed
03:33:20 ERROR  connect ECONNREFUSED 127.0.0.1:3001
03:33:22 ERROR  GET /api/v1/flag failed: fetch failed
03:33:26 ERROR  GET /api/v1/flag failed: fetch failed
03:33:26 ERROR  connect ECONNREFUSED 127.0.0.1:3001
03:33:28 ERROR  connect ECONNREFUSED 127.0.0.1:3001
03:33:28 ERROR  GET /api/v1/flag failed: fetch failed
03:33:29 WARN   api unreachable, retrying (attempt 2/5)
03:33:30 WARN   api unreachable, retrying (attempt 1/5)
03:33:31 ERROR  GET /api/v1/flag failed: fetch failed
03:33:32 ERROR  connect ECONNREFUSED 127.0.0.1:3001
03:33:33 ERROR  connect ECONNREFUSED 127.0.0.1:3001
03:33:35 ERROR  GET /api/v1/flag failed: fetch failed
03:33:36 WARN   api unreachable, retrying (attempt 5/5)
03:33:37 ERROR  GET /api/v1/flag failed: fetch failed
03:33:38 WARN   api unreachable, retrying (attempt 5/5)
03:33:39 WARN   api unreachable, retrying (attempt 2/5)
03:33:41 WARN   api unreachable, retrying (attempt 5/5)
03:33:41 WARN   api unreachable, retrying (attempt 2/5)
03:33:42 WARN   api unreachable, retrying (attempt 4/5)
03:33:43 ERROR  GET /api/v1/flag failed: fetch failed
03:33:44 ERROR  connect ECONNREFUSED 127.0.0.1:3001
03:33:47 WARN   api unreachable, retrying (attempt 5/5)
03:33:51 ERROR  connect ECONNREFUSED 127.0.0.1:3001
03:33:54 WARN   api unreachable, retrying (attempt 1/5)
03:33:59 ERROR  connect ECONNREFUSED 127.0.0.1:3001
03:33:59 ERROR  GET /api/v1/flag failed: fetch failed
03:34:00 WARN   api unreachable, retrying (attempt 3/5)
03:34:03 WARN   api unreachable, retrying (attempt 2/5)
03:34:09 WARN   api unreachable, retrying (attempt 5/5)
03:34:11 ERROR  GET /api/v1/flag failed: fetch failed
03:34:13 ERROR  connect ECONNREFUSED 127.0.0.1:3001
03:34:15 ERROR  GET /api/v1/flag failed: fetch failed
03:34:15 WARN   api unreachable, retrying (attempt 2/5)
03:34:18 ERROR  connect ECONNREFUSED 127.0.0.1:3001
03:34:19 ERROR  connect ECONNREFUSED 127.0.0.1:3001
03:34:19 ERROR  connect ECONNREFUSED 127.0.0.1:3001
03:34:21 ERROR  GET /api/v1/flag failed: fetch failed
03:34:25 ERROR  connect ECONNREFUSED 127.0.0.1:3001
03:34:25 ERROR  GET /api/v1/flag failed: fetch failed
03:34:26 WARN   api unreachable, retrying (attempt 2/5)
03:34:27 WARN   api unreachable, retrying (attempt 3/5)
03:34:27 WARN   api unreachable, retrying (attempt 3/5)
03:34:29 WARN   api unreachable, retrying (attempt 2/5)
03:34:30 ERROR  connect ECONNREFUSED 127.0.0.1:3001
03:34:32 ERROR  connect ECONNREFUSED 127.0.0.1:3001
03:34:34 ERROR  connect ECONNREFUSED 127.0.0.1:3001
03:34:34 WARN   api unreachable, retrying (attempt 2/5)
03:34:36 ERROR  GET /api/v1/flag failed: fetch failed
03:34:36 WARN   api unreachable, retrying (attempt 2/5)
03:34:36 ERROR  connect ECONNREFUSED 127.0.0.1:3001
03:34:37 WARN   api unreachable, retrying (attempt 1/5)
03:34:37 ERROR  GET /api/v1/flag failed: fetch failed
03:34:37 ERROR  connect ECONNREFUSED 127.0.0.1:3001
03:34:37 WARN   api unreachable, retrying (attempt 4/5)
03:34:40 WARN   api unreachable, retrying (attempt 2/5)
03:34:42 ERROR  connect ECONNREFUSED 127.0.0.1:3001
03:34:44 ERROR  connect ECONNREFUSED 127.0.0.1:3001
03:34:45 ERROR  connect ECONNREFUSED 127.0.0.1:3001
03:34:48 ERROR  GET /api/v1/flag failed: fetch failed
03:34:53 ERROR  GET /api/v1/flag failed: fetch failed
03:34:54 WARN   api unreachable, retrying (attempt 1/5)
03:35:02 ERROR  connect ECONNREFUSED 127.0.0.1:3001
03:35:03 ERROR  connect ECONNREFUSED 127.0.0.1:3001
03:35:03 ERROR  GET /api/v1/flag failed: fetch failed
03:35:07 ERROR  GET /api/v1/flag failed: fetch failed
03:35:10 ERROR  GET /api/v1/flag failed: fetch failed
03:35:11 ERROR  connect ECONNREFUSED 127.0.0.1:3001
03:35:13 WARN   api unreachable, retrying (attempt 5/5)
03:35:15 WARN   api unreachable, retrying (attempt 4/5)
03:35:16 WARN   api unreachable, retrying (attempt 4/5)
03:35:16 WARN   api unreachable, retrying (attempt 2/5)
03:35:17 WARN   api unreachable, retrying (attempt 1/5)
03:35:20 ERROR  connect ECONNREFUSED 127.0.0.1:3001
03:35:21 WARN   api unreachable, retrying (attempt 3/5)
03:35:23 WARN   api unreachable, retrying (attempt 3/5)
03:35:23 WARN   api unreachable, retrying (attempt 5/5)
03:35:24 ERROR  GET /api/v1/flag failed: fetch failed
03:35:26 WARN   api unreachable, retrying (attempt 2/5)
03:35:26 ERROR  connect ECONNREFUSED 127.0.0.1:3001
03:35:28 ERROR  connect ECONNREFUSED 127.0.0.1:3001
03:35:29 WARN   api unreachable, retrying (attempt 5/5)
03:35:30 ERROR  GET /api/v1/flag failed: fetch failed
03:35:32 ERROR  GET /api/v1/flag failed: fetch failed
03:35:33 WARN   api unreachable, retrying (attempt 2/5)
03:35:34 ERROR  connect ECONNREFUSED 127.0.0.1:3001
03:35:36 ERROR  connect ECONNREFUSED 127.0.0.1:3001
03:35:37 ERROR  GET /api/v1/flag failed: fetch failed
03:35:40 ERROR  connect ECONNREFUSED 127.0.0.1:3001
03:35:40 ERROR  GET /api/v1/flag failed: fetch failed
03:35:43 ERROR  GET /api/v1/flag failed: fetch failed
03:35:43 ERROR  connect ECONNREFUSED 127.0.0.1:3001
03:35:48 WARN   api unreachable, retrying (attempt 5/5)
03:35:51 ERROR  GET /api/v1/flag failed: fetch failed
03:35:52 WARN   api unreachable, retrying (attempt 3/5)
03:35:53 ERROR  GET /api/v1/flag failed: fetch failed
03:35:53 ERROR  GET /api/v1/flag failed: fetch failed
03:35:57 ERROR  connect ECONNREFUSED 127.0.0.1:3001
03:35:57 WARN   api unreachable, retrying (attempt 3/5)
03:35:59 ERROR  connect ECONNREFUSED 127.0.0.1:3001
03:36:00 WARN   api unreachable, retrying (attempt 5/5)
03:36:00 WARN   api unreachable, retrying (attempt 5/5)
03:36:02 ERROR  connect ECONNREFUSED 127.0.0.1:3001
03:36:05 ERROR  GET /api/v1/flag failed: fetch failed
03:36:06 WARN   api unreachable, retrying (attempt 3/5)
03:36:06 ERROR  connect ECONNREFUSED 127.0.0.1:3001
03:36:09 ERROR  GET /api/v1/flag failed: fetch failed
03:36:10 WARN   api unreachable, retrying (attempt 2/5)
03:36:11 ERROR  connect ECONNREFUSED 127.0.0.1:3001
03:36:14 WARN   api unreachable, retrying (attempt 5/5)
03:36:16 ERROR  connect ECONNREFUSED 127.0.0.1:3001
03:36:16 ERROR  GET /api/v1/flag failed: fetch failed
03:36:18 ERROR  GET /api/v1/flag failed: fetch failed
03:36:18 ERROR  connect ECONNREFUSED 127.0.0.1:3001
03:36:23 ERROR  GET /api/v1/flag failed: fetch failed
03:36:25 ERROR  connect ECONNREFUSED 127.0.0.1:3001
03:36:27 ERROR  GET /api/v1/flag failed: fetch failed
03:36:30 ERROR  GET /api/v1/flag failed: fetch failed
03:36:30 ERROR  connect ECONNREFUSED 127.0.0.1:3001
03:36:33 ERROR  GET /api/v1/flag failed: fetch failed
03:36:37 ERROR  GET /api/v1/flag failed: fetch failed
03:36:37 ERROR  GET /api/v1/flag failed: fetch failed
03:36:43 ERROR  GET /api/v1/flag failed: fetch failed
03:36:47 ERROR  GET /api/v1/flag failed: fetch failed
03:36:48 ERROR  connect ECONNREFUSED 127.0.0.1:3001
03:36:51 ERROR  GET /api/v1/flag failed: fetch failed
03:36:51 WARN   api unreachable, retrying (attempt 2/5)
03:36:51 ERROR  connect ECONNREFUSED 127.0.0.1:3001
03:36:52 ERROR  connect ECONNREFUSED 127.0.0.1:3001
03:36:53 WARN   api unreachable, retrying (attempt 4/5)
03:36:55 WARN   api unreachable, retrying (attempt 1/5)
03:36:55 WARN   api unreachable, retrying (attempt 5/5)
03:36:59 WARN   api unreachable, retrying (attempt 4/5)
03:36:59 WARN   api unreachable, retrying (attempt 1/5)
03:37:01 ERROR  connect ECONNREFUSED 127.0.0.1:3001
03:37:03 ERROR  connect ECONNREFUSED 127.0.0.1:3001
03:37:04 WARN   api unreachable, retrying (attempt 3/5)
03:37:08 WARN   api unreachable, retrying (attempt 5/5)
03:37:09 WARN   api unreachable, retrying (attempt 4/5)
03:37:10 ERROR  GET /api/v1/flag failed: fetch failed
03:37:11 WARN   api unreachable, retrying (attempt 2/5)
03:37:11 ERROR  GET /api/v1/flag failed: fetch failed
03:37:13 ERROR  connect ECONNREFUSED 127.0.0.1:3001
03:37:14 ERROR  GET /api/v1/flag failed: fetch failed
03:37:17 WARN   api unreachable, retrying (attempt 5/5)
03:37:20 ERROR  GET /api/v1/flag failed: fetch failed
03:37:22 WARN   api unreachable, retrying (attempt 5/5)
03:37:22 WARN   api unreachable, retrying (attempt 5/5)
03:37:23 WARN   api unreachable, retrying (attempt 5/5)
03:37:26 ERROR  GET /api/v1/flag failed: fetch failed
03:37:26 ERROR  connect ECONNREFUSED 127.0.0.1:3001
03:37:28 WARN   api unreachable, retrying (attempt 3/5)
03:37:29 ERROR  GET /api/v1/flag failed: fetch failed
03:37:31 WARN   api unreachable, retrying (attempt 2/5)
03:37:31 ERROR  connect ECONNREFUSED 127.0.0.1:3001
03:37:40 WARN   api unreachable, retrying (attempt 5/5)
03:37:42 ERROR  connect ECONNREFUSED 127.0.0.1:3001
03:37:50 WARN   api unreachable, retrying (attempt 1/5)
03:37:52 WARN   api unreachable, retrying (attempt 3/5)
03:37:53 ERROR  connect ECONNREFUSED 127.0.0.1:3001
03:37:56 ERROR  GET /api/v1/flag failed: fetch failed
03:37:56 ERROR  GET /api/v1/flag failed: fetch failed
03:37:57 ERROR  connect ECONNREFUSED 127.0.0.1:3001
03:37:58 ERROR  connect ECONNREFUSED 127.0.0.1:3001
03:37:59 ERROR  GET /api/v1/flag failed: fetch failed
03:38:00 ERROR  connect ECONNREFUSED 127.0.0.1:3001
03:38:02 WARN   api unreachable, retrying (attempt 3/5)
03:38:04 ERROR  connect ECONNREFUSED 127.0.0.1:3001
03:38:08 ERROR  connect ECONNREFUSED 127.0.0.1:3001
03:38:10 ERROR  connect ECONNREFUSED 127.0.0.1:3001
03:38:10 ERROR  GET /api/v1/flag failed: fetch failed
03:38:11 ERROR  GET /api/v1/flag failed: fetch failed
03:38:11 ERROR  GET /api/v1/flag failed: fetch failed
03:38:12 ERROR  connect ECONNREFUSED 127.0.0.1:3001
03:38:13 WARN   api unreachable, retrying (attempt 2/5)
03:38:15 ERROR  connect ECONNREFUSED 127.0.0.1:3001
03:38:17 ERROR  GET /api/v1/flag failed: fetch failed
03:38:21 WARN   api unreachable, retrying (attempt 3/5)
03:38:22 ERROR  connect ECONNREFUSED 127.0.0.1:3001
03:38:24 ERROR  connect ECONNREFUSED 127.0.0.1:3001
03:38:26 WARN   api unreachable, retrying (attempt 2/5)
03:38:29 WARN   api unreachable, retrying (attempt 3/5)
03:38:32 ERROR  connect ECONNREFUSED 127.0.0.1:3001
03:38:32 WARN   api unreachable, retrying (attempt 3/5)
03:38:33 ERROR  connect ECONNREFUSED 127.0.0.1:3001
03:38:35 ERROR  connect ECONNREFUSED 127.0.0.1:3001
03:38:36 ERROR  connect ECONNREFUSED 127.0.0.1:3001
03:38:37 ERROR  connect ECONNREFUSED 127.0.0.1:3001
03:38:38 ERROR  GET /api/v1/flag failed: fetch failed
03:38:42 ERROR  connect ECONNREFUSED 127.0.0.1:3001
03:38:43 WARN   api unreachable, retrying (attempt 3/5)
03:38:44 ERROR  connect ECONNREFUSED 127.0.0.1:3001
03:38:44 WARN   api unreachable, retrying (attempt 5/5)
03:38:49 WARN   api unreachable, retrying (attempt 3/5)
03:38:51 ERROR  connect ECONNREFUSED 127.0.0.1:3001
03:38:55 ERROR  connect ECONNREFUSED 127.0.0.1:3001
03:38:56 ERROR  GET /api/v1/flag failed: fetch failed
03:38:57 ERROR  GET /api/v1/flag failed: fetch failed
03:38:57 ERROR  connect ECONNREFUSED 127.0.0.1:3001
03:38:59 WARN   api unreachable, retrying (attempt 1/5)
03:38:59 ERROR  connect ECONNREFUSED 127.0.0.1:3001
03:38:59 ERROR  connect ECONNREFUSED 127.0.0.1:3001
03:39:02 ERROR  connect ECONNREFUSED 127.0.0.1:3001
03:39:02 ERROR  GET /api/v1/flag failed: fetch failed
03:39:14 WARN   api unreachable, retrying (attempt 4/5)
03:39:14 ERROR  connect ECONNREFUSED 127.0.0.1:3001
03:39:18 ERROR  connect ECONNREFUSED 127.0.0.1:3001
03:39:19 WARN   api unreachable, retrying (attempt 5/5)
03:39:21 ERROR  connect ECONNREFUSED 127.0.0.1:3001
03:39:22 ERROR  GET /api/v1/flag failed: fetch failed
03:39:22 ERROR  GET /api/v1/flag failed: fetch failed
03:39:22 ERROR  connect ECONNREFUSED 127.0.0.1:3001
03:39:23 WARN   api unreachable, retrying (attempt 2/5)
03:39:23 ERROR  connect ECONNREFUSED 127.0.0.1:3001
03:39:23 WARN   api unreachable, retrying (attempt 2/5)
03:39:26 WARN   api unreachable, retrying (attempt 3/5)
03:39:26 WARN   api unreachable, retrying (attempt 1/5)
03:39:27 WARN   api unreachable, retrying (attempt 4/5)
03:39:28 WARN   api unreachable, retrying (attempt 3/5)
03:39:28 ERROR  connect ECONNREFUSED 127.0.0.1:3001
03:39:30 WARN   api unreachable, retrying (attempt 5/5)
03:39:31 WARN   api unreachable, retrying (attempt 5/5)
03:39:32 WARN   api unreachable, retrying (attempt 5/5)
03:39:34 WARN   api unreachable, retrying (attempt 3/5)
03:39:36 ERROR  GET /api/v1/flag failed: fetch failed
03:39:37 WARN   api unreachable, retrying (attempt 4/5)
03:39:39 ERROR  connect ECONNREFUSED 127.0.0.1:3001
03:39:40 WARN   api unreachable, retrying (attempt 4/5)
03:39:40 ERROR  GET /api/v1/flag failed: fetch failed
03:39:41 ERROR  GET /api/v1/flag failed: fetch failed
03:39:41 ERROR  GET /api/v1/flag failed: fetch failed
03:39:41 WARN   api unreachable, retrying (attempt 1/5)
03:39:42 ERROR  GET /api/v1/flag failed: fetch failed
03:39:43 WARN   api unreachable, retrying (attempt 1/5)
03:39:46 WARN   api unreachable, retrying (attempt 2/5)
03:39:48 WARN   api unreachable, retrying (attempt 2/5)
03:39:49 ERROR  GET /api/v1/flag failed: fetch failed
03:39:50 ERROR  GET /api/v1/flag failed: fetch failed
03:39:52 ERROR  connect ECONNREFUSED 127.0.0.1:3001
03:39:53 ERROR  connect ECONNREFUSED 127.0.0.1:3001
03:39:54 ERROR  connect ECONNREFUSED 127.0.0.1:3001
03:39:54 WARN   api unreachable, retrying (attempt 5/5)
03:39:55 ERROR  connect ECONNREFUSED 127.0.0.1:3001
03:39:56 WARN   api unreachable, retrying (attempt 3/5)
03:39:56 ERROR  GET /api/v1/flag failed: fetch failed
03:39:57 ERROR  GET /api/v1/flag failed: fetch failed
03:39:58 ERROR  GET /api/v1/flag failed: fetch failed
03:39:59 ERROR  connect ECONNREFUSED 127.0.0.1:3001
03:39:59 ERROR  connect ECONNREFUSED 127.0.0.1:3001
03:40:00 WARN   api unreachable, retrying (attempt 3/5)
03:40:01 WARN   api unreachable, retrying (attempt 4/5)
03:40:02 WARN   api unreachable, retrying (attempt 5/5)
03:40:02 WARN   api unreachable, retrying (attempt 5/5)
03:40:03 WARN   api unreachable, retrying (attempt 2/5)
03:40:05 ERROR  GET /api/v1/flag failed: fetch failed
03:40:08 ERROR  GET /api/v1/flag failed: fetch failed
03:40:10 WARN   api unreachable, retrying (attempt 1/5)
03:40:15 WARN   api unreachable, retrying (attempt 3/5)
03:40:15 ERROR  GET /api/v1/flag failed: fetch failed
03:40:16 ERROR  connect ECONNREFUSED 127.0.0.1:3001
03:40:19 ERROR  connect ECONNREFUSED 127.0.0.1:3001
03:40:23 ERROR  GET /api/v1/flag failed: fetch failed
03:40:23 ERROR  connect ECONNREFUSED 127.0.0.1:3001
03:40:26 WARN   api unreachable, retrying (attempt 1/5)
03:40:27 ERROR  GET /api/v1/flag failed: fetch failed
03:40:27 ERROR  GET /api/v1/flag failed: fetch failed
03:40:27 ERROR  connect ECONNREFUSED 127.0.0.1:3001
03:40:27 ERROR  GET /api/v1/flag failed: fetch failed
03:40:29 ERROR  connect ECONNREFUSED 127.0.0.1:3001
03:40:30 WARN   api unreachable, retrying (attempt 1/5)
03:40:32 ERROR  GET /api/v1/flag failed: fetch failed
03:40:32 ERROR  connect ECONNREFUSED 127.0.0.1:3001
03:40:37 ERROR  GET /api/v1/flag failed: fetch failed
03:40:40 WARN   api unreachable, retrying (attempt 4/5)
03:40:45 ERROR  connect ECONNREFUSED 127.0.0.1:3001
03:40:45 WARN   api unreachable, retrying (attempt 1/5)
03:40:46 ERROR  connect ECONNREFUSED 127.0.0.1:3001
03:40:46 WARN   api unreachable, retrying (attempt 1/5)
03:40:46 ERROR  connect ECONNREFUSED 127.0.0.1:3001
03:40:48 ERROR  connect ECONNREFUSED 127.0.0.1:3001
03:40:50 ERROR  connect ECONNREFUSED 127.0.0.1:3001
03:40:50 ERROR  connect ECONNREFUSED 127.0.0.1:3001
03:40:52 WARN   api unreachable, retrying (attempt 5/5)
03:40:53 ERROR  GET /api/v1/flag failed: fetch failed
03:40:53 ERROR  connect ECONNREFUSED 127.0.0.1:3001
03:40:54 ERROR  connect ECONNREFUSED 127.0.0.1:3001
03:40:55 WARN   api unreachable, retrying (attempt 2/5)
03:40:58 WARN   api unreachable, retrying (attempt 5/5)
03:40:59 ERROR  GET /api/v1/flag failed: fetch failed
03:41:01 ERROR  GET /api/v1/flag failed: fetch failed
03:41:02 WARN   api unreachable, retrying (attempt 3/5)
03:41:03 ERROR  GET /api/v1/flag failed: fetch failed
03:41:08 WARN   api unreachable, retrying (attempt 3/5)
03:41:10 ERROR  GET /api/v1/flag failed: fetch failed
03:41:13 ERROR  connect ECONNREFUSED 127.0.0.1:3001
03:41:16 ERROR  GET /api/v1/flag failed: fetch failed
03:41:18 ERROR  connect ECONNREFUSED 127.0.0.1:3001
03:41:18 ERROR  GET /api/v1/flag failed: fetch failed
03:41:19 WARN   api unreachable, retrying (attempt 2/5)
03:41:22 ERROR  GET /api/v1/flag failed: fetch failed
03:41:22 ERROR  connect ECONNREFUSED 127.0.0.1:3001
03:41:22 ERROR  connect ECONNREFUSED 127.0.0.1:3001
03:41:24 ERROR  GET /api/v1/flag failed: fetch failed
03:41:25 WARN   api unreachable, retrying (attempt 1/5)
03:41:25 WARN   api unreachable, retrying (attempt 2/5)
03:41:25 ERROR  GET /api/v1/flag failed: fetch failed
03:41:26 ERROR  connect ECONNREFUSED 127.0.0.1:3001
03:41:26 ERROR  GET /api/v1/flag failed: fetch failed
03:41:28 WARN   api unreachable, retrying (attempt 5/5)
03:41:28 ERROR  connect ECONNREFUSED 127.0.0.1:3001
03:41:29 ERROR  GET /api/v1/flag failed: fetch failed
03:41:31 ERROR  GET /api/v1/flag failed: fetch failed
03:41:32 ERROR  GET /api/v1/flag failed: fetch failed
03:41:32 ERROR  GET /api/v1/flag failed: fetch failed
03:41:33 WARN   api unreachable, retrying (attempt 3/5)
03:41:33 ERROR  GET /api/v1/flag failed: fetch failed
03:41:34 ERROR  connect ECONNREFUSED 127.0.0.1:3001
03:41:34 ERROR  GET /api/v1/flag failed: fetch failed
03:41:35 ERROR  connect ECONNREFUSED 127.0.0.1:3001
03:41:35 WARN   api unreachable, retrying (attempt 4/5)
03:41:37 ERROR  GET /api/v1/flag failed: fetch failed
03:41:39 WARN   api unreachable, retrying (attempt 4/5)
03:41:40 ERROR  GET /api/v1/flag failed: fetch failed
03:41:45 ERROR  GET /api/v1/flag failed: fetch failed
03:41:47 WARN   api unreachable, retrying (attempt 3/5)
03:41:52 WARN   api unreachable, retrying (attempt 5/5)
03:41:52 WARN   api unreachable, retrying (attempt 2/5)
03:41:54 ERROR  connect ECONNREFUSED 127.0.0.1:3001
03:41:54 ERROR  GET /api/v1/flag failed: fetch failed
03:41:55 ERROR  GET /api/v1/flag failed: fetch failed
03:41:57 WARN   api unreachable, retrying (attempt 4/5)
03:41:57 WARN   api unreachable, retrying (attempt 2/5)
03:41:58 WARN   api unreachable, retrying (attempt 2/5)
03:42:01 ERROR  connect ECONNREFUSED 127.0.0.1:3001
03:42:03 ERROR  GET /api/v1/flag failed: fetch failed
03:42:07 ERROR  GET /api/v1/flag failed: fetch failed
03:42:08 ERROR  connect ECONNREFUSED 127.0.0.1:3001
03:42:08 WARN   api unreachable, retrying (attempt 1/5)
03:42:09 ERROR  GET /api/v1/flag failed: fetch failed
03:42:15 ERROR  GET /api/v1/flag failed: fetch failed
03:42:19 ERROR  GET /api/v1/flag failed: fetch failed
03:42:20 ERROR  GET /api/v1/flag failed: fetch failed
03:42:22 ERROR  connect ECONNREFUSED 127.0.0.1:3001
03:42:25 WARN   api unreachable, retrying (attempt 1/5)
03:42:26 WARN   api unreachable, retrying (attempt 4/5)
03:42:26 ERROR  GET /api/v1/flag failed: fetch failed
03:42:27 ERROR  connect ECONNREFUSED 127.0.0.1:3001
03:42:27 WARN   api unreachable, retrying (attempt 2/5)
03:42:28 WARN   api unreachable, retrying (attempt 2/5)
03:42:28 ERROR  connect ECONNREFUSED 127.0.0.1:3001
03:42:30 WARN   api unreachable, retrying (attempt 2/5)
03:42:30 ERROR  connect ECONNREFUSED 127.0.0.1:3001
03:42:32 ERROR  connect ECONNREFUSED 127.0.0.1:3001
03:42:32 ERROR  connect ECONNREFUSED 127.0.0.1:3001
03:42:32 WARN   api unreachable, retrying (attempt 4/5)
03:42:33 ERROR  connect ECONNREFUSED 127.0.0.1:3001
03:42:36 ERROR  GET /api/v1/flag failed: fetch failed
03:42:38 WARN   api unreachable, retrying (attempt 2/5)
03:42:40 ERROR  GET /api/v1/flag failed: fetch failed
03:42:42 ERROR  GET /api/v1/flag failed: fetch failed
03:42:42 WARN   api unreachable, retrying (attempt 4/5)
03:42:43 WARN   api unreachable, retrying (attempt 5/5)
03:42:43 WARN   api unreachable, retrying (attempt 3/5)
03:42:43 WARN   api unreachable, retrying (attempt 3/5)
03:42:46 WARN   api unreachable, retrying (attempt 5/5)
03:42:48 ERROR  connect ECONNREFUSED 127.0.0.1:3001
03:42:48 WARN   api unreachable, retrying (attempt 2/5)
03:42:51 WARN   api unreachable, retrying (attempt 5/5)
03:42:53 ERROR  connect ECONNREFUSED 127.0.0.1:3001
03:42:53 WARN   api unreachable, retrying (attempt 2/5)
03:42:54 ERROR  GET /api/v1/flag failed: fetch failed
03:42:55 ERROR  connect ECONNREFUSED 127.0.0.1:3001
03:42:56 WARN   api unreachable, retrying (attempt 5/5)
03:42:56 ERROR  connect ECONNREFUSED 127.0.0.1:3001
03:42:57 ERROR  connect ECONNREFUSED 127.0.0.1:3001
03:42:59 WARN   api unreachable, retrying (attempt 2/5)
03:42:59 WARN   api unreachable, retrying (attempt 4/5)
03:43:01 WARN   api unreachable, retrying (attempt 5/5)
03:43:06 ERROR  connect ECONNREFUSED 127.0.0.1:3001
03:43:09 ERROR  GET /api/v1/flag failed: fetch failed
03:43:15 WARN   api unreachable, retrying (attempt 2/5)
03:43:15 ERROR  GET /api/v1/flag failed: fetch failed
03:43:17 ERROR  connect ECONNREFUSED 127.0.0.1:3001
03:43:17 ERROR  GET /api/v1/flag failed: fetch failed
03:43:17 ERROR  GET /api/v1/flag failed: fetch failed
03:43:18 ERROR  connect ECONNREFUSED 127.0.0.1:3001
03:43:19 ERROR  GET /api/v1/flag failed: fetch failed
03:43:20 ERROR  GET /api/v1/flag failed: fetch failed
03:43:21 ERROR  connect ECONNREFUSED 127.0.0.1:3001
03:43:24 ERROR  GET /api/v1/flag failed: fetch failed
03:43:28 ERROR  connect ECONNREFUSED 127.0.0.1:3001
03:43:28 WARN   api unreachable, retrying (attempt 5/5)
03:43:30 ERROR  connect ECONNREFUSED 127.0.0.1:3001
03:43:33 ERROR  connect ECONNREFUSED 127.0.0.1:3001
03:43:34 WARN   api unreachable, retrying (attempt 4/5)
03:43:36 WARN   api unreachable, retrying (attempt 1/5)
03:43:36 ERROR  GET /api/v1/flag failed: fetch failed
03:43:38 WARN   api unreachable, retrying (attempt 1/5)
03:43:40 WARN   api unreachable, retrying (attempt 1/5)
03:43:42 ERROR  connect ECONNREFUSED 127.0.0.1:3001
03:43:42 ERROR  connect ECONNREFUSED 127.0.0.1:3001
03:43:42 ERROR  connect ECONNREFUSED 127.0.0.1:3001
03:43:45 ERROR  connect ECONNREFUSED 127.0.0.1:3001
03:43:45 WARN   api unreachable, retrying (attempt 1/5)
03:43:48 ERROR  connect ECONNREFUSED 127.0.0.1:3001
03:43:49 ERROR  connect ECONNREFUSED 127.0.0.1:3001
03:43:51 ERROR  GET /api/v1/flag failed: fetch failed
03:43:51 ERROR  GET /api/v1/flag failed: fetch failed
03:43:53 ERROR  GET /api/v1/flag failed: fetch failed
03:43:53 WARN   api unreachable, retrying (attempt 1/5)
03:43:53 WARN   api unreachable, retrying (attempt 2/5)
03:43:54 ERROR  GET /api/v1/flag failed: fetch failed
03:43:59 WARN   api unreachable, retrying (attempt 2/5)
03:44:08 ERROR  GET /api/v1/flag failed: fetch failed
03:44:09 ERROR  GET /api/v1/flag failed: fetch failed
03:44:10 ERROR  GET /api/v1/flag failed: fetch failed
03:44:10 ERROR  connect ECONNREFUSED 127.0.0.1:3001
03:44:13 ERROR  GET /api/v1/flag failed: fetch failed
03:44:15 WARN   api unreachable, retrying (attempt 2/5)
03:44:15 ERROR  connect ECONNREFUSED 127.0.0.1:3001
03:44:16 ERROR  GET /api/v1/flag failed: fetch failed
03:44:19 hc26{wrong_terminal_window_again} ugh WRONG WINDOW. anyway: i redacted the creds in docs/demo-deck.pdf by drawing black boxes over the text lol. its all still under there, you just cant see it. if anyone opened it, selected all (ctrl+a, or cmd+a on mac), copied and pasted it somewhere, theyd see everything. oh no
03:44:25 ERROR  connect ECONNREFUSED 127.0.0.1:3001
03:44:25 WARN   api unreachable, retrying (attempt 2/5)
03:44:25 ERROR  GET /api/v1/flag failed: fetch failed
03:44:25 ERROR  connect ECONNREFUSED 127.0.0.1:3001
03:44:25 ERROR  connect ECONNREFUSED 127.0.0.1:3001
03:44:25 WARN   api unreachable, retrying (attempt 1/5)
03:44:25 ERROR  connect ECONNREFUSED 127.0.0.1:3001
03:44:25 WARN   api unreachable, retrying (attempt 3/5)
03:44:25 ERROR  connect ECONNREFUSED 127.0.0.1:3001
03:44:25 ERROR  GET /api/v1/flag failed: fetch failed
03:44:28 WARN   api unreachable, retrying (attempt 3/5)
03:44:30 WARN   api unreachable, retrying (attempt 5/5)
03:44:33 ERROR  GET /api/v1/flag failed: fetch failed
03:44:36 ERROR  connect ECONNREFUSED 127.0.0.1:3001
03:44:37 WARN   api unreachable, retrying (attempt 1/5)
03:44:40 WARN   api unreachable, retrying (attempt 4/5)
03:44:40 ERROR  connect ECONNREFUSED 127.0.0.1:3001
03:44:42 ERROR  connect ECONNREFUSED 127.0.0.1:3001
03:44:42 WARN   api unreachable, retrying (attempt 2/5)
03:44:43 WARN   api unreachable, retrying (attempt 4/5)
03:44:44 WARN   api unreachable, retrying (attempt 5/5)
03:44:45 ERROR  connect ECONNREFUSED 127.0.0.1:3001
03:44:46 ERROR  GET /api/v1/flag failed: fetch failed
03:44:46 ERROR  GET /api/v1/flag failed: fetch failed
03:44:50 ERROR  connect ECONNREFUSED 127.0.0.1:3001
03:44:50 ERROR  connect ECONNREFUSED 127.0.0.1:3001
03:44:58 ERROR  GET /api/v1/flag failed: fetch failed
03:45:00 ERROR  GET /api/v1/flag failed: fetch failed
03:45:00 ERROR  GET /api/v1/flag failed: fetch failed
03:45:06 ERROR  GET /api/v1/flag failed: fetch failed
03:45:06 ERROR  connect ECONNREFUSED 127.0.0.1:3001
03:45:07 ERROR  GET /api/v1/flag failed: fetch failed
03:45:07 WARN   api unreachable, retrying (attempt 1/5)
03:45:08 ERROR  GET /api/v1/flag failed: fetch failed
03:45:09 WARN   api unreachable, retrying (attempt 2/5)
03:45:09 ERROR  connect ECONNREFUSED 127.0.0.1:3001
03:45:09 ERROR  GET /api/v1/flag failed: fetch failed
03:45:10 ERROR  connect ECONNREFUSED 127.0.0.1:3001
03:45:13 ERROR  connect ECONNREFUSED 127.0.0.1:3001
03:45:15 ERROR  GET /api/v1/flag failed: fetch failed
03:45:16 WARN   api unreachable, retrying (attempt 1/5)
03:45:18 ERROR  GET /api/v1/flag failed: fetch failed
03:45:19 ERROR  GET /api/v1/flag failed: fetch failed
03:45:20 ERROR  connect ECONNREFUSED 127.0.0.1:3001
03:45:21 ERROR  connect ECONNREFUSED 127.0.0.1:3001
03:45:22 ERROR  connect ECONNREFUSED 127.0.0.1:3001
03:45:22 ERROR  GET /api/v1/flag failed: fetch failed
03:45:22 ERROR  connect ECONNREFUSED 127.0.0.1:3001
03:45:23 ERROR  connect ECONNREFUSED 127.0.0.1:3001
03:45:24 ERROR  connect ECONNREFUSED 127.0.0.1:3001
03:45:24 WARN   api unreachable, retrying (attempt 2/5)
03:45:24 WARN   api unreachable, retrying (attempt 2/5)
03:45:27 ERROR  connect ECONNREFUSED 127.0.0.1:3001
03:45:29 WARN   api unreachable, retrying (attempt 3/5)
03:45:29 ERROR  connect ECONNREFUSED 127.0.0.1:3001
03:45:30 ERROR  GET /api/v1/flag failed: fetch failed
03:45:37 ERROR  GET /api/v1/flag failed: fetch failed
03:45:38 ERROR  connect ECONNREFUSED 127.0.0.1:3001
03:45:39 ERROR  connect ECONNREFUSED 127.0.0.1:3001
03:45:40 ERROR  GET /api/v1/flag failed: fetch failed
03:45:42 ERROR  connect ECONNREFUSED 127.0.0.1:3001
03:45:42 ERROR  connect ECONNREFUSED 127.0.0.1:3001
03:45:45 ERROR  connect ECONNREFUSED 127.0.0.1:3001
03:45:46 ERROR  connect ECONNREFUSED 127.0.0.1:3001
03:45:49 WARN   api unreachable, retrying (attempt 4/5)
03:45:49 ERROR  GET /api/v1/flag failed: fetch failed
03:45:50 ERROR  connect ECONNREFUSED 127.0.0.1:3001
03:45:55 ERROR  connect ECONNREFUSED 127.0.0.1:3001
03:45:55 WARN   api unreachable, retrying (attempt 5/5)
03:45:56 ERROR  connect ECONNREFUSED 127.0.0.1:3001
03:45:56 ERROR  connect ECONNREFUSED 127.0.0.1:3001
03:45:56 WARN   api unreachable, retrying (attempt 4/5)
03:45:57 ERROR  connect ECONNREFUSED 127.0.0.1:3001
03:45:58 WARN   api unreachable, retrying (attempt 2/5)
03:46:00 ERROR  GET /api/v1/flag failed: fetch failed
03:46:01 ERROR  connect ECONNREFUSED 127.0.0.1:3001
03:46:01 ERROR  connect ECONNREFUSED 127.0.0.1:3001
03:46:02 ERROR  connect ECONNREFUSED 127.0.0.1:3001
03:46:02 ERROR  GET /api/v1/flag failed: fetch failed
03:46:04 WARN   api unreachable, retrying (attempt 4/5)
03:46:06 ERROR  connect ECONNREFUSED 127.0.0.1:3001
03:46:07 ERROR  GET /api/v1/flag failed: fetch failed
03:46:08 ERROR  connect ECONNREFUSED 127.0.0.1:3001
03:46:08 ERROR  connect ECONNREFUSED 127.0.0.1:3001
03:46:09 ERROR  connect ECONNREFUSED 127.0.0.1:3001
03:46:10 ERROR  GET /api/v1/flag failed: fetch failed
03:46:10 ERROR  connect ECONNREFUSED 127.0.0.1:3001
03:46:10 WARN   api unreachable, retrying (attempt 4/5)
03:46:11 ERROR  GET /api/v1/flag failed: fetch failed
03:46:12 ERROR  connect ECONNREFUSED 127.0.0.1:3001
03:46:14 ERROR  GET /api/v1/flag failed: fetch failed
03:46:19 ERROR  connect ECONNREFUSED 127.0.0.1:3001
03:46:19 ERROR  connect ECONNREFUSED 127.0.0.1:3001
03:46:22 WARN   api unreachable, retrying (attempt 2/5)
03:46:23 ERROR  connect ECONNREFUSED 127.0.0.1:3001
03:46:23 WARN   api unreachable, retrying (attempt 1/5)
03:46:23 ERROR  connect ECONNREFUSED 127.0.0.1:3001
03:46:24 WARN   api unreachable, retrying (attempt 4/5)
03:46:25 ERROR  connect ECONNREFUSED 127.0.0.1:3001
03:46:27 WARN   api unreachable, retrying (attempt 4/5)
03:46:27 ERROR  connect ECONNREFUSED 127.0.0.1:3001
03:46:27 ERROR  GET /api/v1/flag failed: fetch failed
03:46:27 ERROR  GET /api/v1/flag failed: fetch failed
03:46:28 ERROR  GET /api/v1/flag failed: fetch failed
03:46:32 ERROR  connect ECONNREFUSED 127.0.0.1:3001
03:46:32 ERROR  GET /api/v1/flag failed: fetch failed
03:46:33 ERROR  GET /api/v1/flag failed: fetch failed
03:46:34 ERROR  GET /api/v1/flag failed: fetch failed
03:46:37 WARN   api unreachable, retrying (attempt 5/5)
03:46:39 ERROR  connect ECONNREFUSED 127.0.0.1:3001
03:46:44 ERROR  GET /api/v1/flag failed: fetch failed
03:46:44 ERROR  connect ECONNREFUSED 127.0.0.1:3001
03:46:45 WARN   api unreachable, retrying (attempt 1/5)
03:46:46 ERROR  GET /api/v1/flag failed: fetch failed
03:46:46 WARN   api unreachable, retrying (attempt 4/5)
03:46:46 ERROR  GET /api/v1/flag failed: fetch failed
03:46:47 WARN   api unreachable, retrying (attempt 5/5)
03:46:47 WARN   api unreachable, retrying (attempt 1/5)
03:46:47 ERROR  connect ECONNREFUSED 127.0.0.1:3001
03:46:50 ERROR  connect ECONNREFUSED 127.0.0.1:3001
03:46:53 WARN   api unreachable, retrying (attempt 4/5)
03:46:59 WARN   api unreachable, retrying (attempt 5/5)
03:47:01 WARN   api unreachable, retrying (attempt 4/5)
03:47:03 WARN   api unreachable, retrying (attempt 2/5)
03:47:05 WARN   api unreachable, retrying (attempt 3/5)
03:47:13 ERROR  GET /api/v1/flag failed: fetch failed
03:47:17 ERROR  GET /api/v1/flag failed: fetch failed
03:47:19 ERROR  GET /api/v1/flag failed: fetch failed
03:47:24 ERROR  connect ECONNREFUSED 127.0.0.1:3001
03:47:26 WARN   api unreachable, retrying (attempt 3/5)
03:47:32 ERROR  GET /api/v1/flag failed: fetch failed
03:47:32 ERROR  connect ECONNREFUSED 127.0.0.1:3001
03:47:35 ERROR  connect ECONNREFUSED 127.0.0.1:3001
03:47:36 ERROR  GET /api/v1/flag failed: fetch failed
03:47:38 ERROR  connect ECONNREFUSED 127.0.0.1:3001
03:47:39 WARN   api unreachable, retrying (attempt 1/5)
03:47:45 WARN   api unreachable, retrying (attempt 2/5)
03:47:45 ERROR  connect ECONNREFUSED 127.0.0.1:3001
03:47:46 ERROR  connect ECONNREFUSED 127.0.0.1:3001
03:47:50 ERROR  connect ECONNREFUSED 127.0.0.1:3001
03:47:51 ERROR  GET /api/v1/flag failed: fetch failed
03:47:55 ERROR  connect ECONNREFUSED 127.0.0.1:3001
03:47:58 WARN   api unreachable, retrying (attempt 1/5)
03:48:05 ERROR  GET /api/v1/flag failed: fetch failed
03:48:05 WARN   api unreachable, retrying (attempt 5/5)
03:48:05 ERROR  GET /api/v1/flag failed: fetch failed
03:48:05 ERROR  GET /api/v1/flag failed: fetch failed
03:48:06 ERROR  GET /api/v1/flag failed: fetch failed
03:48:08 WARN   api unreachable, retrying (attempt 2/5)
03:48:09 ERROR  connect ECONNREFUSED 127.0.0.1:3001
03:48:11 WARN   api unreachable, retrying (attempt 4/5)
03:48:11 ERROR  connect ECONNREFUSED 127.0.0.1:3001
03:48:13 WARN   api unreachable, retrying (attempt 2/5)
03:48:14 ERROR  GET /api/v1/flag failed: fetch failed
03:48:16 WARN   api unreachable, retrying (attempt 5/5)
03:48:16 ERROR  GET /api/v1/flag failed: fetch failed
03:48:18 WARN   api unreachable, retrying (attempt 4/5)
03:48:20 ERROR  GET /api/v1/flag failed: fetch failed
03:48:21 ERROR  GET /api/v1/flag failed: fetch failed
03:48:21 ERROR  GET /api/v1/flag failed: fetch failed
03:48:22 ERROR  connect ECONNREFUSED 127.0.0.1:3001
03:48:22 ERROR  connect ECONNREFUSED 127.0.0.1:3001
03:48:23 ERROR  connect ECONNREFUSED 127.0.0.1:3001
03:48:25 ERROR  connect ECONNREFUSED 127.0.0.1:3001
03:48:25 WARN   api unreachable, retrying (attempt 3/5)
03:48:26 ERROR  GET /api/v1/flag failed: fetch failed
03:48:27 ERROR  connect ECONNREFUSED 127.0.0.1:3001
03:48:29 ERROR  connect ECONNREFUSED 127.0.0.1:3001
03:48:30 ERROR  connect ECONNREFUSED 127.0.0.1:3001
03:48:30 WARN   api unreachable, retrying (attempt 3/5)
03:48:30 ERROR  connect ECONNREFUSED 127.0.0.1:3001
03:48:31 ERROR  connect ECONNREFUSED 127.0.0.1:3001
03:48:31 ERROR  GET /api/v1/flag failed: fetch failed
03:48:33 ERROR  connect ECONNREFUSED 127.0.0.1:3001
03:48:33 ERROR  connect ECONNREFUSED 127.0.0.1:3001
03:48:33 ERROR  GET /api/v1/flag failed: fetch failed
03:48:33 ERROR  GET /api/v1/flag failed: fetch failed
03:48:34 ERROR  connect ECONNREFUSED 127.0.0.1:3001
03:48:34 WARN   api unreachable, retrying (attempt 1/5)
03:48:34 ERROR  GET /api/v1/flag failed: fetch failed
03:48:47 WARN   api unreachable, retrying (attempt 1/5)
03:48:47 ERROR  GET /api/v1/flag failed: fetch failed
03:48:49 WARN   api unreachable, retrying (attempt 5/5)
03:48:50 ERROR  connect ECONNREFUSED 127.0.0.1:3001
03:48:50 WARN   api unreachable, retrying (attempt 1/5)
03:48:51 WARN   api unreachable, retrying (attempt 3/5)
03:48:52 WARN   api unreachable, retrying (attempt 3/5)
03:48:53 ERROR  connect ECONNREFUSED 127.0.0.1:3001
03:48:54 WARN   api unreachable, retrying (attempt 5/5)
03:48:55 WARN   api unreachable, retrying (attempt 5/5)
03:48:56 ERROR  connect ECONNREFUSED 127.0.0.1:3001
03:49:04 WARN   api unreachable, retrying (attempt 4/5)
03:49:04 ERROR  connect ECONNREFUSED 127.0.0.1:3001
03:49:04 ERROR  connect ECONNREFUSED 127.0.0.1:3001
03:49:05 ERROR  connect ECONNREFUSED 127.0.0.1:3001
03:49:06 WARN   api unreachable, retrying (attempt 3/5)
03:49:08 WARN   api unreachable, retrying (attempt 3/5)
03:49:09 ERROR  connect ECONNREFUSED 127.0.0.1:3001
03:49:09 ERROR  connect ECONNREFUSED 127.0.0.1:3001
03:49:11 ERROR  GET /api/v1/flag failed: fetch failed
03:49:12 WARN   api unreachable, retrying (attempt 2/5)
03:49:13 ERROR  GET /api/v1/flag failed: fetch failed
03:49:14 WARN   api unreachable, retrying (attempt 2/5)
03:49:16 ERROR  connect ECONNREFUSED 127.0.0.1:3001
03:49:17 WARN   api unreachable, retrying (attempt 4/5)
03:49:18 ERROR  connect ECONNREFUSED 127.0.0.1:3001
03:49:18 ERROR  connect ECONNREFUSED 127.0.0.1:3001
03:49:19 WARN   api unreachable, retrying (attempt 4/5)
03:49:20 WARN   api unreachable, retrying (attempt 2/5)
03:49:21 ERROR  connect ECONNREFUSED 127.0.0.1:3001
03:49:21 ERROR  GET /api/v1/flag failed: fetch failed
03:49:25 WARN   api unreachable, retrying (attempt 3/5)
03:49:25 ERROR  GET /api/v1/flag failed: fetch failed
03:49:26 ERROR  GET /api/v1/flag failed: fetch failed
03:49:32 ERROR  GET /api/v1/flag failed: fetch failed
03:49:32 ERROR  connect ECONNREFUSED 127.0.0.1:3001
03:49:32 WARN   api unreachable, retrying (attempt 4/5)
03:49:34 WARN   api unreachable, retrying (attempt 3/5)
03:49:36 ERROR  connect ECONNREFUSED 127.0.0.1:3001
03:49:38 WARN   api unreachable, retrying (attempt 1/5)
03:49:40 ERROR  GET /api/v1/flag failed: fetch failed
03:49:42 ERROR  connect ECONNREFUSED 127.0.0.1:3001
03:49:46 ERROR  GET /api/v1/flag failed: fetch failed
03:49:52 WARN   api unreachable, retrying (attempt 2/5)
03:49:54 ERROR  connect ECONNREFUSED 127.0.0.1:3001
03:49:55 ERROR  connect ECONNREFUSED 127.0.0.1:3001
03:49:56 ERROR  connect ECONNREFUSED 127.0.0.1:3001
03:50:06 ERROR  connect ECONNREFUSED 127.0.0.1:3001
03:50:08 ERROR  connect ECONNREFUSED 127.0.0.1:3001
03:50:10 ERROR  connect ECONNREFUSED 127.0.0.1:3001
03:50:13 ERROR  connect ECONNREFUSED 127.0.0.1:3001
03:50:15 ERROR  GET /api/v1/flag failed: fetch failed
03:50:15 ERROR  connect ECONNREFUSED 127.0.0.1:3001
03:50:15 WARN   api unreachable, retrying (attempt 3/5)
03:50:15 WARN   api unreachable, retrying (attempt 1/5)
03:50:15 ERROR  connect ECONNREFUSED 127.0.0.1:3001
03:50:15 WARN   api unreachable, retrying (attempt 5/5)
03:50:16 ERROR  GET /api/v1/flag failed: fetch failed
03:50:18 ERROR  connect ECONNREFUSED 127.0.0.1:3001
03:50:19 ERROR  GET /api/v1/flag failed: fetch failed
03:50:22 WARN   api unreachable, retrying (attempt 4/5)
03:50:26 ERROR  GET /api/v1/flag failed: fetch failed
03:50:27 WARN   api unreachable, retrying (attempt 4/5)
03:50:27 ERROR  GET /api/v1/flag failed: fetch failed
03:50:28 ERROR  connect ECONNREFUSED 127.0.0.1:3001
03:50:31 ERROR  connect ECONNREFUSED 127.0.0.1:3001
03:50:31 WARN   api unreachable, retrying (attempt 3/5)
03:50:31 WARN   api unreachable, retrying (attempt 4/5)
03:50:33 WARN   api unreachable, retrying (attempt 1/5)
03:50:33 ERROR  connect ECONNREFUSED 127.0.0.1:3001
03:50:38 ERROR  connect ECONNREFUSED 127.0.0.1:3001
03:50:42 WARN   api unreachable, retrying (attempt 3/5)
03:50:42 ERROR  GET /api/v1/flag failed: fetch failed
03:50:46 ERROR  GET /api/v1/flag failed: fetch failed
03:50:47 WARN   api unreachable, retrying (attempt 1/5)
03:50:47 ERROR  GET /api/v1/flag failed: fetch failed
03:50:48 WARN   api unreachable, retrying (attempt 1/5)
03:50:48 ERROR  connect ECONNREFUSED 127.0.0.1:3001
03:50:49 ERROR  GET /api/v1/flag failed: fetch failed
03:50:49 WARN   api unreachable, retrying (attempt 1/5)
03:50:50 WARN   api unreachable, retrying (attempt 2/5)
03:50:53 WARN   api unreachable, retrying (attempt 1/5)
03:50:53 ERROR  connect ECONNREFUSED 127.0.0.1:3001
03:50:55 WARN   api unreachable, retrying (attempt 4/5)
03:50:57 WARN   api unreachable, retrying (attempt 4/5)
03:50:57 WARN   api unreachable, retrying (attempt 5/5)
03:51:01 ERROR  GET /api/v1/flag failed: fetch failed
03:51:01 WARN   api unreachable, retrying (attempt 3/5)
03:51:03 ERROR  connect ECONNREFUSED 127.0.0.1:3001
03:51:05 ERROR  GET /api/v1/flag failed: fetch failed
03:51:05 WARN   api unreachable, retrying (attempt 5/5)
03:51:05 WARN   api unreachable, retrying (attempt 1/5)
03:51:09 WARN   api unreachable, retrying (attempt 3/5)
03:51:11 WARN   api unreachable, retrying (attempt 5/5)
03:51:11 ERROR  connect ECONNREFUSED 127.0.0.1:3001
03:51:13 WARN   api unreachable, retrying (attempt 5/5)
03:51:13 ERROR  GET /api/v1/flag failed: fetch failed
03:51:17 ERROR  GET /api/v1/flag failed: fetch failed
03:51:17 ERROR  GET /api/v1/flag failed: fetch failed
03:51:18 ERROR  GET /api/v1/flag failed: fetch failed
03:51:23 ERROR  GET /api/v1/flag failed: fetch failed
03:51:26 ERROR  GET /api/v1/flag failed: fetch failed
03:51:27 ERROR  connect ECONNREFUSED 127.0.0.1:3001
03:51:28 ERROR  GET /api/v1/flag failed: fetch failed
03:51:30 WARN   api unreachable, retrying (attempt 1/5)
03:51:32 ERROR  connect ECONNREFUSED 127.0.0.1:3001
03:51:32 ERROR  GET /api/v1/flag failed: fetch failed
03:51:32 ERROR  connect ECONNREFUSED 127.0.0.1:3001
03:51:33 WARN   api unreachable, retrying (attempt 3/5)
03:51:35 WARN   api unreachable, retrying (attempt 4/5)
03:51:38 WARN   api unreachable, retrying (attempt 3/5)
03:51:41 ERROR  connect ECONNREFUSED 127.0.0.1:3001
03:51:42 WARN   api unreachable, retrying (attempt 2/5)
03:51:43 WARN   api unreachable, retrying (attempt 2/5)
03:51:45 ERROR  GET /api/v1/flag failed: fetch failed
03:51:47 ERROR  connect ECONNREFUSED 127.0.0.1:3001
03:51:50 ERROR  GET /api/v1/flag failed: fetch failed
03:51:52 WARN   api unreachable, retrying (attempt 4/5)
03:51:54 WARN   api unreachable, retrying (attempt 2/5)
03:51:56 ERROR  GET /api/v1/flag failed: fetch failed
03:51:57 WARN   api unreachable, retrying (attempt 4/5)
03:51:57 WARN   api unreachable, retrying (attempt 2/5)
03:52:00 ERROR  connect ECONNREFUSED 127.0.0.1:3001
03:52:06 ERROR  connect ECONNREFUSED 127.0.0.1:3001
03:52:10 WARN   api unreachable, retrying (attempt 5/5)
03:52:15 ERROR  connect ECONNREFUSED 127.0.0.1:3001
03:52:18 ERROR  connect ECONNREFUSED 127.0.0.1:3001
03:52:18 WARN   api unreachable, retrying (attempt 5/5)
03:52:21 WARN   api unreachable, retrying (attempt 2/5)
03:52:22 ERROR  connect ECONNREFUSED 127.0.0.1:3001
03:52:24 ERROR  GET /api/v1/flag failed: fetch failed
03:52:26 ERROR  GET /api/v1/flag failed: fetch failed
03:52:26 WARN   api unreachable, retrying (attempt 5/5)
03:52:27 WARN   api unreachable, retrying (attempt 1/5)
03:52:28 WARN   api unreachable, retrying (attempt 5/5)
03:52:29 ERROR  GET /api/v1/flag failed: fetch failed
03:52:32 ERROR  connect ECONNREFUSED 127.0.0.1:3001
03:52:32 ERROR  connect ECONNREFUSED 127.0.0.1:3001
03:52:32 WARN   api unreachable, retrying (attempt 4/5)
03:52:33 WARN   api unreachable, retrying (attempt 1/5)
03:52:36 WARN   api unreachable, retrying (attempt 3/5)
03:52:36 ERROR  connect ECONNREFUSED 127.0.0.1:3001
03:52:38 WARN   api unreachable, retrying (attempt 3/5)
03:52:40 ERROR  connect ECONNREFUSED 127.0.0.1:3001
03:52:40 WARN   api unreachable, retrying (attempt 4/5)
03:52:47 WARN   api unreachable, retrying (attempt 3/5)
03:52:52 ERROR  connect ECONNREFUSED 127.0.0.1:3001
03:52:52 WARN   api unreachable, retrying (attempt 2/5)
03:52:54 WARN   api unreachable, retrying (attempt 1/5)
03:52:54 ERROR  GET /api/v1/flag failed: fetch failed
03:52:54 ERROR  connect ECONNREFUSED 127.0.0.1:3001
03:52:55 WARN   api unreachable, retrying (attempt 1/5)
03:53:01 ERROR  connect ECONNREFUSED 127.0.0.1:3001
03:53:03 ERROR  GET /api/v1/flag failed: fetch failed
03:53:04 ERROR  connect ECONNREFUSED 127.0.0.1:3001
03:53:05 ERROR  GET /api/v1/flag failed: fetch failed
03:53:05 ERROR  connect ECONNREFUSED 127.0.0.1:3001
03:53:07 ERROR  GET /api/v1/flag failed: fetch failed
03:53:09 WARN   api unreachable, retrying (attempt 3/5)
03:53:10 ERROR  GET /api/v1/flag failed: fetch failed
03:53:11 ERROR  GET /api/v1/flag failed: fetch failed
03:53:11 ERROR  connect ECONNREFUSED 127.0.0.1:3001
03:53:13 ERROR  connect ECONNREFUSED 127.0.0.1:3001
03:53:13 ERROR  connect ECONNREFUSED 127.0.0.1:3001
03:53:15 ERROR  connect ECONNREFUSED 127.0.0.1:3001
03:53:16 ERROR  connect ECONNREFUSED 127.0.0.1:3001
03:53:19 ERROR  GET /api/v1/flag failed: fetch failed
03:53:20 WARN   api unreachable, retrying (attempt 4/5)
03:53:21 ERROR  GET /api/v1/flag failed: fetch failed
03:53:22 ERROR  connect ECONNREFUSED 127.0.0.1:3001
03:53:22 ERROR  GET /api/v1/flag failed: fetch failed
03:53:26 WARN   api unreachable, retrying (attempt 3/5)
03:53:26 ERROR  GET /api/v1/flag failed: fetch failed
03:53:28 ERROR  GET /api/v1/flag failed: fetch failed
03:53:29 ERROR  connect ECONNREFUSED 127.0.0.1:3001
03:53:32 ERROR  GET /api/v1/flag failed: fetch failed
03:53:35 ERROR  GET /api/v1/flag failed: fetch failed
03:53:36 ERROR  GET /api/v1/flag failed: fetch failed
03:53:38 ERROR  connect ECONNREFUSED 127.0.0.1:3001
03:53:38 ERROR  connect ECONNREFUSED 127.0.0.1:3001
03:53:39 WARN   api unreachable, retrying (attempt 1/5)
03:53:48 ERROR  GET /api/v1/flag failed: fetch failed
03:53:51 ERROR  GET /api/v1/flag failed: fetch failed
03:53:51 ERROR  GET /api/v1/flag failed: fetch failed
03:53:52 ERROR  GET /api/v1/flag failed: fetch failed
03:53:52 ERROR  GET /api/v1/flag failed: fetch failed
03:53:53 WARN   api unreachable, retrying (attempt 3/5)
03:53:54 ERROR  GET /api/v1/flag failed: fetch failed
03:53:57 WARN   api unreachable, retrying (attempt 4/5)
03:53:59 ERROR  GET /api/v1/flag failed: fetch failed
03:53:59 ERROR  connect ECONNREFUSED 127.0.0.1:3001
03:53:59 ERROR  connect ECONNREFUSED 127.0.0.1:3001
03:53:59 WARN   api unreachable, retrying (attempt 4/5)
03:54:02 ERROR  connect ECONNREFUSED 127.0.0.1:3001
03:54:02 ERROR  GET /api/v1/flag failed: fetch failed
03:54:03 WARN   api unreachable, retrying (attempt 2/5)
03:54:03 WARN   api unreachable, retrying (attempt 4/5)
03:54:04 WARN   api unreachable, retrying (attempt 3/5)
03:54:07 ERROR  connect ECONNREFUSED 127.0.0.1:3001
03:54:10 ERROR  GET /api/v1/flag failed: fetch failed
03:54:11 ERROR  connect ECONNREFUSED 127.0.0.1:3001
03:54:13 ERROR  GET /api/v1/flag failed: fetch failed
03:54:14 ERROR  connect ECONNREFUSED 127.0.0.1:3001
03:54:16 ERROR  connect ECONNREFUSED 127.0.0.1:3001
03:54:17 WARN   api unreachable, retrying (attempt 1/5)
03:54:17 ERROR  connect ECONNREFUSED 127.0.0.1:3001
03:54:17 ERROR  GET /api/v1/flag failed: fetch failed
03:54:19 WARN   api unreachable, retrying (attempt 3/5)
03:54:20 WARN   api unreachable, retrying (attempt 4/5)
03:54:21 WARN   api unreachable, retrying (attempt 1/5)
03:54:22 ERROR  connect ECONNREFUSED 127.0.0.1:3001
03:54:22 WARN   api unreachable, retrying (attempt 2/5)
03:54:22 WARN   api unreachable, retrying (attempt 1/5)
03:54:23 WARN   api unreachable, retrying (attempt 4/5)
03:54:27 WARN   api unreachable, retrying (attempt 3/5)
03:54:31 ERROR  connect ECONNREFUSED 127.0.0.1:3001
03:54:32 ERROR  GET /api/v1/flag failed: fetch failed
03:54:33 ERROR  GET /api/v1/flag failed: fetch failed
03:54:35 ERROR  GET /api/v1/flag failed: fetch failed
03:54:37 ERROR  connect ECONNREFUSED 127.0.0.1:3001
03:54:39 ERROR  GET /api/v1/flag failed: fetch failed
03:54:41 ERROR  GET /api/v1/flag failed: fetch failed
03:54:42 ERROR  connect ECONNREFUSED 127.0.0.1:3001
03:54:44 ERROR  GET /api/v1/flag failed: fetch failed
03:54:47 WARN   api unreachable, retrying (attempt 3/5)
03:54:48 WARN   api unreachable, retrying (attempt 5/5)
03:54:49 ERROR  connect ECONNREFUSED 127.0.0.1:3001
03:54:50 ERROR  GET /api/v1/flag failed: fetch failed
03:54:50 ERROR  connect ECONNREFUSED 127.0.0.1:3001
03:54:51 ERROR  connect ECONNREFUSED 127.0.0.1:3001
03:54:52 ERROR  connect ECONNREFUSED 127.0.0.1:3001
03:54:53 ERROR  GET /api/v1/flag failed: fetch failed
03:54:54 ERROR  GET /api/v1/flag failed: fetch failed
03:54:55 WARN   api unreachable, retrying (attempt 5/5)
03:54:58 ERROR  connect ECONNREFUSED 127.0.0.1:3001
03:54:58 ERROR  GET /api/v1/flag failed: fetch failed
03:54:59 WARN   api unreachable, retrying (attempt 1/5)
03:55:05 ERROR  GET /api/v1/flag failed: fetch failed
03:55:07 ERROR  connect ECONNREFUSED 127.0.0.1:3001
03:55:08 WARN   api unreachable, retrying (attempt 1/5)
03:55:08 ERROR  connect ECONNREFUSED 127.0.0.1:3001
03:55:10 WARN   api unreachable, retrying (attempt 1/5)
03:55:10 WARN   api unreachable, retrying (attempt 3/5)
03:55:11 WARN   api unreachable, retrying (attempt 4/5)
03:55:11 WARN   api unreachable, retrying (attempt 3/5)
03:55:13 ERROR  GET /api/v1/flag failed: fetch failed
03:55:13 ERROR  connect ECONNREFUSED 127.0.0.1:3001
03:55:16 WARN   api unreachable, retrying (attempt 3/5)
03:55:16 ERROR  GET /api/v1/flag failed: fetch failed
03:55:16 ERROR  GET /api/v1/flag failed: fetch failed
03:55:17 WARN   api unreachable, retrying (attempt 2/5)
03:55:19 ERROR  GET /api/v1/flag failed: fetch failed
03:55:21 WARN   api unreachable, retrying (attempt 1/5)
03:55:25 WARN   api unreachable, retrying (attempt 5/5)
03:55:25 WARN   api unreachable, retrying (attempt 4/5)
03:55:28 ERROR  connect ECONNREFUSED 127.0.0.1:3001
03:55:29 ERROR  connect ECONNREFUSED 127.0.0.1:3001
03:55:30 ERROR  connect ECONNREFUSED 127.0.0.1:3001
03:55:31 ERROR  connect ECONNREFUSED 127.0.0.1:3001
03:55:34 ERROR  GET /api/v1/flag failed: fetch failed
03:55:35 ERROR  connect ECONNREFUSED 127.0.0.1:3001
03:55:37 WARN   api unreachable, retrying (attempt 3/5)
03:55:38 ERROR  GET /api/v1/flag failed: fetch failed
03:55:38 ERROR  connect ECONNREFUSED 127.0.0.1:3001
03:55:38 WARN   api unreachable, retrying (attempt 2/5)
03:55:42 ERROR  connect ECONNREFUSED 127.0.0.1:3001
03:55:43 WARN   api unreachable, retrying (attempt 4/5)
03:55:43 ERROR  GET /api/v1/flag failed: fetch failed
03:55:44 ERROR  connect ECONNREFUSED 127.0.0.1:3001
03:55:44 ERROR  GET /api/v1/flag failed: fetch failed
03:55:46 WARN   api unreachable, retrying (attempt 5/5)
03:55:47 WARN   api unreachable, retrying (attempt 2/5)
03:55:47 ERROR  GET /api/v1/flag failed: fetch failed
03:55:48 ERROR  connect ECONNREFUSED 127.0.0.1:3001
03:55:49 ERROR  GET /api/v1/flag failed: fetch failed
03:55:52 ERROR  connect ECONNREFUSED 127.0.0.1:3001
03:55:53 ERROR  connect ECONNREFUSED 127.0.0.1:3001
03:55:53 ERROR  GET /api/v1/flag failed: fetch failed
03:55:54 WARN   api unreachable, retrying (attempt 2/5)
03:55:54 WARN   api unreachable, retrying (attempt 5/5)
03:55:56 WARN   api unreachable, retrying (attempt 3/5)
03:56:00 ERROR  GET /api/v1/flag failed: fetch failed
03:56:01 WARN   api unreachable, retrying (attempt 5/5)
03:56:05 ERROR  GET /api/v1/flag failed: fetch failed
03:56:05 WARN   api unreachable, retrying (attempt 1/5)
03:56:05 WARN   api unreachable, retrying (attempt 5/5)
03:56:08 ERROR  GET /api/v1/flag failed: fetch failed
03:56:10 ERROR  GET /api/v1/flag failed: fetch failed
03:56:11 ERROR  connect ECONNREFUSED 127.0.0.1:3001
03:56:11 WARN   api unreachable, retrying (attempt 2/5)
03:56:12 ERROR  GET /api/v1/flag failed: fetch failed
03:56:12 ERROR  GET /api/v1/flag failed: fetch failed
03:56:14 ERROR  connect ECONNREFUSED 127.0.0.1:3001
03:56:15 WARN   api unreachable, retrying (attempt 4/5)
03:56:18 WARN   api unreachable, retrying (attempt 3/5)
03:56:21 WARN   api unreachable, retrying (attempt 1/5)
03:56:24 WARN   api unreachable, retrying (attempt 3/5)
03:56:32 ERROR  GET /api/v1/flag failed: fetch failed
03:56:36 ERROR  GET /api/v1/flag failed: fetch failed
03:56:39 ERROR  connect ECONNREFUSED 127.0.0.1:3001
03:56:39 WARN   api unreachable, retrying (attempt 3/5)
03:56:40 ERROR  GET /api/v1/flag failed: fetch failed
03:56:41 ERROR  GET /api/v1/flag failed: fetch failed
03:56:42 ERROR  GET /api/v1/flag failed: fetch failed
03:56:42 ERROR  GET /api/v1/flag failed: fetch failed
03:56:43 WARN   api unreachable, retrying (attempt 1/5)
03:56:44 ERROR  connect ECONNREFUSED 127.0.0.1:3001
03:56:44 ERROR  connect ECONNREFUSED 127.0.0.1:3001
03:56:47 ERROR  GET /api/v1/flag failed: fetch failed
03:56:48 WARN   api unreachable, retrying (attempt 1/5)
03:56:53 ERROR  connect ECONNREFUSED 127.0.0.1:3001
03:56:54 WARN   api unreachable, retrying (attempt 3/5)
03:56:57 ERROR  GET /api/v1/flag failed: fetch failed
03:57:01 ERROR  connect ECONNREFUSED 127.0.0.1:3001
03:57:01 ERROR  connect ECONNREFUSED 127.0.0.1:3001
03:57:02 ERROR  connect ECONNREFUSED 127.0.0.1:3001
03:57:06 WARN   api unreachable, retrying (attempt 4/5)
03:57:06 ERROR  connect ECONNREFUSED 127.0.0.1:3001
03:57:09 ERROR  connect ECONNREFUSED 127.0.0.1:3001
03:57:09 ERROR  connect ECONNREFUSED 127.0.0.1:3001
03:57:11 WARN   api unreachable, retrying (attempt 1/5)
03:57:12 ERROR  connect ECONNREFUSED 127.0.0.1:3001
03:57:15 WARN   api unreachable, retrying (attempt 4/5)
03:57:16 WARN   api unreachable, retrying (attempt 2/5)
03:57:19 ERROR  GET /api/v1/flag failed: fetch failed
03:57:22 WARN   api unreachable, retrying (attempt 2/5)
03:57:22 ERROR  connect ECONNREFUSED 127.0.0.1:3001
03:57:23 ERROR  connect ECONNREFUSED 127.0.0.1:3001
03:57:27 ERROR  GET /api/v1/flag failed: fetch failed
03:57:27 WARN   api unreachable, retrying (attempt 4/5)
03:57:29 ERROR  GET /api/v1/flag failed: fetch failed
03:57:32 ERROR  connect ECONNREFUSED 127.0.0.1:3001
03:57:33 ERROR  GET /api/v1/flag failed: fetch failed
03:57:33 ERROR  connect ECONNREFUSED 127.0.0.1:3001
03:57:35 ERROR  GET /api/v1/flag failed: fetch failed
03:57:37 WARN   api unreachable, retrying (attempt 1/5)
03:57:39 WARN   api unreachable, retrying (attempt 1/5)
03:57:39 ERROR  GET /api/v1/flag failed: fetch failed
03:57:41 ERROR  connect ECONNREFUSED 127.0.0.1:3001
03:57:41 ERROR  GET /api/v1/flag failed: fetch failed
03:57:44 WARN   api unreachable, retrying (attempt 1/5)
03:57:44 ERROR  connect ECONNREFUSED 127.0.0.1:3001
03:57:45 ERROR  connect ECONNREFUSED 127.0.0.1:3001
03:57:45 WARN   api unreachable, retrying (attempt 3/5)
03:57:47 ERROR  connect ECONNREFUSED 127.0.0.1:3001
03:57:49 WARN   api unreachable, retrying (attempt 3/5)
03:57:50 ERROR  GET /api/v1/flag failed: fetch failed
03:57:55 ERROR  GET /api/v1/flag failed: fetch failed
03:57:55 ERROR  connect ECONNREFUSED 127.0.0.1:3001
03:57:58 WARN   api unreachable, retrying (attempt 1/5)
03:57:59 WARN   api unreachable, retrying (attempt 5/5)
03:57:59 ERROR  connect ECONNREFUSED 127.0.0.1:3001
03:58:02 ERROR  connect ECONNREFUSED 127.0.0.1:3001
03:58:07 ERROR  connect ECONNREFUSED 127.0.0.1:3001
03:58:09 ERROR  connect ECONNREFUSED 127.0.0.1:3001
03:58:09 WARN   api unreachable, retrying (attempt 4/5)
03:58:10 ERROR  connect ECONNREFUSED 127.0.0.1:3001
03:58:10 ERROR  connect ECONNREFUSED 127.0.0.1:3001
03:58:11 ERROR  connect ECONNREFUSED 127.0.0.1:3001
03:58:12 ERROR  GET /api/v1/flag failed: fetch failed
03:58:12 ERROR  connect ECONNREFUSED 127.0.0.1:3001
03:58:12 ERROR  GET /api/v1/flag failed: fetch failed
03:58:13 ERROR  connect ECONNREFUSED 127.0.0.1:3001
03:58:13 WARN   api unreachable, retrying (attempt 4/5)
03:58:15 ERROR  connect ECONNREFUSED 127.0.0.1:3001
03:58:16 WARN   api unreachable, retrying (attempt 1/5)
03:58:16 WARN   api unreachable, retrying (attempt 1/5)
03:58:19 ERROR  connect ECONNREFUSED 127.0.0.1:3001
03:58:21 ERROR  connect ECONNREFUSED 127.0.0.1:3001
03:58:22 WARN   api unreachable, retrying (attempt 5/5)
03:58:23 ERROR  connect ECONNREFUSED 127.0.0.1:3001
03:58:25 WARN   api unreachable, retrying (attempt 4/5)
03:58:26 ERROR  connect ECONNREFUSED 127.0.0.1:3001
03:58:27 ERROR  connect ECONNREFUSED 127.0.0.1:3001
03:58:27 WARN   api unreachable, retrying (attempt 2/5)
03:58:29 ERROR  connect ECONNREFUSED 127.0.0.1:3001
03:58:32 ERROR  connect ECONNREFUSED 127.0.0.1:3001
03:58:33 ERROR  connect ECONNREFUSED 127.0.0.1:3001
03:58:33 ERROR  connect ECONNREFUSED 127.0.0.1:3001
03:58:33 WARN   api unreachable, retrying (attempt 4/5)
03:58:35 WARN   api unreachable, retrying (attempt 1/5)
03:58:36 ERROR  GET /api/v1/flag failed: fetch failed
03:58:36 ERROR  GET /api/v1/flag failed: fetch failed
03:58:41 ERROR  GET /api/v1/flag failed: fetch failed
03:58:41 ERROR  GET /api/v1/flag failed: fetch failed
03:58:44 WARN   api unreachable, retrying (attempt 1/5)
03:58:44 ERROR  GET /api/v1/flag failed: fetch failed
03:58:44 ERROR  GET /api/v1/flag failed: fetch failed
03:58:45 ERROR  connect ECONNREFUSED 127.0.0.1:3001
03:58:47 ERROR  GET /api/v1/flag failed: fetch failed
03:58:48 ERROR  GET /api/v1/flag failed: fetch failed
03:58:48 ERROR  GET /api/v1/flag failed: fetch failed
03:58:49 WARN   api unreachable, retrying (attempt 3/5)
03:58:50 ERROR  connect ECONNREFUSED 127.0.0.1:3001
03:58:57 WARN   api unreachable, retrying (attempt 2/5)
03:58:58 WARN   api unreachable, retrying (attempt 5/5)
03:59:00 WARN   api unreachable, retrying (attempt 4/5)
03:59:00 WARN   api unreachable, retrying (attempt 3/5)
03:59:05 ERROR  connect ECONNREFUSED 127.0.0.1:3001
03:59:07 WARN   api unreachable, retrying (attempt 1/5)
03:59:07 ERROR  connect ECONNREFUSED 127.0.0.1:3001
03:59:07 ERROR  GET /api/v1/flag failed: fetch failed
03:59:11 ERROR  connect ECONNREFUSED 127.0.0.1:3001
03:59:13 ERROR  GET /api/v1/flag failed: fetch failed
03:59:14 ERROR  GET /api/v1/flag failed: fetch failed
03:59:20 WARN   api unreachable, retrying (attempt 3/5)
03:59:22 WARN   api unreachable, retrying (attempt 5/5)
03:59:25 ERROR  connect ECONNREFUSED 127.0.0.1:3001
03:59:26 WARN   api unreachable, retrying (attempt 3/5)
03:59:27 ERROR  connect ECONNREFUSED 127.0.0.1:3001
03:59:28 ERROR  GET /api/v1/flag failed: fetch failed
03:59:30 ERROR  GET /api/v1/flag failed: fetch failed
03:59:31 ERROR  GET /api/v1/flag failed: fetch failed
03:59:31 WARN   api unreachable, retrying (attempt 2/5)
03:59:33 ERROR  connect ECONNREFUSED 127.0.0.1:3001
03:59:33 WARN   api unreachable, retrying (attempt 4/5)
03:59:33 ERROR  GET /api/v1/flag failed: fetch failed
03:59:34 WARN   api unreachable, retrying (attempt 5/5)
03:59:36 ERROR  connect ECONNREFUSED 127.0.0.1:3001
03:59:39 WARN   api unreachable, retrying (attempt 2/5)
03:59:41 ERROR  GET /api/v1/flag failed: fetch failed
03:59:43 ERROR  GET /api/v1/flag failed: fetch failed
03:59:43 WARN   api unreachable, retrying (attempt 3/5)
03:59:46 ERROR  GET /api/v1/flag failed: fetch failed
03:59:46 ERROR  GET /api/v1/flag failed: fetch failed
03:59:49 ERROR  GET /api/v1/flag failed: fetch failed
03:59:50 ERROR  connect ECONNREFUSED 127.0.0.1:3001
03:59:51 WARN   api unreachable, retrying (attempt 1/5)
03:59:54 ERROR  connect ECONNREFUSED 127.0.0.1:3001
03:59:56 ERROR  connect ECONNREFUSED 127.0.0.1:3001
03:59:57 ERROR  connect ECONNREFUSED 127.0.0.1:3001
03:59:57 WARN   api unreachable, retrying (attempt 4/5)
04:00:02 ERROR  connect ECONNREFUSED 127.0.0.1:3001
04:00:08 ERROR  GET /api/v1/flag failed: fetch failed
04:00:09 ERROR  connect ECONNREFUSED 127.0.0.1:3001
04:00:09 ERROR  GET /api/v1/flag failed: fetch failed
04:00:09 ERROR  GET /api/v1/flag failed: fetch failed
04:00:12 WARN   api unreachable, retrying (attempt 3/5)
04:00:14 WARN   api unreachable, retrying (attempt 1/5)
04:00:16 ERROR  connect ECONNREFUSED 127.0.0.1:3001
04:00:16 WARN   api unreachable, retrying (attempt 3/5)
04:00:18 ERROR  connect ECONNREFUSED 127.0.0.1:3001
04:00:25 ERROR  connect ECONNREFUSED 127.0.0.1:3001
04:00:25 WARN   api unreachable, retrying (attempt 2/5)
04:00:27 WARN   api unreachable, retrying (attempt 5/5)
04:00:28 ERROR  connect ECONNREFUSED 127.0.0.1:3001
04:00:29 ERROR  connect ECONNREFUSED 127.0.0.1:3001
04:00:31 ERROR  connect ECONNREFUSED 127.0.0.1:3001
04:00:32 WARN   api unreachable, retrying (attempt 3/5)
04:00:33 WARN   api unreachable, retrying (attempt 4/5)
04:00:33 WARN   api unreachable, retrying (attempt 1/5)
04:00:35 ERROR  connect ECONNREFUSED 127.0.0.1:3001
04:00:36 ERROR  GET /api/v1/flag failed: fetch failed
04:00:38 WARN   api unreachable, retrying (attempt 4/5)
04:00:39 WARN   api unreachable, retrying (attempt 5/5)
04:00:40 ERROR  connect ECONNREFUSED 127.0.0.1:3001
04:00:41 WARN   api unreachable, retrying (attempt 4/5)
04:00:45 WARN   api unreachable, retrying (attempt 3/5)
04:00:45 ERROR  connect ECONNREFUSED 127.0.0.1:3001
04:00:48 WARN   api unreachable, retrying (attempt 1/5)
04:00:48 ERROR  GET /api/v1/flag failed: fetch failed
04:00:49 ERROR  GET /api/v1/flag failed: fetch failed
04:00:50 ERROR  connect ECONNREFUSED 127.0.0.1:3001
04:00:53 ERROR  connect ECONNREFUSED 127.0.0.1:3001
04:00:53 ERROR  connect ECONNREFUSED 127.0.0.1:3001
04:00:53 ERROR  GET /api/v1/flag failed: fetch failed
04:00:54 ERROR  connect ECONNREFUSED 127.0.0.1:3001
04:00:56 WARN   api unreachable, retrying (attempt 4/5)
04:00:57 WARN   api unreachable, retrying (attempt 5/5)
04:01:00 WARN   api unreachable, retrying (attempt 4/5)
04:01:01 ERROR  connect ECONNREFUSED 127.0.0.1:3001
04:01:03 ERROR  connect ECONNREFUSED 127.0.0.1:3001
04:01:03 ERROR  connect ECONNREFUSED 127.0.0.1:3001
04:01:05 WARN   api unreachable, retrying (attempt 4/5)
04:01:10 ERROR  GET /api/v1/flag failed: fetch failed
04:01:10 ERROR  GET /api/v1/flag failed: fetch failed
04:01:11 ERROR  GET /api/v1/flag failed: fetch failed
04:01:13 ERROR  connect ECONNREFUSED 127.0.0.1:3001
04:01:13 ERROR  connect ECONNREFUSED 127.0.0.1:3001
04:01:13 WARN   api unreachable, retrying (attempt 5/5)
04:01:15 ERROR  GET /api/v1/flag failed: fetch failed
04:01:17 WARN   api unreachable, retrying (attempt 3/5)
04:01:19 ERROR  GET /api/v1/flag failed: fetch failed
04:01:21 WARN   api unreachable, retrying (attempt 1/5)
04:01:21 ERROR  GET /api/v1/flag failed: fetch failed
04:01:22 ERROR  connect ECONNREFUSED 127.0.0.1:3001
04:01:24 ERROR  connect ECONNREFUSED 127.0.0.1:3001
04:01:27 ERROR  connect ECONNREFUSED 127.0.0.1:3001
04:01:30 ERROR  GET /api/v1/flag failed: fetch failed
04:01:30 ERROR  GET /api/v1/flag failed: fetch failed
04:01:42 ERROR  connect ECONNREFUSED 127.0.0.1:3001
04:01:43 ERROR  connect ECONNREFUSED 127.0.0.1:3001
04:01:49 ERROR  GET /api/v1/flag failed: fetch failed
04:01:49 ERROR  connect ECONNREFUSED 127.0.0.1:3001
04:01:49 WARN   api unreachable, retrying (attempt 3/5)
04:01:52 ERROR  GET /api/v1/flag failed: fetch failed
04:01:56 ERROR  GET /api/v1/flag failed: fetch failed
04:01:58 WARN   api unreachable, retrying (attempt 1/5)
04:01:59 ERROR  GET /api/v1/flag failed: fetch failed
04:02:01 WARN   api unreachable, retrying (attempt 1/5)
04:02:03 ERROR  connect ECONNREFUSED 127.0.0.1:3001
04:02:04 ERROR  connect ECONNREFUSED 127.0.0.1:3001
04:02:05 ERROR  GET /api/v1/flag failed: fetch failed
04:02:11 WARN   api unreachable, retrying (attempt 3/5)
04:02:12 WARN   api unreachable, retrying (attempt 4/5)
04:02:13 ERROR  connect ECONNREFUSED 127.0.0.1:3001
04:02:13 ERROR  connect ECONNREFUSED 127.0.0.1:3001
04:02:13 ERROR  GET /api/v1/flag failed: fetch failed
04:02:14 WARN   api unreachable, retrying (attempt 3/5)
04:02:14 ERROR  GET /api/v1/flag failed: fetch failed
04:02:18 ERROR  connect ECONNREFUSED 127.0.0.1:3001
04:02:19 ERROR  connect ECONNREFUSED 127.0.0.1:3001
04:02:19 WARN   api unreachable, retrying (attempt 3/5)
04:02:21 ERROR  GET /api/v1/flag failed: fetch failed
04:02:22 ERROR  GET /api/v1/flag failed: fetch failed
04:02:22 WARN   api unreachable, retrying (attempt 3/5)
04:02:24 ERROR  GET /api/v1/flag failed: fetch failed
04:02:26 ERROR  GET /api/v1/flag failed: fetch failed
04:02:26 WARN   api unreachable, retrying (attempt 4/5)
04:02:26 WARN   api unreachable, retrying (attempt 1/5)
04:02:29 ERROR  GET /api/v1/flag failed: fetch failed
04:02:30 WARN   api unreachable, retrying (attempt 5/5)
04:02:33 WARN   api unreachable, retrying (attempt 5/5)
04:02:34 WARN   api unreachable, retrying (attempt 2/5)
04:02:34 WARN   api unreachable, retrying (attempt 4/5)
04:02:35 ERROR  connect ECONNREFUSED 127.0.0.1:3001
04:02:39 WARN   api unreachable, retrying (attempt 2/5)
04:02:40 WARN   api unreachable, retrying (attempt 3/5)
04:02:47 ERROR  connect ECONNREFUSED 127.0.0.1:3001
04:02:48 ERROR  GET /api/v1/flag failed: fetch failed
04:02:50 ERROR  connect ECONNREFUSED 127.0.0.1:3001
04:02:52 ERROR  connect ECONNREFUSED 127.0.0.1:3001
04:02:55 ERROR  connect ECONNREFUSED 127.0.0.1:3001
04:02:58 WARN   api unreachable, retrying (attempt 1/5)
04:02:59 ERROR  connect ECONNREFUSED 127.0.0.1:3001
04:02:59 WARN   api unreachable, retrying (attempt 4/5)
04:03:00 ERROR  connect ECONNREFUSED 127.0.0.1:3001
04:03:02 ERROR  connect ECONNREFUSED 127.0.0.1:3001
04:03:02 WARN   api unreachable, retrying (attempt 5/5)
04:03:03 ERROR  GET /api/v1/flag failed: fetch failed
04:03:04 ERROR  connect ECONNREFUSED 127.0.0.1:3001
04:03:06 ERROR  connect ECONNREFUSED 127.0.0.1:3001
04:03:06 WARN   api unreachable, retrying (attempt 3/5)
04:03:06 ERROR  connect ECONNREFUSED 127.0.0.1:3001
04:03:07 ERROR  GET /api/v1/flag failed: fetch failed
04:03:08 ERROR  GET /api/v1/flag failed: fetch failed
04:03:09 ERROR  connect ECONNREFUSED 127.0.0.1:3001
04:03:10 ERROR  connect ECONNREFUSED 127.0.0.1:3001
04:03:13 WARN   api unreachable, retrying (attempt 2/5)
04:03:15 ERROR  connect ECONNREFUSED 127.0.0.1:3001
04:03:15 ERROR  GET /api/v1/flag failed: fetch failed
04:03:17 ERROR  GET /api/v1/flag failed: fetch failed
04:03:17 ERROR  GET /api/v1/flag failed: fetch failed
04:03:19 WARN   api unreachable, retrying (attempt 5/5)
04:03:21 ERROR  GET /api/v1/flag failed: fetch failed
04:03:21 WARN   api unreachable, retrying (attempt 3/5)
04:03:21 ERROR  connect ECONNREFUSED 127.0.0.1:3001
04:03:22 ERROR  connect ECONNREFUSED 127.0.0.1:3001
04:03:22 WARN   api unreachable, retrying (attempt 5/5)
04:03:22 ERROR  GET /api/v1/flag failed: fetch failed
04:03:23 WARN   api unreachable, retrying (attempt 2/5)
04:03:25 ERROR  GET /api/v1/flag failed: fetch failed
04:03:28 ERROR  connect ECONNREFUSED 127.0.0.1:3001
04:03:29 WARN   api unreachable, retrying (attempt 3/5)
04:03:30 ERROR  GET /api/v1/flag failed: fetch failed
04:03:30 ERROR  GET /api/v1/flag failed: fetch failed
04:03:31 ERROR  connect ECONNREFUSED 127.0.0.1:3001
04:03:34 WARN   api unreachable, retrying (attempt 2/5)
04:03:36 WARN   api unreachable, retrying (attempt 4/5)
04:03:38 WARN   api unreachable, retrying (attempt 5/5)
04:03:39 ERROR  connect ECONNREFUSED 127.0.0.1:3001
04:03:40 ERROR  GET /api/v1/flag failed: fetch failed
04:03:41 ERROR  connect ECONNREFUSED 127.0.0.1:3001
04:03:43 WARN   api unreachable, retrying (attempt 2/5)
04:03:46 ERROR  connect ECONNREFUSED 127.0.0.1:3001
04:03:46 ERROR  connect ECONNREFUSED 127.0.0.1:3001
04:03:48 WARN   api unreachable, retrying (attempt 5/5)
04:03:49 ERROR  GET /api/v1/flag failed: fetch failed
04:03:53 WARN   api unreachable, retrying (attempt 4/5)
04:03:55 WARN   api unreachable, retrying (attempt 5/5)
04:03:56 WARN   api unreachable, retrying (attempt 3/5)
04:03:57 ERROR  connect ECONNREFUSED 127.0.0.1:3001
04:03:59 WARN   api unreachable, retrying (attempt 3/5)
04:04:01 ERROR  GET /api/v1/flag failed: fetch failed
04:04:04 ERROR  GET /api/v1/flag failed: fetch failed
04:04:06 ERROR  GET /api/v1/flag failed: fetch failed
04:04:06 ERROR  GET /api/v1/flag failed: fetch failed
04:04:08 ERROR  GET /api/v1/flag failed: fetch failed
04:04:13 ERROR  GET /api/v1/flag failed: fetch failed
04:04:16 WARN   api unreachable, retrying (attempt 2/5)
04:04:20 WARN   api unreachable, retrying (attempt 2/5)
04:04:21 WARN   api unreachable, retrying (attempt 5/5)
04:04:22 WARN   api unreachable, retrying (attempt 4/5)
04:04:23 WARN   api unreachable, retrying (attempt 2/5)
04:04:23 ERROR  connect ECONNREFUSED 127.0.0.1:3001
04:04:27 WARN   api unreachable, retrying (attempt 1/5)
04:04:31 ERROR  connect ECONNREFUSED 127.0.0.1:3001
04:04:32 ERROR  GET /api/v1/flag failed: fetch failed
04:04:33 ERROR  GET /api/v1/flag failed: fetch failed
04:04:36 ERROR  connect ECONNREFUSED 127.0.0.1:3001
04:04:37 ERROR  GET /api/v1/flag failed: fetch failed
04:04:39 ERROR  GET /api/v1/flag failed: fetch failed
04:04:39 ERROR  connect ECONNREFUSED 127.0.0.1:3001
04:04:41 WARN   api unreachable, retrying (attempt 3/5)
04:04:45 WARN   api unreachable, retrying (attempt 4/5)
04:04:47 ERROR  GET /api/v1/flag failed: fetch failed
04:04:51 ERROR  connect ECONNREFUSED 127.0.0.1:3001
04:04:52 ERROR  connect ECONNREFUSED 127.0.0.1:3001
04:04:53 ERROR  connect ECONNREFUSED 127.0.0.1:3001
04:04:56 ERROR  GET /api/v1/flag failed: fetch failed
04:04:57 ERROR  connect ECONNREFUSED 127.0.0.1:3001
04:04:57 ERROR  GET /api/v1/flag failed: fetch failed
04:04:59 WARN   api unreachable, retrying (attempt 1/5)
04:05:03 ERROR  GET /api/v1/flag failed: fetch failed
04:05:05 WARN   api unreachable, retrying (attempt 5/5)
04:05:08 ERROR  connect ECONNREFUSED 127.0.0.1:3001
04:05:08 WARN   api unreachable, retrying (attempt 2/5)
04:05:10 ERROR  GET /api/v1/flag failed: fetch failed
04:05:13 WARN   api unreachable, retrying (attempt 1/5)
04:05:14 ERROR  connect ECONNREFUSED 127.0.0.1:3001
04:05:14 ERROR  connect ECONNREFUSED 127.0.0.1:3001
04:05:19 WARN   api unreachable, retrying (attempt 4/5)
04:05:21 ERROR  connect ECONNREFUSED 127.0.0.1:3001
04:05:24 ERROR  GET /api/v1/flag failed: fetch failed
04:05:25 ERROR  GET /api/v1/flag failed: fetch failed
04:05:25 ERROR  GET /api/v1/flag failed: fetch failed
04:05:26 ERROR  GET /api/v1/flag failed: fetch failed
04:05:31 ERROR  connect ECONNREFUSED 127.0.0.1:3001
04:05:33 ERROR  GET /api/v1/flag failed: fetch failed
04:05:34 ERROR  connect ECONNREFUSED 127.0.0.1:3001
04:05:39 WARN   api unreachable, retrying (attempt 5/5)
04:05:39 WARN   api unreachable, retrying (attempt 1/5)
04:05:40 ERROR  GET /api/v1/flag failed: fetch failed
04:05:41 ERROR  GET /api/v1/flag failed: fetch failed
04:05:41 ERROR  connect ECONNREFUSED 127.0.0.1:3001
04:05:43 ERROR  connect ECONNREFUSED 127.0.0.1:3001
04:05:46 ERROR  connect ECONNREFUSED 127.0.0.1:3001
04:05:49 WARN   api unreachable, retrying (attempt 3/5)
04:05:52 ERROR  GET /api/v1/flag failed: fetch failed
04:05:53 WARN   api unreachable, retrying (attempt 4/5)
04:05:54 WARN   api unreachable, retrying (attempt 5/5)
04:05:56 ERROR  connect ECONNREFUSED 127.0.0.1:3001
04:05:57 ERROR  connect ECONNREFUSED 127.0.0.1:3001
04:05:58 ERROR  GET /api/v1/flag failed: fetch failed
04:05:58 ERROR  GET /api/v1/flag failed: fetch failed
04:06:03 ERROR  connect ECONNREFUSED 127.0.0.1:3001
04:06:06 ERROR  GET /api/v1/flag failed: fetch failed
04:06:06 ERROR  connect ECONNREFUSED 127.0.0.1:3001
04:06:09 ERROR  GET /api/v1/flag failed: fetch failed
04:06:11 ERROR  GET /api/v1/flag failed: fetch failed
04:06:11 WARN   api unreachable, retrying (attempt 5/5)
04:06:13 ERROR  GET /api/v1/flag failed: fetch failed
04:06:15 ERROR  connect ECONNREFUSED 127.0.0.1:3001
04:06:15 ERROR  connect ECONNREFUSED 127.0.0.1:3001
04:06:16 ERROR  connect ECONNREFUSED 127.0.0.1:3001
04:06:16 ERROR  GET /api/v1/flag failed: fetch failed
04:06:18 ERROR  GET /api/v1/flag failed: fetch failed
04:06:18 ERROR  connect ECONNREFUSED 127.0.0.1:3001
04:06:19 ERROR  GET /api/v1/flag failed: fetch failed
04:06:19 ERROR  GET /api/v1/flag failed: fetch failed
04:06:21 ERROR  connect ECONNREFUSED 127.0.0.1:3001
04:06:23 ERROR  GET /api/v1/flag failed: fetch failed
04:06:24 ERROR  GET /api/v1/flag failed: fetch failed
04:06:25 ERROR  GET /api/v1/flag failed: fetch failed
04:06:25 ERROR  GET /api/v1/flag failed: fetch failed
04:06:26 ERROR  connect ECONNREFUSED 127.0.0.1:3001
04:06:27 ERROR  GET /api/v1/flag failed: fetch failed
04:06:28 WARN   api unreachable, retrying (attempt 5/5)
04:06:29 ERROR  GET /api/v1/flag failed: fetch failed
04:06:30 ERROR  GET /api/v1/flag failed: fetch failed
04:06:30 WARN   api unreachable, retrying (attempt 4/5)
04:06:31 WARN   api unreachable, retrying (attempt 1/5)
04:06:31 ERROR  GET /api/v1/flag failed: fetch failed
04:06:34 WARN   api unreachable, retrying (attempt 2/5)
04:06:36 ERROR  connect ECONNREFUSED 127.0.0.1:3001
04:06:36 WARN   api unreachable, retrying (attempt 3/5)
04:06:41 ERROR  connect ECONNREFUSED 127.0.0.1:3001
04:06:44 WARN   api unreachable, retrying (attempt 2/5)
04:06:45 ERROR  GET /api/v1/flag failed: fetch failed
04:06:45 ERROR  GET /api/v1/flag failed: fetch failed
04:06:46 WARN   api unreachable, retrying (attempt 2/5)
04:06:48 WARN   api unreachable, retrying (attempt 2/5)
04:06:49 ERROR  connect ECONNREFUSED 127.0.0.1:3001
04:06:53 ERROR  connect ECONNREFUSED 127.0.0.1:3001
04:06:55 WARN   api unreachable, retrying (attempt 2/5)
04:06:56 ERROR  GET /api/v1/flag failed: fetch failed
04:06:58 ERROR  GET /api/v1/flag failed: fetch failed
04:06:59 WARN   api unreachable, retrying (attempt 3/5)
04:06:59 ERROR  connect ECONNREFUSED 127.0.0.1:3001
04:06:59 ERROR  connect ECONNREFUSED 127.0.0.1:3001
04:07:01 WARN   api unreachable, retrying (attempt 1/5)
04:07:02 WARN   api unreachable, retrying (attempt 3/5)
04:07:03 WARN   api unreachable, retrying (attempt 2/5)
04:07:03 ERROR  connect ECONNREFUSED 127.0.0.1:3001
04:07:04 ERROR  GET /api/v1/flag failed: fetch failed
04:07:04 ERROR  connect ECONNREFUSED 127.0.0.1:3001
04:07:05 ERROR  GET /api/v1/flag failed: fetch failed
04:07:12 WARN   api unreachable, retrying (attempt 5/5)
04:07:13 WARN   api unreachable, retrying (attempt 2/5)
04:07:14 WARN   api unreachable, retrying (attempt 5/5)
04:07:19 WARN   api unreachable, retrying (attempt 1/5)
04:07:22 WARN   api unreachable, retrying (attempt 3/5)
04:07:22 ERROR  GET /api/v1/flag failed: fetch failed
04:07:23 WARN   api unreachable, retrying (attempt 2/5)
04:07:26 ERROR  connect ECONNREFUSED 127.0.0.1:3001
04:07:27 ERROR  GET /api/v1/flag failed: fetch failed
04:07:29 WARN   api unreachable, retrying (attempt 2/5)
04:07:32 ERROR  GET /api/v1/flag failed: fetch failed
04:07:33 WARN   api unreachable, retrying (attempt 1/5)
04:07:35 ERROR  GET /api/v1/flag failed: fetch failed
04:07:35 ERROR  connect ECONNREFUSED 127.0.0.1:3001
04:07:40 ERROR  GET /api/v1/flag failed: fetch failed
04:07:45 ERROR  connect ECONNREFUSED 127.0.0.1:3001
04:07:49 WARN   api unreachable, retrying (attempt 5/5)
04:07:50 ERROR  GET /api/v1/flag failed: fetch failed
04:07:50 WARN   api unreachable, retrying (attempt 2/5)
04:07:52 ERROR  GET /api/v1/flag failed: fetch failed
04:07:55 ERROR  connect ECONNREFUSED 127.0.0.1:3001
04:07:55 ERROR  GET /api/v1/flag failed: fetch failed
04:07:56 WARN   api unreachable, retrying (attempt 3/5)
04:07:58 ERROR  GET /api/v1/flag failed: fetch failed
04:07:58 ERROR  connect ECONNREFUSED 127.0.0.1:3001
04:07:58 WARN   api unreachable, retrying (attempt 5/5)
04:08:00 WARN   api unreachable, retrying (attempt 5/5)
04:08:02 ERROR  GET /api/v1/flag failed: fetch failed
04:08:04 WARN   api unreachable, retrying (attempt 5/5)
04:08:04 ERROR  connect ECONNREFUSED 127.0.0.1:3001
04:08:05 WARN   api unreachable, retrying (attempt 3/5)
04:08:05 ERROR  GET /api/v1/flag failed: fetch failed
04:08:07 WARN   api unreachable, retrying (attempt 1/5)
04:08:07 ERROR  connect ECONNREFUSED 127.0.0.1:3001
04:08:09 WARN   api unreachable, retrying (attempt 1/5)
04:08:09 ERROR  connect ECONNREFUSED 127.0.0.1:3001
04:08:10 WARN   api unreachable, retrying (attempt 1/5)
04:08:12 WARN   api unreachable, retrying (attempt 3/5)
04:08:13 ERROR  GET /api/v1/flag failed: fetch failed
04:08:18 ERROR  GET /api/v1/flag failed: fetch failed
04:08:19 WARN   api unreachable, retrying (attempt 2/5)
04:08:21 ERROR  connect ECONNREFUSED 127.0.0.1:3001
04:08:22 ERROR  connect ECONNREFUSED 127.0.0.1:3001
04:08:27 ERROR  GET /api/v1/flag failed: fetch failed
04:08:28 WARN   api unreachable, retrying (attempt 5/5)
04:08:29 ERROR  GET /api/v1/flag failed: fetch failed
04:08:32 WARN   api unreachable, retrying (attempt 3/5)
04:08:33 ERROR  GET /api/v1/flag failed: fetch failed
04:08:37 ERROR  GET /api/v1/flag failed: fetch failed
04:08:40 ERROR  GET /api/v1/flag failed: fetch failed
04:08:41 WARN   api unreachable, retrying (attempt 3/5)
04:08:43 WARN   api unreachable, retrying (attempt 3/5)
04:08:44 WARN   api unreachable, retrying (attempt 2/5)
04:08:46 ERROR  connect ECONNREFUSED 127.0.0.1:3001
04:08:46 ERROR  GET /api/v1/flag failed: fetch failed
04:08:46 ERROR  connect ECONNREFUSED 127.0.0.1:3001
04:08:48 ERROR  connect ECONNREFUSED 127.0.0.1:3001
04:08:48 ERROR  GET /api/v1/flag failed: fetch failed
04:08:49 ERROR  GET /api/v1/flag failed: fetch failed
04:08:49 ERROR  connect ECONNREFUSED 127.0.0.1:3001
04:08:51 ERROR  GET /api/v1/flag failed: fetch failed
04:08:52 ERROR  connect ECONNREFUSED 127.0.0.1:3001
04:08:53 ERROR  connect ECONNREFUSED 127.0.0.1:3001
04:08:54 WARN   api unreachable, retrying (attempt 3/5)
04:08:56 ERROR  GET /api/v1/flag failed: fetch failed
04:08:57 ERROR  connect ECONNREFUSED 127.0.0.1:3001
04:08:57 ERROR  GET /api/v1/flag failed: fetch failed
04:08:58 WARN   api unreachable, retrying (attempt 4/5)
04:08:58 ERROR  connect ECONNREFUSED 127.0.0.1:3001
04:09:02 WARN   api unreachable, retrying (attempt 2/5)
04:09:04 ERROR  connect ECONNREFUSED 127.0.0.1:3001
04:09:12 ERROR  GET /api/v1/flag failed: fetch failed
04:09:14 ERROR  connect ECONNREFUSED 127.0.0.1:3001
04:09:16 WARN   api unreachable, retrying (attempt 2/5)
04:09:16 ERROR  GET /api/v1/flag failed: fetch failed
04:09:17 WARN   api unreachable, retrying (attempt 1/5)
04:09:18 WARN   api unreachable, retrying (attempt 5/5)
04:09:19 ERROR  connect ECONNREFUSED 127.0.0.1:3001
04:09:20 ERROR  connect ECONNREFUSED 127.0.0.1:3001
04:09:21 ERROR  connect ECONNREFUSED 127.0.0.1:3001
04:09:21 WARN   api unreachable, retrying (attempt 2/5)
04:09:22 ERROR  connect ECONNREFUSED 127.0.0.1:3001
04:09:25 ERROR  GET /api/v1/flag failed: fetch failed
04:09:27 ERROR  GET /api/v1/flag failed: fetch failed
04:09:30 ERROR  connect ECONNREFUSED 127.0.0.1:3001
04:09:34 WARN   api unreachable, retrying (attempt 2/5)
04:09:36 ERROR  connect ECONNREFUSED 127.0.0.1:3001
04:09:38 ERROR  GET /api/v1/flag failed: fetch failed
04:09:40 WARN   api unreachable, retrying (attempt 2/5)
04:09:41 ERROR  connect ECONNREFUSED 127.0.0.1:3001
04:09:42 ERROR  connect ECONNREFUSED 127.0.0.1:3001
04:09:51 WARN   api unreachable, retrying (attempt 5/5)
04:09:51 ERROR  GET /api/v1/flag failed: fetch failed
04:09:54 ERROR  GET /api/v1/flag failed: fetch failed
04:09:55 WARN   api unreachable, retrying (attempt 3/5)
04:09:56 ERROR  connect ECONNREFUSED 127.0.0.1:3001
04:09:57 ERROR  connect ECONNREFUSED 127.0.0.1:3001
04:09:58 ERROR  GET /api/v1/flag failed: fetch failed
04:09:59 ERROR  connect ECONNREFUSED 127.0.0.1:3001
04:09:59 ERROR  connect ECONNREFUSED 127.0.0.1:3001
04:10:00 WARN   api unreachable, retrying (attempt 5/5)
04:10:00 WARN   api unreachable, retrying (attempt 5/5)
04:10:04 WARN   api unreachable, retrying (attempt 5/5)
04:10:06 ERROR  connect ECONNREFUSED 127.0.0.1:3001
04:10:06 WARN   api unreachable, retrying (attempt 3/5)
04:10:07 ERROR  connect ECONNREFUSED 127.0.0.1:3001
04:10:08 ERROR  connect ECONNREFUSED 127.0.0.1:3001
04:10:09 ERROR  connect ECONNREFUSED 127.0.0.1:3001
04:10:13 ERROR  GET /api/v1/flag failed: fetch failed
04:10:15 WARN   api unreachable, retrying (attempt 4/5)
04:10:15 ERROR  connect ECONNREFUSED 127.0.0.1:3001
04:10:17 WARN   api unreachable, retrying (attempt 2/5)
04:10:18 ERROR  GET /api/v1/flag failed: fetch failed
04:10:24 ERROR  connect ECONNREFUSED 127.0.0.1:3001
04:10:25 ERROR  GET /api/v1/flag failed: fetch failed
04:10:26 ERROR  connect ECONNREFUSED 127.0.0.1:3001
04:10:27 WARN   api unreachable, retrying (attempt 1/5)
04:10:29 WARN   api unreachable, retrying (attempt 1/5)
04:10:33 ERROR  GET /api/v1/flag failed: fetch failed
04:10:34 ERROR  GET /api/v1/flag failed: fetch failed
04:10:34 ERROR  connect ECONNREFUSED 127.0.0.1:3001
04:10:36 ERROR  connect ECONNREFUSED 127.0.0.1:3001
04:10:37 WARN   api unreachable, retrying (attempt 1/5)
04:10:38 WARN   api unreachable, retrying (attempt 5/5)
04:10:40 WARN   api unreachable, retrying (attempt 2/5)
04:10:41 ERROR  GET /api/v1/flag failed: fetch failed
04:10:43 WARN   api unreachable, retrying (attempt 4/5)
04:10:44 WARN   api unreachable, retrying (attempt 3/5)
04:10:47 ERROR  connect ECONNREFUSED 127.0.0.1:3001
04:10:47 ERROR  connect ECONNREFUSED 127.0.0.1:3001
04:10:48 WARN   api unreachable, retrying (attempt 5/5)
04:10:48 WARN   api unreachable, retrying (attempt 5/5)
04:10:50 ERROR  connect ECONNREFUSED 127.0.0.1:3001
04:10:52 ERROR  connect ECONNREFUSED 127.0.0.1:3001
04:10:52 ERROR  GET /api/v1/flag failed: fetch failed
04:10:54 ERROR  connect ECONNREFUSED 127.0.0.1:3001
04:10:55 ERROR  GET /api/v1/flag failed: fetch failed
04:10:55 ERROR  connect ECONNREFUSED 127.0.0.1:3001
04:10:56 ERROR  connect ECONNREFUSED 127.0.0.1:3001
04:10:58 ERROR  GET /api/v1/flag failed: fetch failed
04:10:58 ERROR  connect ECONNREFUSED 127.0.0.1:3001
04:10:59 WARN   api unreachable, retrying (attempt 5/5)
04:11:00 ERROR  connect ECONNREFUSED 127.0.0.1:3001
04:11:00 ERROR  GET /api/v1/flag failed: fetch failed
04:11:01 ERROR  GET /api/v1/flag failed: fetch failed
04:11:01 ERROR  GET /api/v1/flag failed: fetch failed
04:11:04 WARN   api unreachable, retrying (attempt 4/5)
04:11:08 WARN   api unreachable, retrying (attempt 2/5)
04:11:09 ERROR  GET /api/v1/flag failed: fetch failed
04:11:09 WARN   api unreachable, retrying (attempt 3/5)
04:11:09 ERROR  GET /api/v1/flag failed: fetch failed
04:11:17 WARN   api unreachable, retrying (attempt 4/5)
04:11:18 WARN   api unreachable, retrying (attempt 2/5)
04:11:19 WARN   api unreachable, retrying (attempt 1/5)
04:11:21 ERROR  GET /api/v1/flag failed: fetch failed
04:11:24 ERROR  connect ECONNREFUSED 127.0.0.1:3001
04:11:24 ERROR  connect ECONNREFUSED 127.0.0.1:3001
04:11:24 ERROR  GET /api/v1/flag failed: fetch failed
04:11:25 WARN   api unreachable, retrying (attempt 4/5)
04:11:26 ERROR  GET /api/v1/flag failed: fetch failed
04:11:26 WARN   api unreachable, retrying (attempt 3/5)
04:11:27 ERROR  connect ECONNREFUSED 127.0.0.1:3001
04:11:27 ERROR  connect ECONNREFUSED 127.0.0.1:3001
04:11:27 WARN   api unreachable, retrying (attempt 1/5)
04:11:28 ERROR  connect ECONNREFUSED 127.0.0.1:3001
04:11:29 WARN   api unreachable, retrying (attempt 4/5)
04:11:30 ERROR  GET /api/v1/flag failed: fetch failed
04:11:32 ERROR  GET /api/v1/flag failed: fetch failed
04:11:33 ERROR  GET /api/v1/flag failed: fetch failed
04:11:35 ERROR  connect ECONNREFUSED 127.0.0.1:3001
04:11:38 WARN   api unreachable, retrying (attempt 1/5)
04:11:38 ERROR  GET /api/v1/flag failed: fetch failed
04:11:38 WARN   api unreachable, retrying (attempt 5/5)
04:11:39 ERROR  connect ECONNREFUSED 127.0.0.1:3001
04:11:40 ERROR  connect ECONNREFUSED 127.0.0.1:3001
04:11:42 WARN   api unreachable, retrying (attempt 5/5)
04:11:42 WARN   api unreachable, retrying (attempt 3/5)
04:11:42 WARN   api unreachable, retrying (attempt 4/5)
04:11:43 ERROR  GET /api/v1/flag failed: fetch failed
04:11:44 WARN   api unreachable, retrying (attempt 5/5)
04:11:46 ERROR  connect ECONNREFUSED 127.0.0.1:3001
04:11:50 ERROR  connect ECONNREFUSED 127.0.0.1:3001
04:11:51 ERROR  connect ECONNREFUSED 127.0.0.1:3001
04:11:54 ERROR  connect ECONNREFUSED 127.0.0.1:3001
04:11:56 ERROR  GET /api/v1/flag failed: fetch failed
04:11:57 ERROR  GET /api/v1/flag failed: fetch failed
04:11:58 WARN   api unreachable, retrying (attempt 2/5)
04:12:00 WARN   api unreachable, retrying (attempt 4/5)
04:12:00 ERROR  GET /api/v1/flag failed: fetch failed
04:12:01 ERROR  connect ECONNREFUSED 127.0.0.1:3001
04:12:03 ERROR  connect ECONNREFUSED 127.0.0.1:3001
04:12:06 ERROR  connect ECONNREFUSED 127.0.0.1:3001
04:12:08 ERROR  connect ECONNREFUSED 127.0.0.1:3001
04:12:09 ERROR  GET /api/v1/flag failed: fetch failed
04:12:10 ERROR  GET /api/v1/flag failed: fetch failed
04:12:10 ERROR  GET /api/v1/flag failed: fetch failed
04:12:10 ERROR  GET /api/v1/flag failed: fetch failed
04:12:12 WARN   api unreachable, retrying (attempt 5/5)
04:12:13 ERROR  connect ECONNREFUSED 127.0.0.1:3001
04:12:13 ERROR  connect ECONNREFUSED 127.0.0.1:3001
04:12:16 ERROR  GET /api/v1/flag failed: fetch failed
04:12:16 ERROR  connect ECONNREFUSED 127.0.0.1:3001
04:12:17 WARN   api unreachable, retrying (attempt 1/5)
04:12:18 WARN   api unreachable, retrying (attempt 2/5)
04:12:18 ERROR  GET /api/v1/flag failed: fetch failed
04:12:19 WARN   api unreachable, retrying (attempt 2/5)
04:12:22 ERROR  GET /api/v1/flag failed: fetch failed
04:12:23 WARN   api unreachable, retrying (attempt 3/5)
04:12:23 ERROR  GET /api/v1/flag failed: fetch failed
04:12:24 ERROR  GET /api/v1/flag failed: fetch failed
04:12:25 ERROR  connect ECONNREFUSED 127.0.0.1:3001
04:12:28 ERROR  GET /api/v1/flag failed: fetch failed
04:12:29 ERROR  GET /api/v1/flag failed: fetch failed
04:12:29 WARN   api unreachable, retrying (attempt 3/5)
04:12:29 WARN   api unreachable, retrying (attempt 4/5)
04:12:31 WARN   api unreachable, retrying (attempt 2/5)
04:12:32 WARN   api unreachable, retrying (attempt 1/5)
04:12:33 ERROR  connect ECONNREFUSED 127.0.0.1:3001
04:12:34 WARN   api unreachable, retrying (attempt 4/5)
04:12:34 ERROR  GET /api/v1/flag failed: fetch failed
04:12:34 ERROR  connect ECONNREFUSED 127.0.0.1:3001
04:12:35 ERROR  connect ECONNREFUSED 127.0.0.1:3001
04:12:35 ERROR  connect ECONNREFUSED 127.0.0.1:3001
04:12:38 ERROR  GET /api/v1/flag failed: fetch failed
04:12:40 ERROR  connect ECONNREFUSED 127.0.0.1:3001
04:12:43 ERROR  connect ECONNREFUSED 127.0.0.1:3001
04:12:44 WARN   api unreachable, retrying (attempt 1/5)
04:12:44 ERROR  connect ECONNREFUSED 127.0.0.1:3001
04:12:45 ERROR  GET /api/v1/flag failed: fetch failed
04:12:45 WARN   api unreachable, retrying (attempt 5/5)
04:12:47 ERROR  GET /api/v1/flag failed: fetch failed
04:12:49 WARN   api unreachable, retrying (attempt 3/5)
04:12:50 ERROR  connect ECONNREFUSED 127.0.0.1:3001
04:12:54 ERROR  connect ECONNREFUSED 127.0.0.1:3001
04:12:57 ERROR  GET /api/v1/flag failed: fetch failed
04:12:59 WARN   api unreachable, retrying (attempt 5/5)
04:13:00 ERROR  GET /api/v1/flag failed: fetch failed
04:13:01 ERROR  GET /api/v1/flag failed: fetch failed
04:13:02 WARN   api unreachable, retrying (attempt 5/5)
04:13:04 ERROR  connect ECONNREFUSED 127.0.0.1:3001
04:13:06 ERROR  connect ECONNREFUSED 127.0.0.1:3001
04:13:08 ERROR  connect ECONNREFUSED 127.0.0.1:3001
04:13:09 ERROR  connect ECONNREFUSED 127.0.0.1:3001
04:13:11 ERROR  connect ECONNREFUSED 127.0.0.1:3001
04:13:13 WARN   api unreachable, retrying (attempt 3/5)
04:13:15 ERROR  GET /api/v1/flag failed: fetch failed
04:13:19 ERROR  connect ECONNREFUSED 127.0.0.1:3001
04:13:19 WARN   api unreachable, retrying (attempt 1/5)
04:13:25 ERROR  connect ECONNREFUSED 127.0.0.1:3001
04:13:26 WARN   api unreachable, retrying (attempt 4/5)
04:13:27 WARN   api unreachable, retrying (attempt 5/5)
04:13:33 WARN   api unreachable, retrying (attempt 4/5)
04:13:34 ERROR  connect ECONNREFUSED 127.0.0.1:3001
04:13:36 WARN   api unreachable, retrying (attempt 3/5)
04:13:37 WARN   api unreachable, retrying (attempt 4/5)
04:13:37 ERROR  GET /api/v1/flag failed: fetch failed
04:13:39 WARN   api unreachable, retrying (attempt 3/5)
04:13:40 WARN   api unreachable, retrying (attempt 1/5)
04:13:41 WARN   api unreachable, retrying (attempt 4/5)
04:13:42 ERROR  GET /api/v1/flag failed: fetch failed
04:13:42 ERROR  connect ECONNREFUSED 127.0.0.1:3001
04:13:42 ERROR  connect ECONNREFUSED 127.0.0.1:3001
04:13:44 WARN   api unreachable, retrying (attempt 1/5)
04:13:45 WARN   api unreachable, retrying (attempt 5/5)
04:13:46 ERROR  connect ECONNREFUSED 127.0.0.1:3001
04:13:46 ERROR  connect ECONNREFUSED 127.0.0.1:3001
04:13:47 WARN   api unreachable, retrying (attempt 1/5)
04:13:47 WARN   api unreachable, retrying (attempt 3/5)
04:13:48 ERROR  GET /api/v1/flag failed: fetch failed
04:13:48 WARN   api unreachable, retrying (attempt 4/5)
04:13:49 WARN   api unreachable, retrying (attempt 2/5)
04:13:50 ERROR  connect ECONNREFUSED 127.0.0.1:3001
04:13:52 WARN   api unreachable, retrying (attempt 3/5)
04:13:53 WARN   api unreachable, retrying (attempt 4/5)
04:13:53 ERROR  GET /api/v1/flag failed: fetch failed
04:13:54 ERROR  connect ECONNREFUSED 127.0.0.1:3001
04:13:57 ERROR  connect ECONNREFUSED 127.0.0.1:3001
04:13:58 ERROR  GET /api/v1/flag failed: fetch failed
04:14:00 WARN   api unreachable, retrying (attempt 5/5)
04:14:09 WARN   api unreachable, retrying (attempt 2/5)
04:14:11 ERROR  GET /api/v1/flag failed: fetch failed
04:14:11 ERROR  GET /api/v1/flag failed: fetch failed
04:14:13 WARN   api unreachable, retrying (attempt 3/5)
04:14:14 WARN   api unreachable, retrying (attempt 2/5)
04:14:14 ERROR  GET /api/v1/flag failed: fetch failed
04:14:15 ERROR  GET /api/v1/flag failed: fetch failed
04:14:15 WARN   api unreachable, retrying (attempt 2/5)
04:14:16 ERROR  GET /api/v1/flag failed: fetch failed
04:14:21 WARN   api unreachable, retrying (attempt 2/5)
04:14:21 WARN   api unreachable, retrying (attempt 1/5)
04:14:22 ERROR  GET /api/v1/flag failed: fetch failed
04:14:24 WARN   api unreachable, retrying (attempt 2/5)
04:14:25 ERROR  GET /api/v1/flag failed: fetch failed
04:14:26 ERROR  GET /api/v1/flag failed: fetch failed
04:14:27 ERROR  connect ECONNREFUSED 127.0.0.1:3001
04:14:28 ERROR  GET /api/v1/flag failed: fetch failed
04:14:30 WARN   api unreachable, retrying (attempt 2/5)
04:14:33 WARN   api unreachable, retrying (attempt 1/5)
04:14:34 WARN   api unreachable, retrying (attempt 3/5)
04:14:36 ERROR  GET /api/v1/flag failed: fetch failed
04:14:37 ERROR  connect ECONNREFUSED 127.0.0.1:3001
04:14:40 ERROR  GET /api/v1/flag failed: fetch failed
04:14:40 WARN   api unreachable, retrying (attempt 1/5)
04:14:42 WARN   api unreachable, retrying (attempt 2/5)
04:14:42 WARN   api unreachable, retrying (attempt 4/5)
04:14:42 WARN   api unreachable, retrying (attempt 4/5)
04:14:42 ERROR  GET /api/v1/flag failed: fetch failed
04:14:45 ERROR  connect ECONNREFUSED 127.0.0.1:3001
04:14:45 ERROR  GET /api/v1/flag failed: fetch failed
04:14:50 WARN   api unreachable, retrying (attempt 5/5)
04:14:50 WARN   api unreachable, retrying (attempt 4/5)
04:14:57 ERROR  connect ECONNREFUSED 127.0.0.1:3001
04:14:58 WARN   api unreachable, retrying (attempt 1/5)
04:14:58 ERROR  connect ECONNREFUSED 127.0.0.1:3001
04:15:01 ERROR  connect ECONNREFUSED 127.0.0.1:3001
04:15:01 ERROR  GET /api/v1/flag failed: fetch failed
04:15:02 WARN   api unreachable, retrying (attempt 3/5)
04:15:05 ERROR  GET /api/v1/flag failed: fetch failed
04:15:06 ERROR  connect ECONNREFUSED 127.0.0.1:3001
04:15:07 ERROR  connect ECONNREFUSED 127.0.0.1:3001
04:15:09 ERROR  connect ECONNREFUSED 127.0.0.1:3001
04:15:09 ERROR  GET /api/v1/flag failed: fetch failed
04:15:12 ERROR  GET /api/v1/flag failed: fetch failed
04:15:13 WARN   api unreachable, retrying (attempt 1/5)
04:15:14 ERROR  connect ECONNREFUSED 127.0.0.1:3001
04:15:16 ERROR  connect ECONNREFUSED 127.0.0.1:3001
04:15:16 ERROR  connect ECONNREFUSED 127.0.0.1:3001
04:15:17 ERROR  GET /api/v1/flag failed: fetch failed
04:15:17 ERROR  connect ECONNREFUSED 127.0.0.1:3001
04:15:18 ERROR  GET /api/v1/flag failed: fetch failed
04:15:24 WARN   api unreachable, retrying (attempt 1/5)
04:15:26 WARN   api unreachable, retrying (attempt 1/5)
04:15:28 ERROR  GET /api/v1/flag failed: fetch failed
04:15:29 ERROR  GET /api/v1/flag failed: fetch failed
04:15:29 ERROR  connect ECONNREFUSED 127.0.0.1:3001
04:15:30 ERROR  GET /api/v1/flag failed: fetch failed
04:15:30 WARN   api unreachable, retrying (attempt 5/5)
04:15:30 ERROR  connect ECONNREFUSED 127.0.0.1:3001
04:15:34 ERROR  GET /api/v1/flag failed: fetch failed
04:15:34 ERROR  connect ECONNREFUSED 127.0.0.1:3001
04:15:34 WARN   api unreachable, retrying (attempt 5/5)
04:15:35 WARN   api unreachable, retrying (attempt 4/5)
04:15:39 ERROR  GET /api/v1/flag failed: fetch failed
04:15:41 WARN   api unreachable, retrying (attempt 5/5)
04:15:41 ERROR  connect ECONNREFUSED 127.0.0.1:3001
04:15:41 WARN   api unreachable, retrying (attempt 4/5)
04:15:44 ERROR  connect ECONNREFUSED 127.0.0.1:3001
04:15:45 ERROR  connect ECONNREFUSED 127.0.0.1:3001
04:15:46 ERROR  GET /api/v1/flag failed: fetch failed
04:15:49 ERROR  GET /api/v1/flag failed: fetch failed
04:15:52 ERROR  GET /api/v1/flag failed: fetch failed
04:15:53 ERROR  GET /api/v1/flag failed: fetch failed
04:15:53 ERROR  GET /api/v1/flag failed: fetch failed
04:15:53 ERROR  connect ECONNREFUSED 127.0.0.1:3001
04:15:59 WARN   api unreachable, retrying (attempt 3/5)
04:16:02 ERROR  GET /api/v1/flag failed: fetch failed
04:16:02 ERROR  connect ECONNREFUSED 127.0.0.1:3001
04:16:02 ERROR  connect ECONNREFUSED 127.0.0.1:3001
04:16:03 ERROR  connect ECONNREFUSED 127.0.0.1:3001
04:16:03 ERROR  connect ECONNREFUSED 127.0.0.1:3001
04:16:03 WARN   api unreachable, retrying (attempt 3/5)
04:16:04 ERROR  connect ECONNREFUSED 127.0.0.1:3001
04:16:04 ERROR  connect ECONNREFUSED 127.0.0.1:3001
04:16:04 ERROR  connect ECONNREFUSED 127.0.0.1:3001
04:16:07 ERROR  connect ECONNREFUSED 127.0.0.1:3001
04:16:09 WARN   api unreachable, retrying (attempt 2/5)
04:16:10 ERROR  GET /api/v1/flag failed: fetch failed
04:16:11 WARN   api unreachable, retrying (attempt 5/5)
04:16:11 WARN   api unreachable, retrying (attempt 2/5)
04:16:12 ERROR  GET /api/v1/flag failed: fetch failed
04:16:13 ERROR  connect ECONNREFUSED 127.0.0.1:3001
04:16:13 ERROR  GET /api/v1/flag failed: fetch failed
04:16:13 ERROR  connect ECONNREFUSED 127.0.0.1:3001
04:16:15 WARN   api unreachable, retrying (attempt 3/5)
04:16:16 ERROR  connect ECONNREFUSED 127.0.0.1:3001
04:16:17 ERROR  connect ECONNREFUSED 127.0.0.1:3001
04:16:19 WARN   api unreachable, retrying (attempt 2/5)
04:16:20 ERROR  GET /api/v1/flag failed: fetch failed
04:16:22 WARN   api unreachable, retrying (attempt 1/5)
04:16:26 ERROR  GET /api/v1/flag failed: fetch failed
04:16:31 WARN   api unreachable, retrying (attempt 3/5)
04:16:32 ERROR  GET /api/v1/flag failed: fetch failed
04:16:33 ERROR  GET /api/v1/flag failed: fetch failed
04:16:33 ERROR  connect ECONNREFUSED 127.0.0.1:3001
04:16:33 ERROR  connect ECONNREFUSED 127.0.0.1:3001
04:16:37 ERROR  connect ECONNREFUSED 127.0.0.1:3001
04:16:40 ERROR  connect ECONNREFUSED 127.0.0.1:3001
04:16:43 WARN   api unreachable, retrying (attempt 2/5)
04:16:44 WARN   api unreachable, retrying (attempt 3/5)
04:16:44 ERROR  GET /api/v1/flag failed: fetch failed
04:16:46 WARN   api unreachable, retrying (attempt 3/5)
04:16:48 ERROR  connect ECONNREFUSED 127.0.0.1:3001
04:16:53 WARN   api unreachable, retrying (attempt 4/5)
04:16:53 ERROR  GET /api/v1/flag failed: fetch failed
04:16:53 WARN   api unreachable, retrying (attempt 5/5)
04:16:55 WARN   api unreachable, retrying (attempt 4/5)
04:16:56 ERROR  connect ECONNREFUSED 127.0.0.1:3001
04:16:57 WARN   api unreachable, retrying (attempt 4/5)
04:16:58 ERROR  GET /api/v1/flag failed: fetch failed
04:16:59 ERROR  connect ECONNREFUSED 127.0.0.1:3001
04:17:00 ERROR  GET /api/v1/flag failed: fetch failed
04:17:00 WARN   api unreachable, retrying (attempt 1/5)
04:17:00 WARN   api unreachable, retrying (attempt 5/5)
04:17:00 WARN   api unreachable, retrying (attempt 2/5)
04:17:01 ERROR  connect ECONNREFUSED 127.0.0.1:3001
04:17:02 WARN   api unreachable, retrying (attempt 5/5)
04:17:03 WARN   api unreachable, retrying (attempt 1/5)
04:17:04 WARN   api unreachable, retrying (attempt 1/5)
04:17:04 ERROR  GET /api/v1/flag failed: fetch failed
04:17:04 ERROR  GET /api/v1/flag failed: fetch failed
04:17:05 ERROR  GET /api/v1/flag failed: fetch failed
04:17:06 ERROR  GET /api/v1/flag failed: fetch failed
04:17:07 WARN   api unreachable, retrying (attempt 5/5)
04:17:08 ERROR  connect ECONNREFUSED 127.0.0.1:3001
04:17:09 WARN   api unreachable, retrying (attempt 3/5)
04:17:10 WARN   api unreachable, retrying (attempt 1/5)
04:17:11 ERROR  GET /api/v1/flag failed: fetch failed
04:17:12 ERROR  GET /api/v1/flag failed: fetch failed
04:17:16 ERROR  GET /api/v1/flag failed: fetch failed
04:17:17 ERROR  connect ECONNREFUSED 127.0.0.1:3001
04:17:17 ERROR  GET /api/v1/flag failed: fetch failed
04:17:17 WARN   api unreachable, retrying (attempt 5/5)
04:17:18 ERROR  GET /api/v1/flag failed: fetch failed
04:17:18 WARN   api unreachable, retrying (attempt 2/5)
04:17:18 ERROR  connect ECONNREFUSED 127.0.0.1:3001
04:17:21 ERROR  GET /api/v1/flag failed: fetch failed
04:17:21 ERROR  GET /api/v1/flag failed: fetch failed
04:17:23 ERROR  GET /api/v1/flag failed: fetch failed
04:17:24 ERROR  connect ECONNREFUSED 127.0.0.1:3001
04:17:27 ERROR  GET /api/v1/flag failed: fetch failed
04:17:27 ERROR  GET /api/v1/flag failed: fetch failed
04:17:27 WARN   api unreachable, retrying (attempt 3/5)
04:17:32 ERROR  connect ECONNREFUSED 127.0.0.1:3001
04:17:32 ERROR  GET /api/v1/flag failed: fetch failed
04:17:32 WARN   api unreachable, retrying (attempt 4/5)
04:17:33 ERROR  GET /api/v1/flag failed: fetch failed
04:17:34 WARN   api unreachable, retrying (attempt 3/5)
04:17:36 ERROR  GET /api/v1/flag failed: fetch failed
04:17:38 ERROR  connect ECONNREFUSED 127.0.0.1:3001
04:17:39 ERROR  connect ECONNREFUSED 127.0.0.1:3001
04:17:39 ERROR  GET /api/v1/flag failed: fetch failed
04:17:40 ERROR  connect ECONNREFUSED 127.0.0.1:3001
04:17:44 ERROR  GET /api/v1/flag failed: fetch failed
04:17:46 WARN   api unreachable, retrying (attempt 3/5)
04:17:50 ERROR  GET /api/v1/flag failed: fetch failed
04:17:51 WARN   api unreachable, retrying (attempt 2/5)
04:17:55 WARN   api unreachable, retrying (attempt 1/5)
04:18:01 WARN   api unreachable, retrying (attempt 5/5)
04:18:01 ERROR  connect ECONNREFUSED 127.0.0.1:3001
04:18:01 WARN   api unreachable, retrying (attempt 5/5)
04:18:03 ERROR  connect ECONNREFUSED 127.0.0.1:3001
04:18:03 WARN   api unreachable, retrying (attempt 4/5)
04:18:11 WARN   api unreachable, retrying (attempt 1/5)
04:18:17 WARN   api unreachable, retrying (attempt 3/5)
04:18:18 WARN   api unreachable, retrying (attempt 5/5)
04:18:25 ERROR  GET /api/v1/flag failed: fetch failed
04:18:25 WARN   api unreachable, retrying (attempt 1/5)
04:18:29 ERROR  GET /api/v1/flag failed: fetch failed
04:18:30 ERROR  GET /api/v1/flag failed: fetch failed
04:18:30 ERROR  GET /api/v1/flag failed: fetch failed
04:18:31 ERROR  GET /api/v1/flag failed: fetch failed
04:18:33 ERROR  connect ECONNREFUSED 127.0.0.1:3001
04:18:33 WARN   api unreachable, retrying (attempt 1/5)
04:18:36 ERROR  connect ECONNREFUSED 127.0.0.1:3001
04:18:37 ERROR  connect ECONNREFUSED 127.0.0.1:3001
04:18:39 ERROR  connect ECONNREFUSED 127.0.0.1:3001
04:18:39 ERROR  GET /api/v1/flag failed: fetch failed
04:18:39 ERROR  connect ECONNREFUSED 127.0.0.1:3001
04:18:45 WARN   api unreachable, retrying (attempt 4/5)
04:18:46 WARN   api unreachable, retrying (attempt 3/5)
04:18:46 ERROR  GET /api/v1/flag failed: fetch failed
04:18:51 ERROR  GET /api/v1/flag failed: fetch failed
04:18:51 ERROR  GET /api/v1/flag failed: fetch failed
04:18:52 WARN   api unreachable, retrying (attempt 1/5)
04:18:55 WARN   api unreachable, retrying (attempt 4/5)
04:18:56 ERROR  connect ECONNREFUSED 127.0.0.1:3001
04:18:57 ERROR  connect ECONNREFUSED 127.0.0.1:3001
04:18:59 ERROR  connect ECONNREFUSED 127.0.0.1:3001
04:18:59 ERROR  GET /api/v1/flag failed: fetch failed
04:18:59 ERROR  GET /api/v1/flag failed: fetch failed
04:19:00 ERROR  GET /api/v1/flag failed: fetch failed
04:19:01 ERROR  GET /api/v1/flag failed: fetch failed
04:19:04 ERROR  connect ECONNREFUSED 127.0.0.1:3001
04:19:04 ERROR  GET /api/v1/flag failed: fetch failed
04:19:06 ERROR  GET /api/v1/flag failed: fetch failed
04:19:06 ERROR  connect ECONNREFUSED 127.0.0.1:3001
04:19:07 WARN   api unreachable, retrying (attempt 2/5)
04:19:15 ERROR  connect ECONNREFUSED 127.0.0.1:3001
04:19:18 WARN   api unreachable, retrying (attempt 5/5)
04:19:20 ERROR  GET /api/v1/flag failed: fetch failed
04:19:20 ERROR  GET /api/v1/flag failed: fetch failed
04:19:21 ERROR  connect ECONNREFUSED 127.0.0.1:3001
04:19:23 ERROR  connect ECONNREFUSED 127.0.0.1:3001
04:19:27 ERROR  GET /api/v1/flag failed: fetch failed
04:19:28 WARN   api unreachable, retrying (attempt 3/5)
04:19:29 ERROR  connect ECONNREFUSED 127.0.0.1:3001
04:19:30 ERROR  GET /api/v1/flag failed: fetch failed
04:19:32 ERROR  connect ECONNREFUSED 127.0.0.1:3001
04:19:32 ERROR  GET /api/v1/flag failed: fetch failed
04:19:33 ERROR  GET /api/v1/flag failed: fetch failed
04:19:34 ERROR  connect ECONNREFUSED 127.0.0.1:3001
04:19:34 ERROR  connect ECONNREFUSED 127.0.0.1:3001
04:19:35 ERROR  GET /api/v1/flag failed: fetch failed
04:19:35 ERROR  connect ECONNREFUSED 127.0.0.1:3001
04:19:37 ERROR  connect ECONNREFUSED 127.0.0.1:3001
04:19:37 ERROR  GET /api/v1/flag failed: fetch failed
04:19:38 ERROR  GET /api/v1/flag failed: fetch failed
04:19:38 ERROR  connect ECONNREFUSED 127.0.0.1:3001
04:19:39 WARN   api unreachable, retrying (attempt 1/5)
04:19:43 ERROR  connect ECONNREFUSED 127.0.0.1:3001
04:19:45 ERROR  connect ECONNREFUSED 127.0.0.1:3001
04:19:45 ERROR  connect ECONNREFUSED 127.0.0.1:3001
04:19:46 ERROR  GET /api/v1/flag failed: fetch failed
04:19:52 ERROR  GET /api/v1/flag failed: fetch failed
04:19:55 WARN   api unreachable, retrying (attempt 5/5)
04:19:56 ERROR  connect ECONNREFUSED 127.0.0.1:3001
04:19:58 ERROR  connect ECONNREFUSED 127.0.0.1:3001
04:19:59 ERROR  connect ECONNREFUSED 127.0.0.1:3001
04:20:03 WARN   api unreachable, retrying (attempt 3/5)
04:20:06 ERROR  GET /api/v1/flag failed: fetch failed
04:20:08 WARN   api unreachable, retrying (attempt 4/5)
04:20:08 ERROR  connect ECONNREFUSED 127.0.0.1:3001
04:20:08 WARN   api unreachable, retrying (attempt 4/5)
04:20:09 ERROR  GET /api/v1/flag failed: fetch failed
04:20:09 WARN   api unreachable, retrying (attempt 3/5)
04:20:10 ERROR  connect ECONNREFUSED 127.0.0.1:3001
04:20:12 ERROR  connect ECONNREFUSED 127.0.0.1:3001
04:20:13 WARN   api unreachable, retrying (attempt 1/5)
04:20:13 ERROR  connect ECONNREFUSED 127.0.0.1:3001
04:20:14 ERROR  GET /api/v1/flag failed: fetch failed
04:20:15 ERROR  connect ECONNREFUSED 127.0.0.1:3001
04:20:18 WARN   api unreachable, retrying (attempt 2/5)
04:20:20 ERROR  connect ECONNREFUSED 127.0.0.1:3001
04:20:26 WARN   api unreachable, retrying (attempt 5/5)
04:20:27 WARN   api unreachable, retrying (attempt 3/5)
04:20:28 WARN   api unreachable, retrying (attempt 1/5)
04:20:31 ERROR  connect ECONNREFUSED 127.0.0.1:3001
04:20:32 WARN   api unreachable, retrying (attempt 3/5)
04:20:33 ERROR  connect ECONNREFUSED 127.0.0.1:3001
04:20:33 ERROR  GET /api/v1/flag failed: fetch failed
04:20:33 ERROR  connect ECONNREFUSED 127.0.0.1:3001
04:20:34 WARN   api unreachable, retrying (attempt 3/5)
04:20:35 WARN   api unreachable, retrying (attempt 2/5)
04:20:39 ERROR  connect ECONNREFUSED 127.0.0.1:3001
04:20:40 ERROR  connect ECONNREFUSED 127.0.0.1:3001
04:20:41 ERROR  GET /api/v1/flag failed: fetch failed
04:20:43 ERROR  connect ECONNREFUSED 127.0.0.1:3001
04:20:44 WARN   api unreachable, retrying (attempt 5/5)
04:20:45 WARN   api unreachable, retrying (attempt 3/5)
04:20:46 ERROR  GET /api/v1/flag failed: fetch failed
04:20:53 ERROR  connect ECONNREFUSED 127.0.0.1:3001
04:20:56 ERROR  connect ECONNREFUSED 127.0.0.1:3001
04:20:59 ERROR  GET /api/v1/flag failed: fetch failed
04:21:00 ERROR  GET /api/v1/flag failed: fetch failed
04:21:04 ERROR  GET /api/v1/flag failed: fetch failed
04:21:05 WARN   api unreachable, retrying (attempt 5/5)
04:21:05 ERROR  GET /api/v1/flag failed: fetch failed
04:21:06 ERROR  GET /api/v1/flag failed: fetch failed
04:21:07 ERROR  connect ECONNREFUSED 127.0.0.1:3001
04:21:08 ERROR  connect ECONNREFUSED 127.0.0.1:3001
04:21:11 ERROR  connect ECONNREFUSED 127.0.0.1:3001
04:21:12 WARN   api unreachable, retrying (attempt 1/5)
04:21:12 ERROR  connect ECONNREFUSED 127.0.0.1:3001
04:21:17 ERROR  GET /api/v1/flag failed: fetch failed
04:21:18 WARN   api unreachable, retrying (attempt 4/5)
04:21:19 ERROR  GET /api/v1/flag failed: fetch failed
04:21:23 ERROR  connect ECONNREFUSED 127.0.0.1:3001
04:21:23 ERROR  GET /api/v1/flag failed: fetch failed
04:21:26 ERROR  connect ECONNREFUSED 127.0.0.1:3001
04:21:26 WARN   api unreachable, retrying (attempt 4/5)
04:21:26 WARN   api unreachable, retrying (attempt 2/5)
04:21:28 ERROR  GET /api/v1/flag failed: fetch failed
04:21:29 WARN   api unreachable, retrying (attempt 4/5)
04:21:32 ERROR  GET /api/v1/flag failed: fetch failed
04:21:32 ERROR  GET /api/v1/flag failed: fetch failed
04:21:32 ERROR  GET /api/v1/flag failed: fetch failed
04:21:33 ERROR  connect ECONNREFUSED 127.0.0.1:3001
04:21:36 WARN   api unreachable, retrying (attempt 2/5)
04:21:38 WARN   api unreachable, retrying (attempt 1/5)
04:21:38 ERROR  connect ECONNREFUSED 127.0.0.1:3001
04:21:39 WARN   api unreachable, retrying (attempt 5/5)
04:21:40 ERROR  GET /api/v1/flag failed: fetch failed
04:21:42 WARN   api unreachable, retrying (attempt 3/5)
04:21:43 ERROR  connect ECONNREFUSED 127.0.0.1:3001
04:21:45 WARN   api unreachable, retrying (attempt 1/5)
04:21:45 ERROR  connect ECONNREFUSED 127.0.0.1:3001
04:21:45 WARN   api unreachable, retrying (attempt 2/5)
04:21:47 ERROR  GET /api/v1/flag failed: fetch failed
04:21:48 WARN   api unreachable, retrying (attempt 2/5)
04:21:48 WARN   api unreachable, retrying (attempt 2/5)
04:21:50 WARN   api unreachable, retrying (attempt 1/5)
04:21:53 ERROR  connect ECONNREFUSED 127.0.0.1:3001
04:21:53 ERROR  GET /api/v1/flag failed: fetch failed
04:21:54 WARN   api unreachable, retrying (attempt 5/5)
04:22:01 ERROR  GET /api/v1/flag failed: fetch failed
04:22:06 ERROR  GET /api/v1/flag failed: fetch failed
04:22:08 ERROR  GET /api/v1/flag failed: fetch failed
04:22:11 ERROR  GET /api/v1/flag failed: fetch failed
04:22:12 ERROR  connect ECONNREFUSED 127.0.0.1:3001
04:22:15 ERROR  GET /api/v1/flag failed: fetch failed
04:22:16 ERROR  connect ECONNREFUSED 127.0.0.1:3001
04:22:16 WARN   api unreachable, retrying (attempt 1/5)
04:22:17 WARN   api unreachable, retrying (attempt 2/5)
04:22:18 ERROR  connect ECONNREFUSED 127.0.0.1:3001
04:22:22 WARN   api unreachable, retrying (attempt 2/5)
04:22:23 WARN   api unreachable, retrying (attempt 1/5)
04:22:24 ERROR  connect ECONNREFUSED 127.0.0.1:3001
04:22:26 ERROR  connect ECONNREFUSED 127.0.0.1:3001
04:22:26 ERROR  GET /api/v1/flag failed: fetch failed
04:22:31 WARN   api unreachable, retrying (attempt 2/5)
04:22:32 ERROR  GET /api/v1/flag failed: fetch failed
04:22:33 ERROR  GET /api/v1/flag failed: fetch failed
04:22:38 ERROR  GET /api/v1/flag failed: fetch failed
04:22:38 ERROR  connect ECONNREFUSED 127.0.0.1:3001
04:22:39 ERROR  GET /api/v1/flag failed: fetch failed
04:22:40 ERROR  GET /api/v1/flag failed: fetch failed
04:22:41 ERROR  connect ECONNREFUSED 127.0.0.1:3001
04:22:42 WARN   api unreachable, retrying (attempt 5/5)
04:22:42 ERROR  GET /api/v1/flag failed: fetch failed
04:22:43 WARN   api unreachable, retrying (attempt 2/5)
04:22:46 ERROR  GET /api/v1/flag failed: fetch failed
04:22:48 ERROR  GET /api/v1/flag failed: fetch failed
04:22:56 ERROR  connect ECONNREFUSED 127.0.0.1:3001
04:22:58 ERROR  connect ECONNREFUSED 127.0.0.1:3001
04:22:58 WARN   api unreachable, retrying (attempt 3/5)
04:22:58 WARN   api unreachable, retrying (attempt 1/5)
04:22:59 ERROR  connect ECONNREFUSED 127.0.0.1:3001
04:23:01 ERROR  GET /api/v1/flag failed: fetch failed
04:23:02 ERROR  GET /api/v1/flag failed: fetch failed
04:23:03 WARN   api unreachable, retrying (attempt 1/5)
04:23:06 WARN   api unreachable, retrying (attempt 1/5)
04:23:09 ERROR  GET /api/v1/flag failed: fetch failed
04:23:11 WARN   api unreachable, retrying (attempt 2/5)
04:23:12 ERROR  GET /api/v1/flag failed: fetch failed
04:23:15 ERROR  GET /api/v1/flag failed: fetch failed
04:23:18 ERROR  GET /api/v1/flag failed: fetch failed
04:23:20 ERROR  connect ECONNREFUSED 127.0.0.1:3001
04:23:23 ERROR  GET /api/v1/flag failed: fetch failed
04:23:24 WARN   api unreachable, retrying (attempt 4/5)
04:23:27 ERROR  GET /api/v1/flag failed: fetch failed
04:23:28 ERROR  connect ECONNREFUSED 127.0.0.1:3001
04:23:31 ERROR  GET /api/v1/flag failed: fetch failed
04:23:32 ERROR  connect ECONNREFUSED 127.0.0.1:3001
04:23:34 ERROR  GET /api/v1/flag failed: fetch failed
04:23:34 ERROR  GET /api/v1/flag failed: fetch failed
04:23:34 ERROR  connect ECONNREFUSED 127.0.0.1:3001
04:23:37 ERROR  GET /api/v1/flag failed: fetch failed
04:23:38 ERROR  connect ECONNREFUSED 127.0.0.1:3001
04:23:38 WARN   api unreachable, retrying (attempt 4/5)
04:23:40 WARN   api unreachable, retrying (attempt 4/5)
04:23:41 ERROR  connect ECONNREFUSED 127.0.0.1:3001
04:23:44 ERROR  connect ECONNREFUSED 127.0.0.1:3001
04:23:46 ERROR  connect ECONNREFUSED 127.0.0.1:3001
04:23:50 ERROR  GET /api/v1/flag failed: fetch failed
04:23:53 WARN   api unreachable, retrying (attempt 4/5)
04:23:53 ERROR  GET /api/v1/flag failed: fetch failed
04:23:56 ERROR  connect ECONNREFUSED 127.0.0.1:3001
04:24:01 WARN   api unreachable, retrying (attempt 1/5)
04:24:04 ERROR  GET /api/v1/flag failed: fetch failed
04:24:05 ERROR  GET /api/v1/flag failed: fetch failed
04:24:05 ERROR  connect ECONNREFUSED 127.0.0.1:3001
04:24:06 ERROR  connect ECONNREFUSED 127.0.0.1:3001
04:24:06 WARN   api unreachable, retrying (attempt 4/5)
04:24:09 ERROR  GET /api/v1/flag failed: fetch failed
04:24:10 WARN   api unreachable, retrying (attempt 3/5)
04:24:11 ERROR  GET /api/v1/flag failed: fetch failed
04:24:22 ERROR  connect ECONNREFUSED 127.0.0.1:3001
04:24:22 ERROR  connect ECONNREFUSED 127.0.0.1:3001
04:24:23 WARN   api unreachable, retrying (attempt 4/5)
04:24:24 WARN   api unreachable, retrying (attempt 5/5)
04:24:24 ERROR  GET /api/v1/flag failed: fetch failed
04:24:24 WARN   api unreachable, retrying (attempt 5/5)
04:24:24 ERROR  GET /api/v1/flag failed: fetch failed
04:24:24 ERROR  GET /api/v1/flag failed: fetch failed
04:24:26 ERROR  connect ECONNREFUSED 127.0.0.1:3001
04:24:26 WARN   api unreachable, retrying (attempt 5/5)
04:24:27 ERROR  GET /api/v1/flag failed: fetch failed
04:24:28 WARN   api unreachable, retrying (attempt 3/5)
04:24:31 ERROR  GET /api/v1/flag failed: fetch failed
04:24:37 ERROR  GET /api/v1/flag failed: fetch failed
04:24:40 ERROR  GET /api/v1/flag failed: fetch failed
04:24:44 ERROR  GET /api/v1/flag failed: fetch failed
04:24:49 WARN   api unreachable, retrying (attempt 1/5)
04:24:49 ERROR  GET /api/v1/flag failed: fetch failed
04:24:51 ERROR  GET /api/v1/flag failed: fetch failed
04:24:52 ERROR  connect ECONNREFUSED 127.0.0.1:3001
04:24:56 WARN   api unreachable, retrying (attempt 3/5)
04:24:58 ERROR  connect ECONNREFUSED 127.0.0.1:3001
04:24:58 WARN   api unreachable, retrying (attempt 2/5)
04:24:59 WARN   api unreachable, retrying (attempt 3/5)
04:25:01 ERROR  connect ECONNREFUSED 127.0.0.1:3001
04:25:02 WARN   api unreachable, retrying (attempt 3/5)
04:25:05 WARN   api unreachable, retrying (attempt 5/5)
04:25:07 WARN   api unreachable, retrying (attempt 4/5)
04:25:10 ERROR  GET /api/v1/flag failed: fetch failed
04:25:12 WARN   api unreachable, retrying (attempt 5/5)
04:25:13 ERROR  GET /api/v1/flag failed: fetch failed
04:25:17 ERROR  connect ECONNREFUSED 127.0.0.1:3001
04:25:17 WARN   api unreachable, retrying (attempt 5/5)
04:25:18 ERROR  GET /api/v1/flag failed: fetch failed
04:25:19 ERROR  GET /api/v1/flag failed: fetch failed
04:25:19 ERROR  GET /api/v1/flag failed: fetch failed
04:25:23 ERROR  GET /api/v1/flag failed: fetch failed
04:25:26 ERROR  connect ECONNREFUSED 127.0.0.1:3001
04:25:28 WARN   api unreachable, retrying (attempt 3/5)
04:25:29 WARN   api unreachable, retrying (attempt 2/5)
04:25:30 WARN   api unreachable, retrying (attempt 5/5)
04:25:38 ERROR  GET /api/v1/flag failed: fetch failed
04:25:39 ERROR  GET /api/v1/flag failed: fetch failed
04:25:40 ERROR  connect ECONNREFUSED 127.0.0.1:3001
04:25:43 WARN   api unreachable, retrying (attempt 1/5)
04:25:43 ERROR  connect ECONNREFUSED 127.0.0.1:3001
04:25:46 WARN   api unreachable, retrying (attempt 1/5)
04:25:47 WARN   api unreachable, retrying (attempt 5/5)
04:25:50 WARN   api unreachable, retrying (attempt 2/5)
04:25:52 WARN   api unreachable, retrying (attempt 3/5)
04:25:53 ERROR  connect ECONNREFUSED 127.0.0.1:3001
04:25:55 ERROR  connect ECONNREFUSED 127.0.0.1:3001
04:25:55 ERROR  GET /api/v1/flag failed: fetch failed
04:25:56 WARN   api unreachable, retrying (attempt 5/5)
04:26:00 ERROR  GET /api/v1/flag failed: fetch failed
04:26:03 ERROR  GET /api/v1/flag failed: fetch failed
04:26:03 WARN   api unreachable, retrying (attempt 2/5)
04:26:07 ERROR  connect ECONNREFUSED 127.0.0.1:3001
04:26:10 WARN   api unreachable, retrying (attempt 2/5)
04:26:10 ERROR  GET /api/v1/flag failed: fetch failed
04:26:10 WARN   api unreachable, retrying (attempt 4/5)
04:26:11 WARN   api unreachable, retrying (attempt 4/5)
04:26:12 ERROR  GET /api/v1/flag failed: fetch failed
04:26:14 ERROR  connect ECONNREFUSED 127.0.0.1:3001
04:26:16 ERROR  connect ECONNREFUSED 127.0.0.1:3001
04:26:16 ERROR  connect ECONNREFUSED 127.0.0.1:3001
04:26:16 WARN   api unreachable, retrying (attempt 2/5)
04:26:17 ERROR  connect ECONNREFUSED 127.0.0.1:3001
04:26:18 ERROR  GET /api/v1/flag failed: fetch failed
04:26:19 ERROR  connect ECONNREFUSED 127.0.0.1:3001
04:26:21 ERROR  GET /api/v1/flag failed: fetch failed
04:26:23 ERROR  connect ECONNREFUSED 127.0.0.1:3001
04:26:25 ERROR  GET /api/v1/flag failed: fetch failed
04:26:27 ERROR  connect ECONNREFUSED 127.0.0.1:3001
04:26:31 ERROR  GET /api/v1/flag failed: fetch failed
04:26:31 WARN   api unreachable, retrying (attempt 4/5)
04:26:32 ERROR  connect ECONNREFUSED 127.0.0.1:3001
04:26:34 ERROR  GET /api/v1/flag failed: fetch failed
04:26:36 ERROR  GET /api/v1/flag failed: fetch failed
04:26:37 ERROR  GET /api/v1/flag failed: fetch failed
04:26:40 ERROR  GET /api/v1/flag failed: fetch failed
04:26:43 ERROR  connect ECONNREFUSED 127.0.0.1:3001
04:26:47 WARN   api unreachable, retrying (attempt 1/5)
04:26:47 WARN   api unreachable, retrying (attempt 5/5)
04:26:48 ERROR  GET /api/v1/flag failed: fetch failed
04:26:48 ERROR  GET /api/v1/flag failed: fetch failed
04:26:50 ERROR  connect ECONNREFUSED 127.0.0.1:3001
04:26:52 ERROR  connect ECONNREFUSED 127.0.0.1:3001
04:26:53 WARN   api unreachable, retrying (attempt 2/5)
04:26:57 ERROR  connect ECONNREFUSED 127.0.0.1:3001
04:26:57 ERROR  connect ECONNREFUSED 127.0.0.1:3001
04:27:01 WARN   api unreachable, retrying (attempt 4/5)
04:27:08 ERROR  connect ECONNREFUSED 127.0.0.1:3001
04:27:09 WARN   api unreachable, retrying (attempt 1/5)
04:27:11 ERROR  GET /api/v1/flag failed: fetch failed
04:27:12 WARN   api unreachable, retrying (attempt 2/5)
04:27:12 WARN   api unreachable, retrying (attempt 4/5)
04:27:13 ERROR  GET /api/v1/flag failed: fetch failed
04:27:16 ERROR  connect ECONNREFUSED 127.0.0.1:3001
04:27:17 ERROR  connect ECONNREFUSED 127.0.0.1:3001
04:27:18 ERROR  connect ECONNREFUSED 127.0.0.1:3001
04:27:18 ERROR  connect ECONNREFUSED 127.0.0.1:3001
04:27:20 WARN   api unreachable, retrying (attempt 4/5)
04:27:21 WARN   api unreachable, retrying (attempt 4/5)
04:27:24 ERROR  GET /api/v1/flag failed: fetch failed
04:27:26 ERROR  connect ECONNREFUSED 127.0.0.1:3001
04:27:26 ERROR  GET /api/v1/flag failed: fetch failed
04:27:29 ERROR  connect ECONNREFUSED 127.0.0.1:3001
04:27:31 ERROR  GET /api/v1/flag failed: fetch failed
04:27:32 WARN   api unreachable, retrying (attempt 5/5)
04:27:38 ERROR  GET /api/v1/flag failed: fetch failed
04:27:38 ERROR  GET /api/v1/flag failed: fetch failed
04:27:39 ERROR  connect ECONNREFUSED 127.0.0.1:3001
04:27:40 ERROR  GET /api/v1/flag failed: fetch failed
04:27:41 ERROR  GET /api/v1/flag failed: fetch failed
04:27:41 ERROR  GET /api/v1/flag failed: fetch failed
04:27:42 WARN   api unreachable, retrying (attempt 4/5)
04:27:44 WARN   api unreachable, retrying (attempt 5/5)
04:27:47 ERROR  GET /api/v1/flag failed: fetch failed
04:27:47 WARN   api unreachable, retrying (attempt 2/5)
04:27:48 ERROR  GET /api/v1/flag failed: fetch failed
04:27:51 WARN   api unreachable, retrying (attempt 4/5)
04:27:53 WARN   api unreachable, retrying (attempt 2/5)
04:27:53 ERROR  GET /api/v1/flag failed: fetch failed
04:27:55 WARN   api unreachable, retrying (attempt 1/5)
04:27:55 WARN   api unreachable, retrying (attempt 3/5)
04:27:56 ERROR  GET /api/v1/flag failed: fetch failed
04:27:56 ERROR  GET /api/v1/flag failed: fetch failed
04:27:57 ERROR  connect ECONNREFUSED 127.0.0.1:3001
04:27:58 ERROR  connect ECONNREFUSED 127.0.0.1:3001
04:27:58 ERROR  GET /api/v1/flag failed: fetch failed
04:27:59 ERROR  GET /api/v1/flag failed: fetch failed
04:27:59 ERROR  GET /api/v1/flag failed: fetch failed
04:28:04 ERROR  GET /api/v1/flag failed: fetch failed
04:28:04 WARN   api unreachable, retrying (attempt 5/5)
04:28:09 WARN   api unreachable, retrying (attempt 5/5)
04:28:09 ERROR  connect ECONNREFUSED 127.0.0.1:3001
04:28:11 WARN   api unreachable, retrying (attempt 4/5)
04:28:12 ERROR  GET /api/v1/flag failed: fetch failed
04:28:12 ERROR  GET /api/v1/flag failed: fetch failed
04:28:23 WARN   api unreachable, retrying (attempt 4/5)
04:28:24 ERROR  connect ECONNREFUSED 127.0.0.1:3001
04:28:24 WARN   api unreachable, retrying (attempt 1/5)
04:28:27 ERROR  connect ECONNREFUSED 127.0.0.1:3001
04:28:27 WARN   api unreachable, retrying (attempt 4/5)
04:28:29 ERROR  connect ECONNREFUSED 127.0.0.1:3001
04:28:31 ERROR  connect ECONNREFUSED 127.0.0.1:3001
04:28:32 WARN   api unreachable, retrying (attempt 1/5)
04:28:32 ERROR  connect ECONNREFUSED 127.0.0.1:3001
04:28:34 WARN   api unreachable, retrying (attempt 3/5)
04:28:38 WARN   api unreachable, retrying (attempt 1/5)
04:28:39 ERROR  connect ECONNREFUSED 127.0.0.1:3001
04:28:40 ERROR  GET /api/v1/flag failed: fetch failed
04:28:40 ERROR  GET /api/v1/flag failed: fetch failed
04:28:43 ERROR  connect ECONNREFUSED 127.0.0.1:3001
04:28:44 ERROR  connect ECONNREFUSED 127.0.0.1:3001
04:28:44 WARN   api unreachable, retrying (attempt 3/5)
04:28:45 WARN   api unreachable, retrying (attempt 3/5)
04:28:49 ERROR  GET /api/v1/flag failed: fetch failed
04:28:51 ERROR  connect ECONNREFUSED 127.0.0.1:3001
04:28:52 WARN   api unreachable, retrying (attempt 2/5)
04:29:02 WARN   api unreachable, retrying (attempt 1/5)
04:29:03 ERROR  GET /api/v1/flag failed: fetch failed
04:29:06 WARN   api unreachable, retrying (attempt 2/5)
04:29:06 ERROR  connect ECONNREFUSED 127.0.0.1:3001
04:29:14 WARN   api unreachable, retrying (attempt 3/5)
04:29:14 ERROR  GET /api/v1/flag failed: fetch failed
04:29:17 WARN   api unreachable, retrying (attempt 2/5)
04:29:22 ERROR  connect ECONNREFUSED 127.0.0.1:3001
04:29:24 ERROR  connect ECONNREFUSED 127.0.0.1:3001
04:29:24 WARN   api unreachable, retrying (attempt 1/5)
04:29:29 ERROR  GET /api/v1/flag failed: fetch failed
04:29:35 ERROR  connect ECONNREFUSED 127.0.0.1:3001
04:29:38 ERROR  connect ECONNREFUSED 127.0.0.1:3001
04:29:39 ERROR  GET /api/v1/flag failed: fetch failed
04:29:40 WARN   api unreachable, retrying (attempt 5/5)
04:29:41 WARN   api unreachable, retrying (attempt 2/5)
04:29:43 ERROR  connect ECONNREFUSED 127.0.0.1:3001
04:29:45 ERROR  connect ECONNREFUSED 127.0.0.1:3001
04:29:45 WARN   api unreachable, retrying (attempt 3/5)
04:29:47 ERROR  GET /api/v1/flag failed: fetch failed
04:29:51 ERROR  GET /api/v1/flag failed: fetch failed
04:29:54 ERROR  connect ECONNREFUSED 127.0.0.1:3001
04:29:56 ERROR  connect ECONNREFUSED 127.0.0.1:3001
04:29:59 ERROR  GET /api/v1/flag failed: fetch failed
04:30:01 ERROR  GET /api/v1/flag failed: fetch failed
04:30:03 ERROR  GET /api/v1/flag failed: fetch failed
04:30:04 ERROR  connect ECONNREFUSED 127.0.0.1:3001
04:30:04 ERROR  GET /api/v1/flag failed: fetch failed
04:30:04 ERROR  connect ECONNREFUSED 127.0.0.1:3001
04:30:04 WARN   api unreachable, retrying (attempt 4/5)
04:30:11 ERROR  GET /api/v1/flag failed: fetch failed
04:30:11 ERROR  GET /api/v1/flag failed: fetch failed
04:30:12 ERROR  connect ECONNREFUSED 127.0.0.1:3001
04:30:13 ERROR  connect ECONNREFUSED 127.0.0.1:3001
04:30:21 WARN   api unreachable, retrying (attempt 1/5)
04:30:22 ERROR  connect ECONNREFUSED 127.0.0.1:3001
04:30:22 ERROR  connect ECONNREFUSED 127.0.0.1:3001
04:30:22 ERROR  connect ECONNREFUSED 127.0.0.1:3001
04:30:23 ERROR  connect ECONNREFUSED 127.0.0.1:3001
04:30:25 WARN   api unreachable, retrying (attempt 3/5)
04:30:25 WARN   api unreachable, retrying (attempt 1/5)
04:30:27 WARN   api unreachable, retrying (attempt 4/5)
04:30:28 ERROR  connect ECONNREFUSED 127.0.0.1:3001
04:30:30 ERROR  connect ECONNREFUSED 127.0.0.1:3001
04:30:31 ERROR  connect ECONNREFUSED 127.0.0.1:3001
04:30:32 ERROR  connect ECONNREFUSED 127.0.0.1:3001
04:30:33 ERROR  connect ECONNREFUSED 127.0.0.1:3001
04:30:35 ERROR  connect ECONNREFUSED 127.0.0.1:3001
04:30:38 WARN   api unreachable, retrying (attempt 2/5)
04:30:41 ERROR  GET /api/v1/flag failed: fetch failed
04:30:41 ERROR  GET /api/v1/flag failed: fetch failed
04:30:41 WARN   api unreachable, retrying (attempt 1/5)
04:30:43 ERROR  GET /api/v1/flag failed: fetch failed
04:30:48 ERROR  GET /api/v1/flag failed: fetch failed
04:30:48 WARN   api unreachable, retrying (attempt 4/5)
04:30:48 ERROR  connect ECONNREFUSED 127.0.0.1:3001
04:30:50 ERROR  connect ECONNREFUSED 127.0.0.1:3001
04:30:51 ERROR  connect ECONNREFUSED 127.0.0.1:3001
04:30:51 ERROR  connect ECONNREFUSED 127.0.0.1:3001
04:30:51 ERROR  connect ECONNREFUSED 127.0.0.1:3001
04:30:52 ERROR  GET /api/v1/flag failed: fetch failed
04:30:53 WARN   api unreachable, retrying (attempt 5/5)
04:30:55 ERROR  GET /api/v1/flag failed: fetch failed
04:30:55 ERROR  GET /api/v1/flag failed: fetch failed
04:30:56 ERROR  GET /api/v1/flag failed: fetch failed
04:30:57 ERROR  GET /api/v1/flag failed: fetch failed
04:30:57 WARN   api unreachable, retrying (attempt 1/5)
04:31:00 ERROR  connect ECONNREFUSED 127.0.0.1:3001
04:31:03 WARN   api unreachable, retrying (attempt 4/5)
04:31:05 WARN   api unreachable, retrying (attempt 3/5)
04:31:05 ERROR  connect ECONNREFUSED 127.0.0.1:3001
04:31:06 ERROR  connect ECONNREFUSED 127.0.0.1:3001
04:31:11 ERROR  GET /api/v1/flag failed: fetch failed
04:31:16 ERROR  GET /api/v1/flag failed: fetch failed
04:31:16 ERROR  connect ECONNREFUSED 127.0.0.1:3001
04:31:17 ERROR  connect ECONNREFUSED 127.0.0.1:3001
04:31:17 ERROR  connect ECONNREFUSED 127.0.0.1:3001
04:31:21 ERROR  GET /api/v1/flag failed: fetch failed
04:31:22 ERROR  connect ECONNREFUSED 127.0.0.1:3001
04:31:25 ERROR  connect ECONNREFUSED 127.0.0.1:3001
04:31:26 ERROR  GET /api/v1/flag failed: fetch failed
04:31:28 ERROR  connect ECONNREFUSED 127.0.0.1:3001
04:31:30 ERROR  GET /api/v1/flag failed: fetch failed
04:31:30 ERROR  connect ECONNREFUSED 127.0.0.1:3001
04:31:31 WARN   api unreachable, retrying (attempt 3/5)
04:31:33 WARN   api unreachable, retrying (attempt 1/5)
04:31:33 WARN   api unreachable, retrying (attempt 4/5)
04:31:34 ERROR  connect ECONNREFUSED 127.0.0.1:3001
04:31:36 WARN   api unreachable, retrying (attempt 4/5)
04:31:36 ERROR  connect ECONNREFUSED 127.0.0.1:3001
04:31:36 ERROR  connect ECONNREFUSED 127.0.0.1:3001
04:31:38 ERROR  connect ECONNREFUSED 127.0.0.1:3001
04:31:41 ERROR  connect ECONNREFUSED 127.0.0.1:3001
04:31:45 ERROR  GET /api/v1/flag failed: fetch failed
04:31:46 WARN   api unreachable, retrying (attempt 2/5)
04:31:51 WARN   api unreachable, retrying (attempt 2/5)
04:31:51 ERROR  GET /api/v1/flag failed: fetch failed
04:31:52 ERROR  GET /api/v1/flag failed: fetch failed
04:31:54 ERROR  GET /api/v1/flag failed: fetch failed
04:31:56 WARN   api unreachable, retrying (attempt 1/5)
04:32:00 ERROR  connect ECONNREFUSED 127.0.0.1:3001
04:32:02 WARN   api unreachable, retrying (attempt 4/5)
04:32:03 WARN   api unreachable, retrying (attempt 4/5)
04:32:03 ERROR  GET /api/v1/flag failed: fetch failed
04:32:04 WARN   api unreachable, retrying (attempt 5/5)
04:32:09 ERROR  GET /api/v1/flag failed: fetch failed
04:32:09 ERROR  connect ECONNREFUSED 127.0.0.1:3001
04:32:09 WARN   api unreachable, retrying (attempt 2/5)
04:32:11 WARN   api unreachable, retrying (attempt 1/5)
04:32:12 WARN   api unreachable, retrying (attempt 2/5)
04:32:14 ERROR  connect ECONNREFUSED 127.0.0.1:3001
04:32:14 WARN   api unreachable, retrying (attempt 5/5)
04:32:18 ERROR  connect ECONNREFUSED 127.0.0.1:3001
04:32:21 ERROR  connect ECONNREFUSED 127.0.0.1:3001
04:32:22 WARN   api unreachable, retrying (attempt 2/5)
04:32:28 WARN   api unreachable, retrying (attempt 3/5)
04:32:30 ERROR  GET /api/v1/flag failed: fetch failed
04:32:30 WARN   api unreachable, retrying (attempt 5/5)
04:32:33 ERROR  GET /api/v1/flag failed: fetch failed
04:32:34 ERROR  connect ECONNREFUSED 127.0.0.1:3001
04:32:36 ERROR  GET /api/v1/flag failed: fetch failed
04:32:38 WARN   api unreachable, retrying (attempt 1/5)
04:32:39 ERROR  connect ECONNREFUSED 127.0.0.1:3001
04:32:39 ERROR  GET /api/v1/flag failed: fetch failed
04:32:42 ERROR  connect ECONNREFUSED 127.0.0.1:3001
04:32:43 WARN   api unreachable, retrying (attempt 3/5)
04:32:45 ERROR  GET /api/v1/flag failed: fetch failed
04:32:46 ERROR  GET /api/v1/flag failed: fetch failed
04:32:47 ERROR  GET /api/v1/flag failed: fetch failed
04:32:51 WARN   api unreachable, retrying (attempt 4/5)
04:32:54 WARN   api unreachable, retrying (attempt 4/5)
04:32:55 ERROR  GET /api/v1/flag failed: fetch failed
04:32:58 WARN   api unreachable, retrying (attempt 1/5)
04:32:59 ERROR  connect ECONNREFUSED 127.0.0.1:3001
04:32:59 ERROR  connect ECONNREFUSED 127.0.0.1:3001
04:33:01 ERROR  GET /api/v1/flag failed: fetch failed
04:33:02 ERROR  GET /api/v1/flag failed: fetch failed
04:33:05 ERROR  GET /api/v1/flag failed: fetch failed
04:33:07 ERROR  GET /api/v1/flag failed: fetch failed
04:33:07 WARN   api unreachable, retrying (attempt 4/5)
04:33:07 ERROR  connect ECONNREFUSED 127.0.0.1:3001
04:33:09 ERROR  GET /api/v1/flag failed: fetch failed
04:33:09 WARN   api unreachable, retrying (attempt 5/5)
04:33:10 ERROR  GET /api/v1/flag failed: fetch failed
04:33:11 ERROR  GET /api/v1/flag failed: fetch failed
04:33:13 ERROR  connect ECONNREFUSED 127.0.0.1:3001
04:33:16 WARN   api unreachable, retrying (attempt 1/5)
04:33:16 ERROR  connect ECONNREFUSED 127.0.0.1:3001
04:33:16 WARN   api unreachable, retrying (attempt 4/5)
04:33:19 ERROR  GET /api/v1/flag failed: fetch failed
04:33:19 ERROR  GET /api/v1/flag failed: fetch failed
04:33:19 ERROR  connect ECONNREFUSED 127.0.0.1:3001
04:33:22 ERROR  connect ECONNREFUSED 127.0.0.1:3001
04:33:24 ERROR  GET /api/v1/flag failed: fetch failed
04:33:24 WARN   api unreachable, retrying (attempt 3/5)
04:33:26 ERROR  GET /api/v1/flag failed: fetch failed
04:33:29 ERROR  GET /api/v1/flag failed: fetch failed
04:33:29 ERROR  GET /api/v1/flag failed: fetch failed
04:33:30 WARN   api unreachable, retrying (attempt 2/5)
04:33:31 ERROR  GET /api/v1/flag failed: fetch failed
04:33:31 ERROR  connect ECONNREFUSED 127.0.0.1:3001
04:33:33 ERROR  GET /api/v1/flag failed: fetch failed
04:33:34 ERROR  connect ECONNREFUSED 127.0.0.1:3001
04:33:34 WARN   api unreachable, retrying (attempt 5/5)
04:33:36 ERROR  connect ECONNREFUSED 127.0.0.1:3001
04:33:39 WARN   api unreachable, retrying (attempt 5/5)
04:33:43 ERROR  connect ECONNREFUSED 127.0.0.1:3001
04:33:44 ERROR  GET /api/v1/flag failed: fetch failed
04:33:44 ERROR  connect ECONNREFUSED 127.0.0.1:3001
04:33:45 ERROR  connect ECONNREFUSED 127.0.0.1:3001
04:33:48 ERROR  connect ECONNREFUSED 127.0.0.1:3001
04:33:49 ERROR  GET /api/v1/flag failed: fetch failed
04:33:50 ERROR  connect ECONNREFUSED 127.0.0.1:3001
04:33:50 ERROR  GET /api/v1/flag failed: fetch failed
04:33:51 ERROR  GET /api/v1/flag failed: fetch failed
04:33:51 ERROR  connect ECONNREFUSED 127.0.0.1:3001
04:33:59 ERROR  GET /api/v1/flag failed: fetch failed
04:34:01 ERROR  connect ECONNREFUSED 127.0.0.1:3001
04:34:02 ERROR  connect ECONNREFUSED 127.0.0.1:3001
04:34:03 ERROR  connect ECONNREFUSED 127.0.0.1:3001
04:34:04 ERROR  GET /api/v1/flag failed: fetch failed
04:34:05 ERROR  connect ECONNREFUSED 127.0.0.1:3001
04:34:05 ERROR  GET /api/v1/flag failed: fetch failed
04:34:10 ERROR  connect ECONNREFUSED 127.0.0.1:3001
04:34:12 ERROR  GET /api/v1/flag failed: fetch failed
04:34:13 WARN   api unreachable, retrying (attempt 4/5)
04:34:13 ERROR  GET /api/v1/flag failed: fetch failed
04:34:13 ERROR  connect ECONNREFUSED 127.0.0.1:3001
04:34:13 ERROR  connect ECONNREFUSED 127.0.0.1:3001
04:34:15 ERROR  GET /api/v1/flag failed: fetch failed
04:34:17 WARN   api unreachable, retrying (attempt 1/5)
04:34:17 ERROR  connect ECONNREFUSED 127.0.0.1:3001
04:34:19 ERROR  GET /api/v1/flag failed: fetch failed
04:34:20 ERROR  connect ECONNREFUSED 127.0.0.1:3001
04:34:21 ERROR  connect ECONNREFUSED 127.0.0.1:3001
04:34:21 ERROR  GET /api/v1/flag failed: fetch failed
04:34:23 WARN   api unreachable, retrying (attempt 2/5)
04:34:24 WARN   api unreachable, retrying (attempt 1/5)
04:34:24 ERROR  connect ECONNREFUSED 127.0.0.1:3001
04:34:25 ERROR  connect ECONNREFUSED 127.0.0.1:3001
04:34:29 ERROR  GET /api/v1/flag failed: fetch failed
04:34:30 ERROR  connect ECONNREFUSED 127.0.0.1:3001
04:34:31 WARN   api unreachable, retrying (attempt 1/5)
04:34:32 ERROR  GET /api/v1/flag failed: fetch failed
04:34:32 WARN   api unreachable, retrying (attempt 2/5)
04:34:37 ERROR  GET /api/v1/flag failed: fetch failed
04:34:38 ERROR  GET /api/v1/flag failed: fetch failed
04:34:38 ERROR  connect ECONNREFUSED 127.0.0.1:3001
04:34:38 ERROR  connect ECONNREFUSED 127.0.0.1:3001
04:34:41 ERROR  GET /api/v1/flag failed: fetch failed
04:34:41 WARN   api unreachable, retrying (attempt 5/5)
04:34:42 ERROR  GET /api/v1/flag failed: fetch failed
04:34:43 ERROR  connect ECONNREFUSED 127.0.0.1:3001
04:34:43 ERROR  connect ECONNREFUSED 127.0.0.1:3001
04:34:48 WARN   api unreachable, retrying (attempt 4/5)
04:34:48 ERROR  GET /api/v1/flag failed: fetch failed
04:34:49 WARN   api unreachable, retrying (attempt 2/5)
04:34:53 ERROR  GET /api/v1/flag failed: fetch failed
04:34:56 WARN   api unreachable, retrying (attempt 4/5)
04:34:57 ERROR  GET /api/v1/flag failed: fetch failed
04:34:58 ERROR  connect ECONNREFUSED 127.0.0.1:3001
04:35:00 WARN   api unreachable, retrying (attempt 2/5)
04:35:00 ERROR  GET /api/v1/flag failed: fetch failed
04:35:01 WARN   api unreachable, retrying (attempt 1/5)
04:35:03 ERROR  connect ECONNREFUSED 127.0.0.1:3001
04:35:04 ERROR  GET /api/v1/flag failed: fetch failed
04:35:05 WARN   api unreachable, retrying (attempt 4/5)
04:35:08 ERROR  GET /api/v1/flag failed: fetch failed
04:35:09 ERROR  GET /api/v1/flag failed: fetch failed
04:35:14 ERROR  connect ECONNREFUSED 127.0.0.1:3001
04:35:15 WARN   api unreachable, retrying (attempt 5/5)
04:35:15 WARN   api unreachable, retrying (attempt 2/5)
04:35:15 ERROR  GET /api/v1/flag failed: fetch failed
04:35:15 ERROR  connect ECONNREFUSED 127.0.0.1:3001
04:35:21 WARN   api unreachable, retrying (attempt 4/5)
04:35:24 ERROR  connect ECONNREFUSED 127.0.0.1:3001
04:35:36 ERROR  connect ECONNREFUSED 127.0.0.1:3001
04:35:36 ERROR  connect ECONNREFUSED 127.0.0.1:3001
04:35:36 ERROR  connect ECONNREFUSED 127.0.0.1:3001
04:35:36 ERROR  GET /api/v1/flag failed: fetch failed
04:35:37 WARN   api unreachable, retrying (attempt 5/5)
04:35:39 ERROR  GET /api/v1/flag failed: fetch failed
04:35:42 WARN   api unreachable, retrying (attempt 1/5)
04:35:42 ERROR  connect ECONNREFUSED 127.0.0.1:3001
04:35:43 ERROR  connect ECONNREFUSED 127.0.0.1:3001
04:35:44 ERROR  connect ECONNREFUSED 127.0.0.1:3001
04:35:44 WARN   api unreachable, retrying (attempt 4/5)
04:35:45 ERROR  GET /api/v1/flag failed: fetch failed
04:35:48 WARN   api unreachable, retrying (attempt 1/5)
04:35:56 ERROR  GET /api/v1/flag failed: fetch failed
04:35:57 ERROR  connect ECONNREFUSED 127.0.0.1:3001
04:36:01 ERROR  GET /api/v1/flag failed: fetch failed
04:36:01 WARN   api unreachable, retrying (attempt 4/5)
04:36:03 WARN   api unreachable, retrying (attempt 4/5)
04:36:04 ERROR  GET /api/v1/flag failed: fetch failed
04:36:06 ERROR  GET /api/v1/flag failed: fetch failed
04:36:10 WARN   api unreachable, retrying (attempt 1/5)
04:36:13 ERROR  GET /api/v1/flag failed: fetch failed
04:36:14 WARN   api unreachable, retrying (attempt 5/5)
04:36:14 ERROR  GET /api/v1/flag failed: fetch failed
04:36:17 ERROR  GET /api/v1/flag failed: fetch failed
04:36:18 ERROR  GET /api/v1/flag failed: fetch failed
04:36:20 ERROR  connect ECONNREFUSED 127.0.0.1:3001
04:36:21 WARN   api unreachable, retrying (attempt 1/5)
04:36:22 WARN   api unreachable, retrying (attempt 3/5)
04:36:23 ERROR  connect ECONNREFUSED 127.0.0.1:3001
04:36:24 ERROR  connect ECONNREFUSED 127.0.0.1:3001
04:36:31 WARN   api unreachable, retrying (attempt 1/5)
04:36:31 ERROR  connect ECONNREFUSED 127.0.0.1:3001
04:36:33 ERROR  connect ECONNREFUSED 127.0.0.1:3001
04:36:34 WARN   api unreachable, retrying (attempt 1/5)
04:36:37 ERROR  GET /api/v1/flag failed: fetch failed
04:36:40 ERROR  connect ECONNREFUSED 127.0.0.1:3001
04:36:44 ERROR  GET /api/v1/flag failed: fetch failed
04:36:45 WARN   api unreachable, retrying (attempt 5/5)
04:36:49 ERROR  connect ECONNREFUSED 127.0.0.1:3001
04:36:49 ERROR  connect ECONNREFUSED 127.0.0.1:3001
04:36:56 WARN   api unreachable, retrying (attempt 3/5)
04:36:57 WARN   api unreachable, retrying (attempt 4/5)
04:36:59 WARN   api unreachable, retrying (attempt 5/5)
04:37:04 ERROR  GET /api/v1/flag failed: fetch failed
04:37:05 ERROR  GET /api/v1/flag failed: fetch failed
04:37:05 WARN   api unreachable, retrying (attempt 1/5)
04:37:05 ERROR  connect ECONNREFUSED 127.0.0.1:3001
04:37:09 ERROR  connect ECONNREFUSED 127.0.0.1:3001
04:37:13 ERROR  GET /api/v1/flag failed: fetch failed
04:37:14 ERROR  connect ECONNREFUSED 127.0.0.1:3001
04:37:15 ERROR  GET /api/v1/flag failed: fetch failed
04:37:16 ERROR  GET /api/v1/flag failed: fetch failed
04:37:16 ERROR  GET /api/v1/flag failed: fetch failed
04:37:18 ERROR  connect ECONNREFUSED 127.0.0.1:3001
04:37:19 ERROR  GET /api/v1/flag failed: fetch failed
04:37:20 ERROR  GET /api/v1/flag failed: fetch failed
04:37:21 ERROR  GET /api/v1/flag failed: fetch failed
04:37:22 ERROR  GET /api/v1/flag failed: fetch failed
04:37:23 ERROR  connect ECONNREFUSED 127.0.0.1:3001
04:37:24 ERROR  connect ECONNREFUSED 127.0.0.1:3001
04:37:25 ERROR  GET /api/v1/flag failed: fetch failed
04:37:28 ERROR  GET /api/v1/flag failed: fetch failed
04:37:29 ERROR  connect ECONNREFUSED 127.0.0.1:3001
04:37:30 WARN   api unreachable, retrying (attempt 4/5)
04:37:32 ERROR  GET /api/v1/flag failed: fetch failed
04:37:32 ERROR  connect ECONNREFUSED 127.0.0.1:3001
04:37:33 ERROR  connect ECONNREFUSED 127.0.0.1:3001
04:37:34 WARN   api unreachable, retrying (attempt 1/5)
04:37:35 WARN   api unreachable, retrying (attempt 3/5)
04:37:38 WARN   api unreachable, retrying (attempt 5/5)
04:37:39 ERROR  GET /api/v1/flag failed: fetch failed
04:37:40 ERROR  GET /api/v1/flag failed: fetch failed
04:37:42 ERROR  GET /api/v1/flag failed: fetch failed
04:37:42 ERROR  connect ECONNREFUSED 127.0.0.1:3001
04:37:43 ERROR  connect ECONNREFUSED 127.0.0.1:3001
04:37:44 WARN   api unreachable, retrying (attempt 3/5)
04:37:44 WARN   api unreachable, retrying (attempt 4/5)
04:37:45 ERROR  GET /api/v1/flag failed: fetch failed
04:37:46 ERROR  GET /api/v1/flag failed: fetch failed
04:37:46 ERROR  connect ECONNREFUSED 127.0.0.1:3001
04:37:46 WARN   api unreachable, retrying (attempt 1/5)
04:37:48 ERROR  connect ECONNREFUSED 127.0.0.1:3001
04:37:48 ERROR  GET /api/v1/flag failed: fetch failed
04:37:50 WARN   api unreachable, retrying (attempt 1/5)
04:37:51 WARN   api unreachable, retrying (attempt 5/5)
04:37:53 WARN   api unreachable, retrying (attempt 3/5)
04:37:55 ERROR  GET /api/v1/flag failed: fetch failed
04:37:58 ERROR  connect ECONNREFUSED 127.0.0.1:3001
04:37:59 ERROR  GET /api/v1/flag failed: fetch failed
04:38:01 ERROR  GET /api/v1/flag failed: fetch failed
04:38:03 ERROR  connect ECONNREFUSED 127.0.0.1:3001
04:38:04 WARN   api unreachable, retrying (attempt 3/5)
04:38:05 WARN   api unreachable, retrying (attempt 2/5)
04:38:05 ERROR  GET /api/v1/flag failed: fetch failed
04:38:06 ERROR  connect ECONNREFUSED 127.0.0.1:3001
04:38:08 WARN   api unreachable, retrying (attempt 5/5)
04:38:09 WARN   api unreachable, retrying (attempt 3/5)
04:38:09 ERROR  GET /api/v1/flag failed: fetch failed
04:38:10 WARN   api unreachable, retrying (attempt 5/5)
04:38:10 ERROR  connect ECONNREFUSED 127.0.0.1:3001
04:38:15 ERROR  connect ECONNREFUSED 127.0.0.1:3001
04:38:20 WARN   api unreachable, retrying (attempt 3/5)
04:38:21 WARN   api unreachable, retrying (attempt 4/5)
04:38:23 WARN   api unreachable, retrying (attempt 1/5)
04:38:25 WARN   api unreachable, retrying (attempt 2/5)
04:38:26 ERROR  GET /api/v1/flag failed: fetch failed
04:38:27 ERROR  connect ECONNREFUSED 127.0.0.1:3001
04:38:28 ERROR  GET /api/v1/flag failed: fetch failed
04:38:28 ERROR  GET /api/v1/flag failed: fetch failed
04:38:30 WARN   api unreachable, retrying (attempt 4/5)
04:38:30 ERROR  connect ECONNREFUSED 127.0.0.1:3001
04:38:32 ERROR  GET /api/v1/flag failed: fetch failed
04:38:33 ERROR  connect ECONNREFUSED 127.0.0.1:3001
04:38:35 ERROR  GET /api/v1/flag failed: fetch failed
04:38:35 WARN   api unreachable, retrying (attempt 1/5)
04:38:37 ERROR  connect ECONNREFUSED 127.0.0.1:3001
04:38:38 ERROR  GET /api/v1/flag failed: fetch failed
04:38:39 ERROR  GET /api/v1/flag failed: fetch failed
04:38:41 ERROR  GET /api/v1/flag failed: fetch failed
04:38:42 WARN   api unreachable, retrying (attempt 5/5)
04:38:42 ERROR  connect ECONNREFUSED 127.0.0.1:3001
04:38:43 WARN   api unreachable, retrying (attempt 1/5)
04:38:44 WARN   api unreachable, retrying (attempt 1/5)
04:38:45 ERROR  connect ECONNREFUSED 127.0.0.1:3001
04:38:48 WARN   api unreachable, retrying (attempt 1/5)
04:38:50 ERROR  GET /api/v1/flag failed: fetch failed
04:38:51 ERROR  connect ECONNREFUSED 127.0.0.1:3001
04:38:52 ERROR  GET /api/v1/flag failed: fetch failed
04:38:52 ERROR  connect ECONNREFUSED 127.0.0.1:3001
04:38:53 ERROR  GET /api/v1/flag failed: fetch failed
04:38:53 WARN   api unreachable, retrying (attempt 5/5)
04:38:53 ERROR  connect ECONNREFUSED 127.0.0.1:3001
04:38:54 ERROR  GET /api/v1/flag failed: fetch failed
04:38:59 ERROR  connect ECONNREFUSED 127.0.0.1:3001
04:39:04 ERROR  connect ECONNREFUSED 127.0.0.1:3001
04:39:04 ERROR  GET /api/v1/flag failed: fetch failed
04:39:05 ERROR  GET /api/v1/flag failed: fetch failed
04:39:08 WARN   api unreachable, retrying (attempt 4/5)
04:39:08 ERROR  connect ECONNREFUSED 127.0.0.1:3001
04:39:13 ERROR  connect ECONNREFUSED 127.0.0.1:3001
04:39:14 ERROR  GET /api/v1/flag failed: fetch failed
04:39:16 WARN   api unreachable, retrying (attempt 1/5)
04:39:17 ERROR  GET /api/v1/flag failed: fetch failed
04:39:18 ERROR  GET /api/v1/flag failed: fetch failed
04:39:19 WARN   api unreachable, retrying (attempt 2/5)
04:39:19 ERROR  connect ECONNREFUSED 127.0.0.1:3001
04:39:21 WARN   api unreachable, retrying (attempt 2/5)
04:39:21 WARN   api unreachable, retrying (attempt 5/5)
04:39:21 WARN   api unreachable, retrying (attempt 3/5)
04:39:28 ERROR  GET /api/v1/flag failed: fetch failed
04:39:29 ERROR  connect ECONNREFUSED 127.0.0.1:3001
04:39:29 ERROR  GET /api/v1/flag failed: fetch failed
04:39:33 ERROR  GET /api/v1/flag failed: fetch failed
04:39:33 WARN   api unreachable, retrying (attempt 4/5)
04:39:34 ERROR  GET /api/v1/flag failed: fetch failed
04:39:34 ERROR  connect ECONNREFUSED 127.0.0.1:3001
04:39:37 WARN   api unreachable, retrying (attempt 5/5)
04:39:39 ERROR  GET /api/v1/flag failed: fetch failed
04:39:39 WARN   api unreachable, retrying (attempt 2/5)
04:39:39 ERROR  GET /api/v1/flag failed: fetch failed
04:39:39 ERROR  GET /api/v1/flag failed: fetch failed
04:39:40 ERROR  connect ECONNREFUSED 127.0.0.1:3001
04:39:43 WARN   api unreachable, retrying (attempt 3/5)
04:39:45 ERROR  GET /api/v1/flag failed: fetch failed
04:39:49 ERROR  connect ECONNREFUSED 127.0.0.1:3001
04:39:49 WARN   api unreachable, retrying (attempt 2/5)
04:39:49 WARN   api unreachable, retrying (attempt 4/5)
04:39:50 ERROR  connect ECONNREFUSED 127.0.0.1:3001
04:39:51 WARN   api unreachable, retrying (attempt 1/5)
04:39:52 ERROR  GET /api/v1/flag failed: fetch failed
04:39:52 ERROR  GET /api/v1/flag failed: fetch failed
04:39:53 WARN   api unreachable, retrying (attempt 5/5)
04:39:53 WARN   api unreachable, retrying (attempt 1/5)
04:39:56 WARN   api unreachable, retrying (attempt 5/5)
04:40:01 ERROR  GET /api/v1/flag failed: fetch failed
04:40:02 ERROR  connect ECONNREFUSED 127.0.0.1:3001
04:40:03 ERROR  connect ECONNREFUSED 127.0.0.1:3001
04:40:05 ERROR  GET /api/v1/flag failed: fetch failed
04:40:05 WARN   api unreachable, retrying (attempt 2/5)
04:40:07 ERROR  GET /api/v1/flag failed: fetch failed
04:40:08 WARN   api unreachable, retrying (attempt 5/5)
04:40:09 ERROR  GET /api/v1/flag failed: fetch failed
04:40:17 ERROR  GET /api/v1/flag failed: fetch failed
04:40:18 WARN   api unreachable, retrying (attempt 4/5)
04:40:20 ERROR  connect ECONNREFUSED 127.0.0.1:3001
04:40:21 ERROR  connect ECONNREFUSED 127.0.0.1:3001
04:40:21 ERROR  connect ECONNREFUSED 127.0.0.1:3001
04:40:21 ERROR  connect ECONNREFUSED 127.0.0.1:3001
04:40:22 WARN   api unreachable, retrying (attempt 2/5)
04:40:23 ERROR  GET /api/v1/flag failed: fetch failed
04:40:23 ERROR  connect ECONNREFUSED 127.0.0.1:3001
04:40:23 WARN   api unreachable, retrying (attempt 1/5)
04:40:26 WARN   api unreachable, retrying (attempt 2/5)
04:40:27 ERROR  GET /api/v1/flag failed: fetch failed
04:40:29 ERROR  GET /api/v1/flag failed: fetch failed
04:40:31 ERROR  connect ECONNREFUSED 127.0.0.1:3001
04:40:34 ERROR  GET /api/v1/flag failed: fetch failed
04:40:34 ERROR  GET /api/v1/flag failed: fetch failed
04:40:34 ERROR  GET /api/v1/flag failed: fetch failed
04:40:34 WARN   api unreachable, retrying (attempt 2/5)
04:40:35 ERROR  connect ECONNREFUSED 127.0.0.1:3001
04:40:36 ERROR  connect ECONNREFUSED 127.0.0.1:3001
04:40:38 ERROR  GET /api/v1/flag failed: fetch failed
04:40:39 ERROR  connect ECONNREFUSED 127.0.0.1:3001
04:40:41 WARN   api unreachable, retrying (attempt 3/5)
04:40:42 ERROR  GET /api/v1/flag failed: fetch failed
04:40:43 ERROR  connect ECONNREFUSED 127.0.0.1:3001
04:40:46 ERROR  GET /api/v1/flag failed: fetch failed
04:40:47 ERROR  connect ECONNREFUSED 127.0.0.1:3001
04:40:49 ERROR  GET /api/v1/flag failed: fetch failed
04:40:50 ERROR  GET /api/v1/flag failed: fetch failed
04:40:50 WARN   api unreachable, retrying (attempt 5/5)
04:40:52 ERROR  GET /api/v1/flag failed: fetch failed
04:40:55 ERROR  connect ECONNREFUSED 127.0.0.1:3001
04:41:02 WARN   api unreachable, retrying (attempt 2/5)
04:41:02 WARN   api unreachable, retrying (attempt 3/5)
04:41:05 ERROR  connect ECONNREFUSED 127.0.0.1:3001
04:41:17 ERROR  connect ECONNREFUSED 127.0.0.1:3001
04:41:22 WARN   api unreachable, retrying (attempt 2/5)
04:41:22 WARN   api unreachable, retrying (attempt 4/5)
04:41:23 ERROR  connect ECONNREFUSED 127.0.0.1:3001
04:41:23 ERROR  GET /api/v1/flag failed: fetch failed
04:41:23 ERROR  connect ECONNREFUSED 127.0.0.1:3001
04:41:26 ERROR  GET /api/v1/flag failed: fetch failed
04:41:28 ERROR  GET /api/v1/flag failed: fetch failed
04:41:30 WARN   api unreachable, retrying (attempt 1/5)
04:41:33 ERROR  connect ECONNREFUSED 127.0.0.1:3001
04:41:34 ERROR  connect ECONNREFUSED 127.0.0.1:3001
04:41:36 WARN   api unreachable, retrying (attempt 1/5)
04:41:36 ERROR  GET /api/v1/flag failed: fetch failed
04:41:41 ERROR  connect ECONNREFUSED 127.0.0.1:3001
04:41:41 ERROR  connect ECONNREFUSED 127.0.0.1:3001
04:41:41 ERROR  connect ECONNREFUSED 127.0.0.1:3001
04:41:47 ERROR  GET /api/v1/flag failed: fetch failed
04:41:49 WARN   api unreachable, retrying (attempt 5/5)
04:41:49 ERROR  GET /api/v1/flag failed: fetch failed
04:41:52 ERROR  connect ECONNREFUSED 127.0.0.1:3001
04:41:52 WARN   api unreachable, retrying (attempt 4/5)
04:41:54 ERROR  connect ECONNREFUSED 127.0.0.1:3001
04:41:55 ERROR  connect ECONNREFUSED 127.0.0.1:3001
04:41:56 WARN   api unreachable, retrying (attempt 5/5)
04:41:57 ERROR  connect ECONNREFUSED 127.0.0.1:3001
04:41:57 WARN   api unreachable, retrying (attempt 3/5)
04:42:00 ERROR  connect ECONNREFUSED 127.0.0.1:3001
04:42:01 WARN   api unreachable, retrying (attempt 4/5)
04:42:06 WARN   api unreachable, retrying (attempt 2/5)
04:42:07 ERROR  GET /api/v1/flag failed: fetch failed
04:42:07 ERROR  connect ECONNREFUSED 127.0.0.1:3001
04:42:08 ERROR  GET /api/v1/flag failed: fetch failed
04:42:08 WARN   api unreachable, retrying (attempt 4/5)
04:42:08 WARN   api unreachable, retrying (attempt 3/5)
04:42:10 ERROR  GET /api/v1/flag failed: fetch failed
04:42:12 WARN   api unreachable, retrying (attempt 5/5)
04:42:14 ERROR  connect ECONNREFUSED 127.0.0.1:3001
04:42:14 WARN   api unreachable, retrying (attempt 3/5)
04:42:16 ERROR  GET /api/v1/flag failed: fetch failed
04:42:17 ERROR  connect ECONNREFUSED 127.0.0.1:3001
04:42:20 WARN   api unreachable, retrying (attempt 4/5)
04:42:21 ERROR  GET /api/v1/flag failed: fetch failed
04:42:23 ERROR  connect ECONNREFUSED 127.0.0.1:3001
04:42:23 WARN   api unreachable, retrying (attempt 4/5)
04:42:26 WARN   api unreachable, retrying (attempt 2/5)
04:42:28 ERROR  connect ECONNREFUSED 127.0.0.1:3001
04:42:29 ERROR  connect ECONNREFUSED 127.0.0.1:3001
04:42:29 ERROR  connect ECONNREFUSED 127.0.0.1:3001
04:42:30 ERROR  connect ECONNREFUSED 127.0.0.1:3001
04:42:31 ERROR  GET /api/v1/flag failed: fetch failed
04:42:32 ERROR  GET /api/v1/flag failed: fetch failed
04:42:33 WARN   api unreachable, retrying (attempt 4/5)
04:42:35 ERROR  GET /api/v1/flag failed: fetch failed
04:42:35 WARN   api unreachable, retrying (attempt 4/5)
04:42:36 WARN   api unreachable, retrying (attempt 5/5)
04:42:36 ERROR  GET /api/v1/flag failed: fetch failed
04:42:36 ERROR  connect ECONNREFUSED 127.0.0.1:3001
04:42:37 ERROR  GET /api/v1/flag failed: fetch failed
04:42:38 ERROR  connect ECONNREFUSED 127.0.0.1:3001
04:42:40 ERROR  GET /api/v1/flag failed: fetch failed
04:42:43 ERROR  GET /api/v1/flag failed: fetch failed
04:42:46 WARN   api unreachable, retrying (attempt 1/5)
04:42:47 ERROR  connect ECONNREFUSED 127.0.0.1:3001
04:42:48 ERROR  GET /api/v1/flag failed: fetch failed
04:42:49 ERROR  GET /api/v1/flag failed: fetch failed
04:42:50 ERROR  GET /api/v1/flag failed: fetch failed
04:42:50 ERROR  GET /api/v1/flag failed: fetch failed
04:42:51 ERROR  connect ECONNREFUSED 127.0.0.1:3001
04:42:53 ERROR  GET /api/v1/flag failed: fetch failed
04:42:53 ERROR  GET /api/v1/flag failed: fetch failed
04:42:54 WARN   api unreachable, retrying (attempt 2/5)
04:42:56 WARN   api unreachable, retrying (attempt 4/5)
04:43:01 WARN   api unreachable, retrying (attempt 1/5)
04:43:02 WARN   api unreachable, retrying (attempt 2/5)
04:43:04 ERROR  GET /api/v1/flag failed: fetch failed
04:43:07 ERROR  connect ECONNREFUSED 127.0.0.1:3001
04:43:11 ERROR  connect ECONNREFUSED 127.0.0.1:3001
04:43:12 ERROR  GET /api/v1/flag failed: fetch failed
04:43:12 WARN   api unreachable, retrying (attempt 1/5)
04:43:13 ERROR  connect ECONNREFUSED 127.0.0.1:3001
04:43:15 ERROR  connect ECONNREFUSED 127.0.0.1:3001
04:43:17 ERROR  connect ECONNREFUSED 127.0.0.1:3001
04:43:23 WARN   api unreachable, retrying (attempt 4/5)
04:43:24 ERROR  connect ECONNREFUSED 127.0.0.1:3001
04:43:24 ERROR  connect ECONNREFUSED 127.0.0.1:3001
04:43:27 ERROR  GET /api/v1/flag failed: fetch failed
04:43:28 WARN   api unreachable, retrying (attempt 3/5)
04:43:28 WARN   api unreachable, retrying (attempt 4/5)
04:43:29 WARN   api unreachable, retrying (attempt 2/5)
04:43:29 WARN   api unreachable, retrying (attempt 5/5)
04:43:30 ERROR  GET /api/v1/flag failed: fetch failed
04:43:31 WARN   api unreachable, retrying (attempt 1/5)
04:43:32 WARN   api unreachable, retrying (attempt 2/5)
04:43:32 ERROR  GET /api/v1/flag failed: fetch failed
04:43:34 WARN   api unreachable, retrying (attempt 2/5)
04:43:36 ERROR  GET /api/v1/flag failed: fetch failed
04:43:36 ERROR  connect ECONNREFUSED 127.0.0.1:3001
04:43:37 WARN   api unreachable, retrying (attempt 2/5)
04:43:41 WARN   api unreachable, retrying (attempt 5/5)
04:43:42 ERROR  connect ECONNREFUSED 127.0.0.1:3001
04:43:42 ERROR  GET /api/v1/flag failed: fetch failed
04:43:42 ERROR  GET /api/v1/flag failed: fetch failed
04:43:45 WARN   api unreachable, retrying (attempt 3/5)
04:43:50 ERROR  connect ECONNREFUSED 127.0.0.1:3001
04:43:54 WARN   api unreachable, retrying (attempt 4/5)
04:43:54 ERROR  connect ECONNREFUSED 127.0.0.1:3001
04:43:55 ERROR  connect ECONNREFUSED 127.0.0.1:3001
04:43:56 ERROR  GET /api/v1/flag failed: fetch failed
04:43:56 ERROR  connect ECONNREFUSED 127.0.0.1:3001
04:43:56 WARN   api unreachable, retrying (attempt 5/5)
04:43:57 ERROR  GET /api/v1/flag failed: fetch failed
04:43:59 WARN   api unreachable, retrying (attempt 3/5)
04:44:01 ERROR  connect ECONNREFUSED 127.0.0.1:3001
04:44:03 WARN   api unreachable, retrying (attempt 3/5)
04:44:06 ERROR  connect ECONNREFUSED 127.0.0.1:3001
04:44:06 WARN   api unreachable, retrying (attempt 4/5)
04:44:07 WARN   api unreachable, retrying (attempt 4/5)
04:44:08 ERROR  GET /api/v1/flag failed: fetch failed
04:44:10 ERROR  GET /api/v1/flag failed: fetch failed
04:44:12 ERROR  GET /api/v1/flag failed: fetch failed
04:44:12 WARN   api unreachable, retrying (attempt 4/5)
04:44:14 WARN   api unreachable, retrying (attempt 2/5)
04:44:15 ERROR  connect ECONNREFUSED 127.0.0.1:3001
04:44:17 ERROR  connect ECONNREFUSED 127.0.0.1:3001
04:44:18 ERROR  GET /api/v1/flag failed: fetch failed
04:44:22 ERROR  GET /api/v1/flag failed: fetch failed
04:44:24 WARN   api unreachable, retrying (attempt 4/5)
04:44:26 ERROR  GET /api/v1/flag failed: fetch failed
04:44:28 ERROR  GET /api/v1/flag failed: fetch failed
04:44:29 WARN   api unreachable, retrying (attempt 3/5)
04:44:30 ERROR  GET /api/v1/flag failed: fetch failed
04:44:32 WARN   api unreachable, retrying (attempt 2/5)
04:44:32 ERROR  connect ECONNREFUSED 127.0.0.1:3001
04:44:32 ERROR  connect ECONNREFUSED 127.0.0.1:3001
04:44:33 ERROR  GET /api/v1/flag failed: fetch failed
04:44:36 ERROR  connect ECONNREFUSED 127.0.0.1:3001
04:44:39 ERROR  GET /api/v1/flag failed: fetch failed
04:44:40 ERROR  connect ECONNREFUSED 127.0.0.1:3001
04:44:42 ERROR  connect ECONNREFUSED 127.0.0.1:3001
04:44:44 ERROR  GET /api/v1/flag failed: fetch failed
04:44:44 ERROR  GET /api/v1/flag failed: fetch failed
04:44:45 ERROR  GET /api/v1/flag failed: fetch failed
04:44:45 ERROR  GET /api/v1/flag failed: fetch failed
04:44:46 ERROR  connect ECONNREFUSED 127.0.0.1:3001
04:44:48 ERROR  GET /api/v1/flag failed: fetch failed
04:44:49 WARN   api unreachable, retrying (attempt 3/5)
04:44:49 WARN   api unreachable, retrying (attempt 4/5)
04:44:50 WARN   api unreachable, retrying (attempt 1/5)
04:44:50 ERROR  GET /api/v1/flag failed: fetch failed
04:44:52 ERROR  connect ECONNREFUSED 127.0.0.1:3001
04:44:53 WARN   api unreachable, retrying (attempt 3/5)
04:44:54 ERROR  connect ECONNREFUSED 127.0.0.1:3001
04:44:59 ERROR  GET /api/v1/flag failed: fetch failed
04:45:01 WARN   api unreachable, retrying (attempt 2/5)
04:45:01 ERROR  GET /api/v1/flag failed: fetch failed
04:45:02 ERROR  GET /api/v1/flag failed: fetch failed
04:45:03 ERROR  GET /api/v1/flag failed: fetch failed
04:45:10 ERROR  connect ECONNREFUSED 127.0.0.1:3001
04:45:11 WARN   api unreachable, retrying (attempt 2/5)
04:45:12 ERROR  connect ECONNREFUSED 127.0.0.1:3001
04:45:12 ERROR  GET /api/v1/flag failed: fetch failed
04:45:15 WARN   api unreachable, retrying (attempt 5/5)
04:45:16 ERROR  GET /api/v1/flag failed: fetch failed
04:45:17 ERROR  GET /api/v1/flag failed: fetch failed
04:45:17 ERROR  GET /api/v1/flag failed: fetch failed
04:45:18 ERROR  connect ECONNREFUSED 127.0.0.1:3001
04:45:19 ERROR  GET /api/v1/flag failed: fetch failed
04:45:19 ERROR  GET /api/v1/flag failed: fetch failed
04:45:20 ERROR  GET /api/v1/flag failed: fetch failed
04:45:22 ERROR  connect ECONNREFUSED 127.0.0.1:3001
04:45:23 WARN   api unreachable, retrying (attempt 4/5)
04:45:24 ERROR  connect ECONNREFUSED 127.0.0.1:3001
04:45:24 WARN   api unreachable, retrying (attempt 1/5)
04:45:25 WARN   api unreachable, retrying (attempt 2/5)
04:45:25 WARN   api unreachable, retrying (attempt 3/5)
04:45:26 ERROR  GET /api/v1/flag failed: fetch failed
04:45:28 ERROR  connect ECONNREFUSED 127.0.0.1:3001
04:45:29 WARN   api unreachable, retrying (attempt 4/5)
04:45:29 ERROR  connect ECONNREFUSED 127.0.0.1:3001
04:45:30 WARN   api unreachable, retrying (attempt 3/5)
04:45:31 ERROR  connect ECONNREFUSED 127.0.0.1:3001
04:45:33 ERROR  GET /api/v1/flag failed: fetch failed
04:45:34 ERROR  connect ECONNREFUSED 127.0.0.1:3001
04:45:36 ERROR  GET /api/v1/flag failed: fetch failed
04:45:37 ERROR  connect ECONNREFUSED 127.0.0.1:3001
04:45:41 WARN   api unreachable, retrying (attempt 1/5)
04:45:41 ERROR  connect ECONNREFUSED 127.0.0.1:3001
04:45:42 WARN   api unreachable, retrying (attempt 1/5)
04:45:48 ERROR  GET /api/v1/flag failed: fetch failed
04:45:49 ERROR  GET /api/v1/flag failed: fetch failed
04:45:50 ERROR  GET /api/v1/flag failed: fetch failed
04:45:50 WARN   api unreachable, retrying (attempt 5/5)
04:45:52 WARN   api unreachable, retrying (attempt 2/5)
04:45:56 ERROR  GET /api/v1/flag failed: fetch failed
04:45:56 ERROR  connect ECONNREFUSED 127.0.0.1:3001
04:45:58 WARN   api unreachable, retrying (attempt 5/5)
04:46:01 ERROR  connect ECONNREFUSED 127.0.0.1:3001
04:46:01 WARN   api unreachable, retrying (attempt 1/5)
04:46:02 ERROR  connect ECONNREFUSED 127.0.0.1:3001
04:46:04 WARN   api unreachable, retrying (attempt 4/5)
04:46:05 WARN   api unreachable, retrying (attempt 5/5)
04:46:06 ERROR  GET /api/v1/flag failed: fetch failed
04:46:06 WARN   api unreachable, retrying (attempt 3/5)
04:46:11 ERROR  GET /api/v1/flag failed: fetch failed
04:46:12 ERROR  GET /api/v1/flag failed: fetch failed
04:46:14 ERROR  connect ECONNREFUSED 127.0.0.1:3001
04:46:14 ERROR  GET /api/v1/flag failed: fetch failed
04:46:15 ERROR  connect ECONNREFUSED 127.0.0.1:3001
04:46:17 ERROR  connect ECONNREFUSED 127.0.0.1:3001
04:46:22 ERROR  GET /api/v1/flag failed: fetch failed
04:46:24 ERROR  connect ECONNREFUSED 127.0.0.1:3001
04:46:24 ERROR  connect ECONNREFUSED 127.0.0.1:3001
04:46:24 ERROR  connect ECONNREFUSED 127.0.0.1:3001
04:46:24 ERROR  GET /api/v1/flag failed: fetch failed
04:46:25 ERROR  connect ECONNREFUSED 127.0.0.1:3001
04:46:29 ERROR  connect ECONNREFUSED 127.0.0.1:3001
04:46:30 WARN   api unreachable, retrying (attempt 5/5)
04:46:31 ERROR  connect ECONNREFUSED 127.0.0.1:3001
04:46:31 ERROR  connect ECONNREFUSED 127.0.0.1:3001
04:46:31 WARN   api unreachable, retrying (attempt 5/5)
04:46:33 ERROR  connect ECONNREFUSED 127.0.0.1:3001
04:46:41 ERROR  GET /api/v1/flag failed: fetch failed
04:46:41 ERROR  connect ECONNREFUSED 127.0.0.1:3001
04:46:42 ERROR  connect ECONNREFUSED 127.0.0.1:3001
04:46:43 ERROR  connect ECONNREFUSED 127.0.0.1:3001
04:46:44 WARN   api unreachable, retrying (attempt 2/5)
04:46:47 ERROR  connect ECONNREFUSED 127.0.0.1:3001
04:46:48 WARN   api unreachable, retrying (attempt 1/5)
04:46:48 ERROR  connect ECONNREFUSED 127.0.0.1:3001
04:46:48 ERROR  GET /api/v1/flag failed: fetch failed
04:46:49 WARN   api unreachable, retrying (attempt 3/5)
04:46:52 ERROR  GET /api/v1/flag failed: fetch failed
04:46:52 WARN   api unreachable, retrying (attempt 1/5)
04:46:54 ERROR  connect ECONNREFUSED 127.0.0.1:3001
04:46:59 ERROR  connect ECONNREFUSED 127.0.0.1:3001
04:46:59 ERROR  connect ECONNREFUSED 127.0.0.1:3001
04:46:59 ERROR  connect ECONNREFUSED 127.0.0.1:3001
04:47:01 ERROR  GET /api/v1/flag failed: fetch failed
04:47:03 ERROR  connect ECONNREFUSED 127.0.0.1:3001
04:47:07 ERROR  GET /api/v1/flag failed: fetch failed
04:47:07 ERROR  GET /api/v1/flag failed: fetch failed
04:47:09 ERROR  connect ECONNREFUSED 127.0.0.1:3001
04:47:10 WARN   api unreachable, retrying (attempt 5/5)
04:47:11 ERROR  GET /api/v1/flag failed: fetch failed
04:47:11 WARN   api unreachable, retrying (attempt 1/5)
04:47:12 ERROR  connect ECONNREFUSED 127.0.0.1:3001
04:47:15 ERROR  GET /api/v1/flag failed: fetch failed
04:47:17 ERROR  GET /api/v1/flag failed: fetch failed
04:47:17 ERROR  GET /api/v1/flag failed: fetch failed
04:47:17 ERROR  GET /api/v1/flag failed: fetch failed
04:47:18 WARN   api unreachable, retrying (attempt 4/5)
04:47:18 WARN   api unreachable, retrying (attempt 2/5)
04:47:22 ERROR  connect ECONNREFUSED 127.0.0.1:3001
04:47:22 WARN   api unreachable, retrying (attempt 2/5)
04:47:22 WARN   api unreachable, retrying (attempt 2/5)
04:47:22 ERROR  GET /api/v1/flag failed: fetch failed
04:47:27 WARN   api unreachable, retrying (attempt 3/5)
04:47:28 ERROR  GET /api/v1/flag failed: fetch failed
04:47:28 ERROR  GET /api/v1/flag failed: fetch failed
04:47:32 ERROR  GET /api/v1/flag failed: fetch failed
04:47:34 ERROR  GET /api/v1/flag failed: fetch failed
04:47:36 ERROR  connect ECONNREFUSED 127.0.0.1:3001
04:47:40 ERROR  connect ECONNREFUSED 127.0.0.1:3001
04:47:41 WARN   api unreachable, retrying (attempt 3/5)
04:47:41 ERROR  GET /api/v1/flag failed: fetch failed
04:47:42 WARN   api unreachable, retrying (attempt 2/5)
04:47:42 ERROR  connect ECONNREFUSED 127.0.0.1:3001
04:47:43 ERROR  connect ECONNREFUSED 127.0.0.1:3001
04:47:46 ERROR  connect ECONNREFUSED 127.0.0.1:3001
04:47:46 WARN   api unreachable, retrying (attempt 5/5)
04:47:47 WARN   api unreachable, retrying (attempt 2/5)
04:47:47 ERROR  connect ECONNREFUSED 127.0.0.1:3001
04:47:48 ERROR  GET /api/v1/flag failed: fetch failed
04:47:51 WARN   api unreachable, retrying (attempt 3/5)
04:47:51 ERROR  connect ECONNREFUSED 127.0.0.1:3001
04:47:52 ERROR  connect ECONNREFUSED 127.0.0.1:3001
04:47:53 ERROR  connect ECONNREFUSED 127.0.0.1:3001
04:48:01 ERROR  connect ECONNREFUSED 127.0.0.1:3001
04:48:02 ERROR  GET /api/v1/flag failed: fetch failed
04:48:09 WARN   api unreachable, retrying (attempt 4/5)
04:48:11 ERROR  GET /api/v1/flag failed: fetch failed
04:48:12 WARN   api unreachable, retrying (attempt 5/5)
04:48:13 ERROR  connect ECONNREFUSED 127.0.0.1:3001
04:48:13 WARN   api unreachable, retrying (attempt 5/5)
04:48:16 ERROR  connect ECONNREFUSED 127.0.0.1:3001
04:48:17 WARN   api unreachable, retrying (attempt 2/5)
04:48:17 WARN   api unreachable, retrying (attempt 1/5)
04:48:25 ERROR  connect ECONNREFUSED 127.0.0.1:3001
04:48:25 WARN   api unreachable, retrying (attempt 2/5)
04:48:26 WARN   api unreachable, retrying (attempt 5/5)
04:48:27 ERROR  connect ECONNREFUSED 127.0.0.1:3001
04:48:30 ERROR  GET /api/v1/flag failed: fetch failed
04:48:31 WARN   api unreachable, retrying (attempt 5/5)
04:48:32 ERROR  connect ECONNREFUSED 127.0.0.1:3001
04:48:32 WARN   api unreachable, retrying (attempt 1/5)
04:48:34 WARN   api unreachable, retrying (attempt 5/5)
04:48:35 WARN   api unreachable, retrying (attempt 1/5)
04:48:35 WARN   api unreachable, retrying (attempt 4/5)
04:48:35 ERROR  connect ECONNREFUSED 127.0.0.1:3001
04:48:38 ERROR  connect ECONNREFUSED 127.0.0.1:3001
04:48:38 ERROR  connect ECONNREFUSED 127.0.0.1:3001
04:48:38 ERROR  connect ECONNREFUSED 127.0.0.1:3001
04:48:39 ERROR  GET /api/v1/flag failed: fetch failed
04:48:41 ERROR  connect ECONNREFUSED 127.0.0.1:3001
04:48:41 ERROR  GET /api/v1/flag failed: fetch failed
04:48:43 ERROR  connect ECONNREFUSED 127.0.0.1:3001
04:48:45 ERROR  GET /api/v1/flag failed: fetch failed
04:48:46 ERROR  GET /api/v1/flag failed: fetch failed
04:48:47 ERROR  connect ECONNREFUSED 127.0.0.1:3001
04:48:47 ERROR  connect ECONNREFUSED 127.0.0.1:3001
04:48:48 WARN   api unreachable, retrying (attempt 1/5)
04:48:52 WARN   api unreachable, retrying (attempt 2/5)
04:48:54 ERROR  GET /api/v1/flag failed: fetch failed
04:48:54 ERROR  GET /api/v1/flag failed: fetch failed
04:48:55 WARN   api unreachable, retrying (attempt 2/5)
04:48:58 ERROR  GET /api/v1/flag failed: fetch failed
04:48:58 ERROR  GET /api/v1/flag failed: fetch failed
04:48:59 WARN   api unreachable, retrying (attempt 3/5)
04:49:01 ERROR  GET /api/v1/flag failed: fetch failed
04:49:01 WARN   api unreachable, retrying (attempt 1/5)
04:49:02 ERROR  connect ECONNREFUSED 127.0.0.1:3001
04:49:03 WARN   api unreachable, retrying (attempt 4/5)
04:49:04 WARN   api unreachable, retrying (attempt 1/5)
04:49:05 WARN   api unreachable, retrying (attempt 2/5)
04:49:12 ERROR  GET /api/v1/flag failed: fetch failed
04:49:16 WARN   api unreachable, retrying (attempt 3/5)
04:49:16 WARN   api unreachable, retrying (attempt 2/5)
04:49:17 WARN   api unreachable, retrying (attempt 4/5)
04:49:17 WARN   api unreachable, retrying (attempt 2/5)
04:49:22 ERROR  GET /api/v1/flag failed: fetch failed
04:49:25 ERROR  connect ECONNREFUSED 127.0.0.1:3001
04:49:25 ERROR  GET /api/v1/flag failed: fetch failed
04:49:25 ERROR  connect ECONNREFUSED 127.0.0.1:3001
04:49:25 ERROR  GET /api/v1/flag failed: fetch failed
04:49:27 ERROR  connect ECONNREFUSED 127.0.0.1:3001
04:49:28 ERROR  connect ECONNREFUSED 127.0.0.1:3001
04:49:29 ERROR  connect ECONNREFUSED 127.0.0.1:3001
04:49:29 WARN   api unreachable, retrying (attempt 1/5)
04:49:32 WARN   api unreachable, retrying (attempt 1/5)
04:49:37 ERROR  GET /api/v1/flag failed: fetch failed
04:49:40 WARN   api unreachable, retrying (attempt 2/5)
04:49:42 ERROR  GET /api/v1/flag failed: fetch failed
04:49:47 ERROR  connect ECONNREFUSED 127.0.0.1:3001
04:49:48 ERROR  connect ECONNREFUSED 127.0.0.1:3001
04:49:50 ERROR  connect ECONNREFUSED 127.0.0.1:3001
04:49:51 ERROR  connect ECONNREFUSED 127.0.0.1:3001
04:49:51 ERROR  connect ECONNREFUSED 127.0.0.1:3001
04:49:53 ERROR  connect ECONNREFUSED 127.0.0.1:3001
04:49:54 ERROR  GET /api/v1/flag failed: fetch failed
04:49:56 WARN   api unreachable, retrying (attempt 4/5)
04:49:57 ERROR  GET /api/v1/flag failed: fetch failed
04:49:58 ERROR  GET /api/v1/flag failed: fetch failed
04:50:04 WARN   api unreachable, retrying (attempt 1/5)
04:50:05 ERROR  GET /api/v1/flag failed: fetch failed
04:50:08 ERROR  connect ECONNREFUSED 127.0.0.1:3001
04:50:12 ERROR  GET /api/v1/flag failed: fetch failed
04:50:13 ERROR  connect ECONNREFUSED 127.0.0.1:3001
04:50:14 ERROR  GET /api/v1/flag failed: fetch failed
04:50:14 WARN   api unreachable, retrying (attempt 3/5)
04:50:14 ERROR  GET /api/v1/flag failed: fetch failed
04:50:15 ERROR  GET /api/v1/flag failed: fetch failed
04:50:16 ERROR  connect ECONNREFUSED 127.0.0.1:3001
04:50:18 ERROR  connect ECONNREFUSED 127.0.0.1:3001
04:50:19 ERROR  connect ECONNREFUSED 127.0.0.1:3001
04:50:19 ERROR  connect ECONNREFUSED 127.0.0.1:3001
04:50:22 ERROR  connect ECONNREFUSED 127.0.0.1:3001
04:50:23 ERROR  GET /api/v1/flag failed: fetch failed
04:50:24 WARN   api unreachable, retrying (attempt 3/5)
04:50:25 ERROR  GET /api/v1/flag failed: fetch failed
04:50:26 WARN   api unreachable, retrying (attempt 2/5)
04:50:27 ERROR  GET /api/v1/flag failed: fetch failed
04:50:27 ERROR  GET /api/v1/flag failed: fetch failed
04:50:28 ERROR  connect ECONNREFUSED 127.0.0.1:3001
04:50:35 ERROR  connect ECONNREFUSED 127.0.0.1:3001
04:50:35 WARN   api unreachable, retrying (attempt 4/5)
04:50:36 ERROR  connect ECONNREFUSED 127.0.0.1:3001
04:50:38 ERROR  GET /api/v1/flag failed: fetch failed
04:50:38 WARN   api unreachable, retrying (attempt 5/5)
04:50:39 WARN   api unreachable, retrying (attempt 5/5)
04:50:40 ERROR  connect ECONNREFUSED 127.0.0.1:3001
04:50:41 ERROR  connect ECONNREFUSED 127.0.0.1:3001
04:50:41 ERROR  GET /api/v1/flag failed: fetch failed
04:50:44 ERROR  GET /api/v1/flag failed: fetch failed
04:50:44 WARN   api unreachable, retrying (attempt 3/5)
04:50:44 ERROR  connect ECONNREFUSED 127.0.0.1:3001
04:50:46 WARN   api unreachable, retrying (attempt 5/5)
04:50:47 ERROR  connect ECONNREFUSED 127.0.0.1:3001
04:50:47 ERROR  GET /api/v1/flag failed: fetch failed
04:50:51 ERROR  connect ECONNREFUSED 127.0.0.1:3001
04:50:54 WARN   api unreachable, retrying (attempt 2/5)
04:50:54 WARN   api unreachable, retrying (attempt 1/5)
04:50:56 ERROR  connect ECONNREFUSED 127.0.0.1:3001
04:50:56 ERROR  GET /api/v1/flag failed: fetch failed
04:51:01 WARN   api unreachable, retrying (attempt 5/5)
04:51:02 ERROR  GET /api/v1/flag failed: fetch failed
04:51:02 ERROR  GET /api/v1/flag failed: fetch failed
04:51:03 ERROR  connect ECONNREFUSED 127.0.0.1:3001
04:51:06 ERROR  connect ECONNREFUSED 127.0.0.1:3001
04:51:06 ERROR  connect ECONNREFUSED 127.0.0.1:3001
04:51:07 ERROR  GET /api/v1/flag failed: fetch failed
04:51:07 ERROR  GET /api/v1/flag failed: fetch failed
04:51:09 ERROR  connect ECONNREFUSED 127.0.0.1:3001
04:51:11 ERROR  connect ECONNREFUSED 127.0.0.1:3001
04:51:13 ERROR  GET /api/v1/flag failed: fetch failed
04:51:13 WARN   api unreachable, retrying (attempt 3/5)
04:51:13 ERROR  connect ECONNREFUSED 127.0.0.1:3001
04:51:14 ERROR  connect ECONNREFUSED 127.0.0.1:3001
04:51:14 ERROR  connect ECONNREFUSED 127.0.0.1:3001
04:51:15 ERROR  GET /api/v1/flag failed: fetch failed
04:51:16 WARN   api unreachable, retrying (attempt 5/5)
04:51:16 WARN   api unreachable, retrying (attempt 2/5)
04:51:16 ERROR  GET /api/v1/flag failed: fetch failed
04:51:17 WARN   api unreachable, retrying (attempt 1/5)
04:51:17 ERROR  connect ECONNREFUSED 127.0.0.1:3001
04:51:19 ERROR  GET /api/v1/flag failed: fetch failed
04:51:19 ERROR  GET /api/v1/flag failed: fetch failed
04:51:19 ERROR  GET /api/v1/flag failed: fetch failed
04:51:22 ERROR  GET /api/v1/flag failed: fetch failed
04:51:24 WARN   api unreachable, retrying (attempt 4/5)
04:51:24 WARN   api unreachable, retrying (attempt 2/5)
04:51:26 ERROR  GET /api/v1/flag failed: fetch failed
04:51:27 ERROR  GET /api/v1/flag failed: fetch failed
04:51:30 ERROR  GET /api/v1/flag failed: fetch failed
04:51:31 ERROR  GET /api/v1/flag failed: fetch failed
04:51:31 ERROR  GET /api/v1/flag failed: fetch failed
04:51:31 WARN   api unreachable, retrying (attempt 4/5)
04:51:35 ERROR  connect ECONNREFUSED 127.0.0.1:3001
04:51:37 WARN   api unreachable, retrying (attempt 5/5)
04:51:37 ERROR  connect ECONNREFUSED 127.0.0.1:3001
04:51:39 ERROR  GET /api/v1/flag failed: fetch failed
04:51:43 WARN   api unreachable, retrying (attempt 1/5)
04:51:44 ERROR  connect ECONNREFUSED 127.0.0.1:3001
04:51:47 ERROR  GET /api/v1/flag failed: fetch failed
04:51:47 ERROR  connect ECONNREFUSED 127.0.0.1:3001
04:51:47 WARN   api unreachable, retrying (attempt 3/5)
04:51:48 WARN   api unreachable, retrying (attempt 4/5)
04:51:48 WARN   api unreachable, retrying (attempt 4/5)
04:51:49 WARN   api unreachable, retrying (attempt 3/5)
04:51:50 WARN   api unreachable, retrying (attempt 3/5)
04:51:54 WARN   api unreachable, retrying (attempt 4/5)
04:51:55 WARN   api unreachable, retrying (attempt 2/5)
04:51:55 ERROR  GET /api/v1/flag failed: fetch failed
04:51:57 ERROR  connect ECONNREFUSED 127.0.0.1:3001
